{"type": "FeatureCollection", "metadata": {"crs": "EPSG:4326 (WGS84)", "note": "来源: DataV GeoAtlas 省界(GCJ-02), 已转换 WGS84 并 DP 简化(tol 0.008°)", "data_version": "v1.0.0", "created_at": "2026-09-30T19:44:31+00:00"}, "features": [{"type": "Feature", "properties": {"adcode": 110000, "name": "北京市", "count": 14}, "geometry": {"type": "Polygon", "coordinates": [[[117.34154239880836, 40.579743824007565], [117.38273452838436, 40.5601408495108], [117.42277669219318, 40.5747044909758], [117.40551114543048, 40.60378005911956], [117.46042808462899, 40.648384360598754], [117.49443056700588, 40.635310468244626], [117.50802908527234, 40.65896457884571], [117.48700563440688, 40.67388358475409], [117.40180232784849, 40.685521425885184], [117.3353856688551, 40.6724238960331], [117.3126638002369, 40.65657833103129], [117.20128776807825, 40.6933950379226], [117.10505868251312, 40.705953340577814], [117.00553122060892, 40.692488068050906], [116.95831293602083, 40.70850705735453], [116.92023744554308, 40.74395446610554], [116.91777557145726, 40.772515059462094], [116.841997194956, 40.83815291691998], [116.80682281503117, 40.84714300328717], [116.70702717382541, 40.90863426390495], [116.71563184949473, 40.92625825015699], [116.67138791510742, 40.969713427092444], [116.69226494773653, 41.020254431150235], [116.68181904468914, 41.04329197673595], [116.64127983837227, 41.05825792733268], [116.609315637893, 41.05198241755671], [116.61670004478748, 41.0199323844121], [116.59209407910649, 40.973432488264926], [116.56127577061066, 40.991480477956586], [116.4488144391434, 40.979453874223715], [116.44078937213965, 40.952329451655565], [116.47045443246817, 40.89860127128885], [116.3914600845, 40.90481900731636], [116.36376219202539, 40.94236347652279], [116.33302799985752, 40.92794885200005], [116.32750125820743, 40.90309047613734], [116.43154757991586, 40.817957669135986], [116.45934627651913, 40.77316540913641], [116.44699075957072, 40.76452603667018], [116.31031236049512, 40.770928878248846], [116.30478398366444, 40.75371486582509], [116.26665656139451, 40.761475822523536], [116.24078906274349, 40.79048898109167], [116.21366535437683, 40.74288386248732], [116.16489369646402, 40.69427381701725], [116.15625072302628, 40.66112505869547], [116.12722715367032, 40.66516339178447], [116.09207473240423, 40.629264394939625], [115.97592695860392, 40.577700689469545], [115.96548629857917, 40.601366314409674], [115.90153135507994, 40.61646617389376], [115.87872659953372, 40.594194405612235], [115.82130758511155, 40.58638487002293], [115.81327998499665, 40.55818067367529], [115.77808287201337, 40.55721515980843], [115.74848007975713, 40.539001634172], [115.72938775200099, 40.502146855731375], [115.7743885059238, 40.49214447296427], [115.76514083142963, 40.44249351664315], [115.8577766005401, 40.35829068713461], [115.91141931928368, 40.353292409670104], [115.9624613685589, 40.26279335557257], [115.89233879167153, 40.23318209878759], [115.86397161940577, 40.18468770581176], [115.84915506482517, 40.18741194584365], [115.84113232338356, 40.14575548542314], [115.79974618492069, 40.1520891618431], [115.76702749395716, 40.174928643794054], [115.74791682630523, 40.14425502781036], [115.59350963097931, 40.11834692277002], [115.5842701180148, 40.09498605888463], [115.52068307290395, 40.074722919039296], [115.44773513546338, 40.02822154544744], [115.44341696747071, 39.99105792203985], [115.42181327503498, 39.98276340828143], [115.4193501973688, 39.94879542049994], [115.47432465618284, 39.93421577954711], [115.51637930782155, 39.89759230370084], [115.50773105624155, 39.835975647689175], [115.56086968578094, 39.81493893950845], [115.54605574648834, 39.79329280944865], [115.49907970934336, 39.782588536841374], [115.47681646759297, 39.796787088792], [115.43665264583622, 39.78380646394912], [115.43295271335691, 39.75020036152555], [115.47991495769287, 39.74018286123856], [115.48487189753858, 39.66833194068506], [115.47188931223015, 39.64893363253264], [115.51579482788918, 39.63845701376078], [115.51147190172152, 39.59555285567299], [115.53928301980997, 39.617303406423055], [115.5806365911184, 39.5882969645233], [115.6612393741255, 39.61358644209527], [115.74615072346977, 39.51378875855325], [115.79983008278245, 39.50829907563655], [115.82206229207499, 39.53974009976749], [115.8615854562464, 39.544883340814145], [115.90905513448169, 39.58136392128801], [115.90412668116606, 39.59889806527641], [115.95088108328008, 39.5591481059455], [115.97175857586961, 39.59416396737929], [115.98894963904311, 39.57519468754992], [116.01964256712125, 39.585716685520225], [116.02947069241725, 39.57000093835811], [116.12367116208803, 39.56578282538497], [116.14527757248194, 39.581505261480025], [116.1922144480814, 39.58758757313537], [116.23417133994298, 39.56224875795187], [116.25143074983822, 39.49852886345312], [116.30064816565977, 39.48646228526417], [116.331380747139, 39.45359394764229], [116.42802863456025, 39.44059966410256], [116.44840097738704, 39.45126813769033], [116.43789914722277, 39.48036122050664], [116.4052055931678, 39.48078676702184], [116.39534166786515, 39.52605168677664], [116.4372781128164, 39.50807777839145], [116.43110363145693, 39.52469322246984], [116.47187189090208, 39.533557594921525], [116.46692435836538, 39.55108763310461], [116.50216322261885, 39.54934305307381], [116.51822902554277, 39.594614519493234], [116.58610918331391, 39.619633883221894], [116.61442434863558, 39.600250144696204], [116.71703786715811, 39.590858550608104], [116.70289661128552, 39.61624713146954], [116.74225944481626, 39.61806094196873], [116.78416314989455, 39.59410222502617], [116.8433853320535, 39.66614103616314], [116.90008139696266, 39.67586898742838], [116.8994645668127, 39.68646781136731], [116.88345670851106, 39.68600415015045], [116.88098757590072, 39.72377804003458], [116.91053319460262, 39.729764328845896], [116.89576258581238, 39.761998027085475], [116.9430935189759, 39.77713631205636], [116.91174853127923, 39.84480221367257], [116.90129239421876, 39.83101237383353], [116.8593993067214, 39.84248378746817], [116.80571621584116, 39.88835674282687], [116.77795771522597, 39.88969389266149], [116.77610147144433, 39.94618652758421], [116.75144991500112, 39.96636850960696], [116.77485685475955, 40.03336437685419], [116.81371973659276, 40.027003534891655], [116.82482465963302, 40.04994940625058], [116.86122379319596, 40.04038236146952], [116.92155823619868, 40.05368369837881], [116.93876194402367, 40.03990316698317], [117.01850064419162, 40.02867798880802], [117.04488168730985, 40.05795614027984], [117.09837319212087, 40.072574703260216], [117.13350558865538, 40.06252441464702], [117.15262881846658, 40.07538819845562], [117.1976737166514, 40.06813520186163], [117.2481959678766, 40.1130678954701], [117.2672687778243, 40.10435496280907], [117.30045229790343, 40.135448989655096], [117.34221995554527, 40.13491222157112], [117.3766349711788, 40.18658219816723], [117.38278240067199, 40.22636590210751], [117.34405004552515, 40.228241937210825], [117.32438551723261, 40.28814000192112], [117.28814483283394, 40.27678622596784], [117.23646299682834, 40.36812264005428], [117.21921294740979, 40.367657183343205], [117.2272168446913, 40.415998499072565], [117.2567655490514, 40.44106334935193], [117.20193170235865, 40.50024251771941], [117.25614038690821, 40.51164609794474], [117.24075010719284, 40.53849545852025], [117.26290109532145, 40.55941009914017], [117.34154239880836, 40.579743824007565]]]}}, {"type": "Feature", "properties": {"adcode": 120000, "name": "天津市", "count": 4}, "geometry": {"type": "Polygon", "coordinates": [[[117.75887122462875, 39.398642833680974], [117.86505882665614, 39.409900899186326], [117.86381870130242, 39.45335845915304], [117.89342148707755, 39.472788057306175], [117.9057367202944, 39.515747827237064], [117.89834292417866, 39.531912827723374], [117.92727143752371, 39.572511265137926], [117.86194929686798, 39.59512171232906], [117.7600778879894, 39.596814030522964], [117.73851383470162, 39.54604605262142], [117.70897041399715, 39.52806145286139], [117.70035382582542, 39.57423487331456], [117.6782207931959, 39.58719188373945], [117.64749424949028, 39.57340747739168], [117.6308920032416, 39.60158009935644], [117.662231165396, 39.66515853363415], [117.57115278677512, 39.72513253432011], [117.58902569117129, 39.74448133925968], [117.5544914428678, 39.75319967393551], [117.53966922169595, 39.77434599907819], [117.55510269652588, 39.798302814818314], [117.50133392574148, 39.900240097480456], [117.50812826794333, 39.94526964311747], [117.52790757550183, 39.95312782718223], [117.53963909312964, 39.99767183810869], [117.58837630074882, 39.99314012960917], [117.60808331392465, 39.97110700837937], [117.6843130830988, 39.98337499548936], [117.77483149349199, 39.964974595929796], [117.78655282842871, 40.0039931337055], [117.7618692412038, 40.02047883323266], [117.73721754422063, 40.0168051712632], [117.74090989391095, 40.045692999756106], [117.76926637391088, 40.05808230684423], [117.74583366765317, 40.08006905482095], [117.66832087796404, 40.08061692589324], [117.64496168227573, 40.12143013806726], [117.56985847713281, 40.17731995864027], [117.5649189558479, 40.21802354691354], [117.54207807221482, 40.23124578903228], [117.49819730279741, 40.225644434536584], [117.44318903550925, 40.2510955455805], [117.40864279817544, 40.24739361689466], [117.38278240067199, 40.22636590210751], [117.3766349711788, 40.18658219816723], [117.34221995554527, 40.13491222157112], [117.30045229790343, 40.135448989655096], [117.2672687778243, 40.10435496280907], [117.2481959678766, 40.1130678954701], [117.18533574766077, 40.06490730853536], [117.19151603551052, 39.99108702008737], [117.14400904536498, 39.943267179664346], [117.15574207102642, 39.874841946387974], [117.22113288482991, 39.85103998175098], [117.24084363049487, 39.8593229527674], [117.24515620870098, 39.83265590482685], [117.18536770208654, 39.83122131046979], [117.14958007328742, 39.81551897400608], [117.15081708553902, 39.79481976079977], [117.19894911862599, 39.762229523432374], [117.15514241698105, 39.7469608079243], [117.17120156246217, 39.64332640266151], [117.1459041311395, 39.62160779782607], [117.00935225361783, 39.65212595871334], [116.97685608865743, 39.63700979090262], [116.95784104999093, 39.641672746791], [116.9259056687971, 39.70487608228907], [116.90008139696266, 39.67586898742838], [116.8433853320535, 39.66614103616314], [116.80575174790343, 39.61397221042775], [116.80205437108826, 39.5747505835571], [116.7810848381895, 39.552565072811376], [116.81316734924383, 39.52676189781566], [116.81440754218772, 39.48057419326941], [116.77862955387279, 39.463882787752596], [116.8261384071929, 39.43391562243224], [116.86993242278183, 39.433058706005546], [116.83354579554539, 39.411734324862756], [116.83416735895767, 39.37658099297143], [116.81195284802278, 39.37191329026239], [116.82306492966202, 39.337223165942916], [116.86439451078985, 39.35580448990421], [116.88350102159382, 39.33638022845366], [116.86625254011315, 39.289598195504574], [116.87550597964338, 39.22426744830865], [116.84961120626915, 39.214036153740246], [116.86380350251056, 39.151899585697436], [116.90322501168058, 39.14913305527521], [116.9063065206505, 39.10921110635813], [116.86566557303045, 39.052992627462], [116.77683349529627, 39.04913175906374], [116.74787490912199, 39.03284602218895], [116.74849472890902, 39.00123346071998], [116.70175426618206, 38.9300844846534], [116.71713168823133, 38.85089095316443], [116.74482258241821, 38.82943783846909], [116.7312875937206, 38.782811698171614], [116.73990689764398, 38.75248182772625], [116.85275450291033, 38.73955987357712], [116.87125906444352, 38.67887769346174], [116.94261751647583, 38.687715237574466], [117.06165030918267, 38.678533847914174], [117.04875584057396, 38.637431866779], [117.06411823809607, 38.606081643048284], [117.10288446092704, 38.58267925833024], [117.1441867436638, 38.61593492867255], [117.17689061463905, 38.61646240601252], [117.20649778796658, 38.638014971837556], [117.25208917025539, 38.606242675750735], [117.23177488710392, 38.579112429796666], [117.24655600766422, 38.55431305403953], [117.36209912632552, 38.56257023100029], [117.47244952120346, 38.61459255969032], [117.63286378179266, 38.62508744541981], [117.65007141295453, 38.65871172371243], [117.72261920505393, 38.67821903839156], [117.73431451562375, 38.698297157341656], [117.73430751488141, 38.75198510663833], [117.64022025767449, 38.78711681409464], [117.63960130553035, 38.827219023201145], [117.74538360072786, 38.8457184300041], [117.77189325986926, 38.867166569201395], [117.84105363200298, 38.853767181950175], [117.89164025587088, 38.946953511060016], [117.84906803582238, 38.95575545547415], [117.83114576761147, 39.055229755121616], [117.86509640361399, 39.1207703052407], [117.9580566396836, 39.17082356010737], [117.97094929089312, 39.204184201087244], [118.05816176614489, 39.22899095379891], [118.05815839513295, 39.254020161776005], [118.02988262678421, 39.26288207821425], [118.01759581552245, 39.28746902202779], [117.97584851774613, 39.29685765180784], [117.95926666487283, 39.31311190695068], [117.84778483712421, 39.326587421736185], [117.8440747113703, 39.362221714723496], [117.80392920995648, 39.35289299187365], [117.79836930598073, 39.37139418760616], [117.77799703752743, 39.37506647296214], [117.73792380502948, 39.35283416067829], [117.66411615726697, 39.35617275588926], [117.66289159610916, 39.320994097966626], [117.58846192998365, 39.347469510780044], [117.52984313669695, 39.33628089774261], [117.51439038286175, 39.355217566452474], [117.59461208759143, 39.417790120052544], [117.60754295473934, 39.405297846823345], [117.662265161427, 39.41030347093078], [117.66657078755803, 39.3848553973338], [117.6929972730457, 39.40562186520083], [117.75887122462875, 39.398642833680974]]]}}, {"type": "Feature", "properties": {"adcode": 120000, "name": "天津市", "count": 4}, "geometry": {"type": "Polygon", "coordinates": [[[117.79836930598073, 39.37139418760616], [117.84592529613735, 39.37888231278422], [117.8403641846723, 39.40616491746351], [117.75887122462875, 39.398642833680974], [117.77799703752743, 39.37506647296214], [117.79836930598073, 39.37139418760616]]]}}, {"type": "Feature", "properties": {"adcode": 130000, "name": "河北省", "count": 13}, "geometry": {"type": "Polygon", "coordinates": [[[117.46042808462899, 40.648384360598754], [117.40551114543048, 40.60378005911956], [117.42277669219318, 40.5747044909758], [117.38273452838436, 40.5601408495108], [117.34154239880836, 40.579743824007565], [117.26290109532145, 40.55941009914017], [117.24075010719284, 40.53849545852025], [117.25614038690821, 40.51164609794474], [117.20193170235865, 40.50024251771941], [117.2567655490514, 40.44106334935193], [117.2272168446913, 40.415998499072565], [117.21921294740979, 40.367657183343205], [117.23646299682834, 40.36812264005428], [117.28814483283394, 40.27678622596784], [117.32438551723261, 40.28814000192112], [117.34405004552515, 40.228241937210825], [117.38278240067199, 40.22636590210751], [117.40864279817544, 40.24739361689466], [117.44318903550925, 40.2510955455805], [117.49819730279741, 40.225644434536584], [117.54207807221482, 40.23124578903228], [117.5649189558479, 40.21802354691354], [117.56985847713281, 40.17731995864027], [117.64496168227573, 40.12143013806726], [117.66832087796404, 40.08061692589324], [117.74583366765317, 40.08006905482095], [117.76926637391088, 40.05808230684423], [117.74090989391095, 40.045692999756106], [117.73721754422063, 40.0168051712632], [117.7618692412038, 40.02047883323266], [117.78655282842871, 40.0039931337055], [117.77483149349199, 39.964974595929796], [117.6843130830988, 39.98337499548936], [117.60808331392465, 39.97110700837937], [117.58837630074882, 39.99314012960917], [117.53963909312964, 39.99767183810869], [117.52790757550183, 39.95312782718223], [117.50812826794333, 39.94526964311747], [117.50133392574148, 39.900240097480456], [117.55510269652588, 39.798302814818314], [117.53966922169595, 39.77434599907819], [117.5544914428678, 39.75319967393551], [117.58902569117129, 39.74448133925968], [117.57115278677512, 39.72513253432011], [117.662231165396, 39.66515853363415], [117.6308920032416, 39.60158009935644], [117.64749424949028, 39.57340747739168], [117.6782207931959, 39.58719188373945], [117.70035382582542, 39.57423487331456], [117.70897041399715, 39.52806145286139], [117.73851383470162, 39.54604605262142], [117.7600778879894, 39.596814030522964], [117.86194929686798, 39.59512171232906], [117.92727143752371, 39.572511265137926], [117.89834292417866, 39.531912827723374], [117.9057367202944, 39.515747827237064], [117.89342148707755, 39.472788057306175], [117.86381870130242, 39.45335845915304], [117.86505882665614, 39.409900899186326], [117.8403641846723, 39.40616491746351], [117.84592529613735, 39.37888231278422], [117.79836930598073, 39.37139418760616], [117.80392920995648, 39.35289299187365], [117.8440747113703, 39.362221714723496], [117.84778483712421, 39.326587421736185], [117.95926666487283, 39.31311190695068], [117.97584851774613, 39.29685765180784], [118.01759581552245, 39.28746902202779], [118.02988262678421, 39.26288207821425], [118.05815839513295, 39.254020161776005], [118.05816176614489, 39.22899095379891], [118.02804583279094, 39.2165364615277], [118.01944989027663, 39.1998658923395], [118.06370135842701, 39.21182953018157], [118.1185497781925, 39.18075434740875], [118.21860264016021, 39.032786413335366], [118.31280009734341, 39.00761379984189], [118.35952344418766, 39.01403976918584], [118.37121768017168, 38.96984518895286], [118.4847752985716, 38.907157143167964], [118.5336190243146, 38.90822466097688], [118.5983841202287, 38.969729640121756], [118.56448079950307, 38.997621910682085], [118.52679862488941, 39.08910288039991], [118.58235060520215, 39.105907371381385], [118.57248373140452, 39.12911418233201], [118.6309694030467, 39.15554421839092], [118.75457646590783, 39.13171869281315], [118.80824144978324, 39.1368889656416], [118.85144898667706, 39.16109791927914], [118.89091289395915, 39.149532976156955], [118.94503624896764, 39.176852757591526], [118.89029827498138, 39.1379307433871], [118.88413992209846, 39.11703949570952], [118.91984515995279, 39.121671012560554], [119.0174456617287, 39.184997934191756], [119.03155874604724, 39.20954050534107], [119.08934749767381, 39.24005810841833], [119.17878864083505, 39.34022099822744], [119.26632780714543, 39.36156707936125], [119.31059255342926, 39.40868885422226], [119.30997440749447, 39.43504672157865], [119.26323376910496, 39.496576125671105], [119.35972179327742, 39.733027921450756], [119.4676429829247, 39.81134989975939], [119.5301138506105, 39.8073869840952], [119.51403208735553, 39.838619127091256], [119.53443119113811, 39.88647731581478], [119.58197109931193, 39.909057322351416], [119.61401006609118, 39.903076887945616], [119.63615992481327, 39.92371781836418], [119.67551554239877, 39.92089027630106], [119.78085663699039, 39.94884704317951], [119.81421289426648, 39.977818013646555], [119.83646399804206, 39.95445024640093], [119.86611475559198, 39.959085024354806], [119.83954817893556, 39.99942966531852], [119.84819408172076, 40.03155092188626], [119.81049636225002, 40.04890575456134], [119.78084458434093, 40.0401489288744], [119.76602334624427, 40.079552455849786], [119.73025889147853, 40.10337021202464], [119.75429383931773, 40.13450932545761], [119.73948763599746, 40.20634959114196], [119.71054272707751, 40.194477815784595], [119.66563550523713, 40.2379939712896], [119.63304359462644, 40.23028082566009], [119.64533966309627, 40.27047893731214], [119.59177900998321, 40.33309437612493], [119.58067632549725, 40.37415747225208], [119.59854179232086, 40.4539282672457], [119.54732721483249, 40.50079040989407], [119.56584989292969, 40.52266312342866], [119.5528801581019, 40.546756801784575], [119.49723364150715, 40.55253184036731], [119.4712548133268, 40.53198650102473], [119.29568833502744, 40.528825366261046], [119.24954831048616, 40.54206578083824], [119.21379809514009, 40.56797506182036], [119.22427669322339, 40.60253082208178], [119.17120648093274, 40.607909587747066], [119.15577121147965, 40.59879271696766], [119.13786447122004, 40.63102016491361], [119.17798785618497, 40.67876662194633], [119.15884552458856, 40.69143889932749], [119.10825019642596, 40.66504259550496], [119.04794118750637, 40.66326456249868], [119.02153546913523, 40.691013245995826], [119.00435723377912, 40.68607076819231], [118.95465661638399, 40.71888160151528], [118.94360022701792, 40.74656945697038], [118.88885452652407, 40.75296784750853], [118.9011691244499, 40.77427080795548], [118.87220944939155, 40.78196457288599], [118.83950313301409, 40.82087528803215], [118.8666508937432, 40.84672099241711], [118.89560257321291, 40.95979931343714], [118.9103745865908, 40.968830251646935], [118.97057964778575, 40.957871534051954], [118.99388984018985, 40.965935208865275], [119.00676612575954, 41.00609412307624], [118.94540559242381, 41.01710266449494], [118.93065614791398, 41.05143119430158], [118.95829028552492, 41.0779883447828], [119.03068833690638, 41.066052110854486], [119.07369935500456, 41.09439249829234], [119.07430946978975, 41.13000356125835], [119.11928138597851, 41.13722269043007], [119.18223612150868, 41.19678208342497], [119.16309101661214, 41.221504689896214], [119.19766419816874, 41.22111462001601], [119.20259843383214, 41.24317078380052], [119.24266982636244, 41.27828358396592], [119.23280664355352, 41.31289822579554], [119.20505670087444, 41.30658170750865], [119.19086640320064, 41.281385516566786], [118.9429069626185, 41.31664123409574], [118.88446690945494, 41.299609208481705], [118.83819620626645, 41.34134772971882], [118.83695796814422, 41.373236696056836], [118.76352021340347, 41.35156592740543], [118.73518538882865, 41.32280553810535], [118.67062079507478, 41.348949809680654], [118.52155084289443, 41.353894283111444], [118.40538084397949, 41.33027231573812], [118.37335480823097, 41.310507249331614], [118.3419830683791, 41.34110752723607], [118.35427398128245, 41.38330567993565], [118.34197055741971, 41.426863708227984], [118.32045399743438, 41.44933564423152], [118.26510541516957, 41.47005113388238], [118.30876758884301, 41.51123082563236], [118.29585175140697, 41.55112826702829], [118.20837700979237, 41.59414131900648], [118.1997264646998, 41.64916347430338], [118.15215950155286, 41.674568947925344], [118.1484472167785, 41.71121320589109], [118.12559528954304, 41.73172919904663], [118.1329964066739, 41.782643779060656], [118.17129049333289, 41.813501134305824], [118.22932247633362, 41.80643873166181], [118.24042419146336, 41.77252267413195], [118.28536572428888, 41.7715961740864], [118.32838687524786, 41.8438015935293], [118.33329943636286, 41.8709883794152], [118.2619602412755, 41.92902263855596], [118.2994830510806, 41.93877137462855], [118.30685338217754, 41.98682979685757], [118.23299047462888, 42.02337209684554], [118.27979087566496, 42.032686310818995], [118.28962801552724, 42.056231854880245], [118.26563147893503, 42.08203438141533], [118.23236378421, 42.0913718829343], [118.20583714004597, 42.079799350273326], [118.21324676308377, 42.05714557464786], [118.18732000972834, 42.02999326491479], [118.10950338454384, 42.035651033514355], [118.14839185828252, 42.079701867902685], [118.09037893930119, 42.10362990216066], [118.08236702292879, 42.12139335719971], [118.09899820966993, 42.170653536493354], [117.970525873382, 42.22854944999261], [117.96745268072378, 42.2493840906518], [118.0405087719414, 42.27929520924742], [118.05280009449818, 42.29698005446518], [118.00181230006348, 42.34533897647926], [118.01715249170412, 42.3837607795187], [117.79050008248329, 42.58420415373571], [117.7942001862331, 42.61151287843387], [117.77259367201056, 42.617208002686205], [117.65996967096685, 42.58118921955069], [117.59354732381871, 42.60197260573442], [117.5299966011608, 42.601895176437225], [117.52320044319977, 42.589106730884396], [117.4681693326925, 42.601279678181605], [117.42802446935954, 42.58401725593035], [117.42679479003583, 42.555817813912185], [117.3799774760269, 42.51612524714158], [117.40275643206692, 42.51832678302366], [117.40584401410243, 42.470240963601476], [117.38306302700089, 42.460531659690076], [117.32529146433536, 42.459730258096855], [117.26815361585501, 42.480565919770555], [117.12821942264047, 42.467627523401354], [117.08816889321679, 42.48260608073794], [117.07279250321578, 42.462312638086914], [117.00956790569732, 42.454938396998266], [116.99853608331014, 42.43245219028585], [116.91508869102245, 42.402609648504274], [116.88001276365092, 42.365485427438415], [116.91203916027955, 42.22869913362226], [116.89666501640632, 42.18969290528581], [116.78257295715672, 42.19929538431583], [116.81836405365532, 42.154554590867754], [116.8436651049961, 42.15548730580171], [116.88374843539336, 42.09160341528971], [116.87328480507414, 42.017370797798996], [116.78938927811697, 41.97675322340707], [116.74193666674518, 41.98294700727817], [116.72102219405494, 41.95002116992489], [116.66265527615403, 41.946551139329664], [116.63255884822435, 41.92879301919389], [116.54695374395888, 41.927448941122215], [116.50431023929406, 41.97319852995652], [116.47586726072802, 41.97445030990633], [116.44682460943773, 41.94455160712121], [116.38638707966894, 41.94138122028824], [116.40732623894179, 41.980997727070864], [116.36668596100711, 42.00859565477073], [116.30338127582971, 41.99580501065083], [116.29170642811216, 41.96690139254151], [116.21720266547084, 41.93131493199451], [116.18758424005797, 41.860428587036395], [116.11594916006253, 41.86031210661413], [116.09991697409214, 41.82997859804485], [116.12212781657021, 41.80456633283075], [116.09191228823774, 41.775091642174566], [116.02732468415361, 41.781430456497525], [116.0003108453678, 41.796236326520045], [115.90997281815268, 41.94398683200954], [115.84644852689667, 41.92658165920604], [115.82791624003241, 41.93723716681829], [115.80444481473047, 41.911362266481646], [115.7193468747912, 41.868978687064114], [115.6812160063166, 41.86635879480375], [115.64741867510689, 41.82807391690552], [115.56738953990545, 41.80447689893669], [115.42279971743203, 41.72734967174073], [115.33970366442621, 41.71085992983228], [115.31206088223176, 41.690354517904105], [115.35384643906323, 41.65987697635687], [115.33848583896166, 41.63440881008171], [115.37045671268098, 41.60169839492664], [115.30347406871459, 41.59151663254855], [115.28318929411324, 41.621534444072275], [115.2592036960715, 41.614847455588404], [115.24997649275922, 41.57949163629054], [115.19696757329403, 41.57005492245478], [115.18832346212345, 41.60093070354737], [115.092077549872, 41.62228037487629], [115.04902815330146, 41.600840906451126], [115.00913110371827, 41.61391806723648], [114.8542155404191, 41.599802095488016], [114.88874042966677, 41.635182885879495], [114.89612306275413, 41.694653662690754], [114.88933739831782, 41.76657335985002], [114.86220640862669, 41.81252301718933], [114.91579868231203, 41.82413306331542], [114.93239378293015, 41.84507371135608], [114.9170224746435, 41.87006189415173], [114.89546269472513, 42.01478184415034], [114.8541522554263, 42.053875791766856], [114.8559974855964, 42.09697631902734], [114.81895331370275, 42.138649404305546], [114.78746916382113, 42.14835964175874], [114.78253599903931, 42.129711363648326], [114.7480108202553, 42.114590074315], [114.66867067116029, 42.11956377179808], [114.64102109795644, 42.10851516133712], [114.5535600163006, 42.131621075669706], [114.5041113402543, 42.109747131176135], [114.49545700773828, 42.066187902416345], [114.47318700550055, 42.063456233737156], [114.46082458454788, 42.024748472386364], [114.50474844400613, 41.980835661047585], [114.47134864891898, 41.950471971956794], [114.41204026594178, 41.94100921385416], [114.34492003089565, 41.95218314382095], [114.33631597048205, 41.92548121296952], [114.19344616199542, 41.788690189531216], [114.20827314047372, 41.755228637273966], [114.19962982594753, 41.737353476134345], [114.2304962480965, 41.69761768047471], [114.20828346099506, 41.68374389008424], [114.25208245115688, 41.622044767545546], [114.21940299733059, 41.615326193453505], [114.22373743744193, 41.512332231514435], [114.09404790571942, 41.53635545127874], [114.02512729743503, 41.528384811309564], [113.94651808270902, 41.48244355589959], [113.92622288617093, 41.48606676207512], [113.91268583557887, 41.45334673044674], [113.87076379057461, 41.43001528319803], [113.86397512908204, 41.412058773455136], [113.93792390106354, 41.39138711419337], [113.9182449791707, 41.3244911966961], [113.89237161464318, 41.31506698272827], [113.90778079640413, 41.29348669787511], [113.94408849398896, 41.28174574103066], [113.96437296977366, 41.23851464180851], [113.98524791770518, 41.26859420437822], [114.00920068184216, 41.23073249699644], [113.98955749789887, 41.19118000605847], [113.95393818055324, 41.170115949023554], [113.91334151565037, 41.17108581516837], [113.87080837259352, 41.1147586841393], [113.8121254556214, 41.096632190311674], [113.96625113520629, 40.98199782822758], [113.98775126189945, 40.93765378476157], [114.0504157105752, 40.923925544119456], [114.03443264895898, 40.9162722731599], [114.04796372902224, 40.86648670868294], [114.0664227912847, 40.85605007924668], [114.0375174080314, 40.82939184610168], [114.07320572485656, 40.78902593360595], [114.09723788738103, 40.79626769337374], [114.09600927473556, 40.769533024360605], [114.15529019874708, 40.71247315328676], [114.22941554264975, 40.60588369431131], [114.2762407827476, 40.58950507378196], [114.26701306976106, 40.55177652153122], [114.28670600718165, 40.55038836301961], [114.26024982903758, 40.473048449882896], [114.29287190011057, 40.43884578021956], [114.27934047161953, 40.42382693316957], [114.3051804772192, 40.3713514651301], [114.37406118560463, 40.36165825385329], [114.38329844442293, 40.349789023507725], [114.43201460766386, 40.37034428386462], [114.47466408827971, 40.34671809420971], [114.52414380716367, 40.34412196376805], [114.50436056281166, 40.30161313124306], [114.46292503793127, 40.2667786988097], [114.39933253447458, 40.24474816475062], [114.3556166953233, 40.248436172795074], [114.28613428986866, 40.22890394221883], [114.24857827751234, 40.23488113854909], [114.22885504735702, 40.19692496489615], [114.12880000399963, 40.17390110722426], [114.09054121546926, 40.192174682691814], [114.06590536344214, 40.16702505592184], [114.09487023180179, 40.09833210804003], [114.07946574418703, 40.069927250039754], [114.0388552682332, 40.05531759252753], [114.01120165944775, 40.10212979637186], [113.98233962723887, 40.11092013364068], [113.95225077775291, 40.03217870667367], [113.90364404614868, 40.01436365288096], [114.02227393342561, 39.984270975107535], [114.04010414472108, 39.91444331638558], [114.0603996302202, 39.92083732255602], [114.16714333330923, 39.896101531163644], [114.20544080924797, 39.917296324233384], [114.222725257317, 39.89801910012924], [114.19741769966265, 39.883746835249454], [114.20915209644728, 39.860322168319136], [114.38829214235504, 39.86566929932315], [114.40000488174256, 39.83164637623714], [114.38337064519344, 39.81739193944287], [114.40987787402227, 39.77414307870132], [114.40126208554652, 39.650231778583695], [114.42470712372369, 39.6119760420164], [114.48898806921011, 39.60659056363228], [114.50878636534925, 39.56327629152956], [114.56254223645365, 39.5721634694961], [114.52610933774604, 39.4843587818472], [114.4951900762957, 39.47503081526254], [114.49024714055452, 39.43665397111445], [114.46242216874496, 39.399119178613574], [114.45995817186719, 39.32784931644497], [114.42413008023476, 39.30555477926429], [114.43031031509368, 39.257384747758735], [114.40933150446034, 39.240679211261295], [114.46924716793282, 39.21436291293245], [114.43711397322488, 39.17208307156554], [114.38160788712885, 39.1748339938539], [114.35391955916361, 39.13217217686125], [114.36315088084802, 39.105697638445136], [114.33916802285206, 39.07322373424123], [114.24564874411793, 39.07195998198437], [114.17405198808287, 39.04726012368938], [114.15057009623317, 39.05929848148192], [114.10179513154185, 39.050409904916314], [114.0759029640747, 39.09129457771195], [114.05743436857452, 39.09224409777275], [114.04389821422136, 39.13405449165722], [113.99966460520513, 39.12117540762036], [113.98800073648003, 39.093814674811554], [113.95483159430282, 39.0990169489023], [113.92347332594595, 39.06191702193401], [113.89144025201045, 39.066116860244044], [113.80005614372254, 38.9878967271776], [113.76980051634142, 38.98506516943718], [113.76054914017287, 38.95807685074801], [113.76919658135583, 38.8840632085319], [113.78833736044196, 38.85892967046189], [113.84888510023674, 38.827344159561015], [113.82973798859813, 38.79420610817181], [113.83283237472834, 38.75689152628471], [113.79576112961927, 38.76149048298255], [113.76860233682497, 38.70824268906883], [113.71375191304467, 38.71151693367109], [113.69530175951581, 38.64987731680457], [113.60612324194277, 38.64441132018549], [113.59627670970143, 38.585497105578234], [113.55495938451534, 38.55692747843597], [113.53952620665933, 38.4913456783532], [113.57656927479101, 38.45812831881082], [113.53088453739558, 38.4163300777292], [113.51852524911259, 38.38158410294636], [113.550663975882, 38.341761499748195], [113.53770172898331, 38.26892533136525], [113.56364180475148, 38.235592252928086], [113.59200895519399, 38.22573297391673], [113.63632717421696, 38.230394826097545], [113.67199147558942, 38.20351899915577], [113.70458556377814, 38.21193166552973], [113.71382121400526, 38.172867750996524], [113.82487380839316, 38.1668309901117], [113.8044913444128, 38.11594202846042], [113.86997531619622, 38.053377048385954], [113.86566198080763, 37.988760290637664], [113.89465703950941, 37.983115402381365], [113.929768427901, 37.92124813371753], [113.95252258104139, 37.904672277618985], [113.97035153821626, 37.81482600525278], [113.99983069354364, 37.81142665123962], [114.03792602058327, 37.75975752553916], [113.99001530861274, 37.728179603948284], [113.98694730231391, 37.70498892278305], [114.06130299797093, 37.71948068307862], [114.12171486322957, 37.69627507838471], [114.13283205633618, 37.6735534735322], [114.10876379709664, 37.61760679441847], [114.1118528429504, 37.58868701856557], [114.0299693235174, 37.491962741286], [114.0078618641683, 37.422677753582846], [113.96732974946826, 37.40141342114827], [113.95627573832661, 37.353898816872956], [113.89597092167148, 37.30831243226695], [113.87994639752756, 37.237377059555946], [113.84661278310914, 37.213521824268014], [113.82561389787264, 37.16583089815153], [113.76632946941561, 37.150009043191915], [113.76695197588501, 37.10518017553664], [113.75153619399268, 37.073680226650154], [113.78177102816723, 37.05795473987624], [113.76511172464207, 37.01496550230118], [113.78486604799284, 36.985847011536954], [113.75463306413822, 36.95427972617092], [113.78611218238323, 36.89310207050658], [113.76636524670323, 36.85336332418899], [113.7250656300922, 36.85719001832992], [113.72506327048646, 36.87681048343311], [113.68998722496485, 36.88068248542003], [113.66969869513443, 36.85392075412034], [113.67400978046993, 36.78831062293889], [113.5934202354562, 36.75152397099754], [113.54282981416468, 36.75099410793151], [113.52923813162924, 36.73082942989793], [113.49275821707673, 36.738877933913706], [113.45813915141413, 36.70617396827118], [113.50018310031912, 36.70341538169082], [113.46988983466514, 36.653428601390836], [113.47978464918236, 36.633775497858046], [113.53790324830571, 36.62193268620365], [113.53296293113961, 36.59262484252145], [113.56322493294341, 36.58451285066243], [113.58235048423211, 36.54656280479422], [113.55335514231292, 36.52730358827837], [113.54780197452766, 36.49314639751735], [113.58051084828064, 36.459502682472404], [113.62916162848757, 36.44984908869596], [113.66360066657296, 36.423790679749544], [113.70172811095308, 36.421797229986666], [113.72450870884546, 36.36155397177255], [113.74853790040012, 36.364438297683165], [113.80656001879319, 36.33075868824685], [113.85042220526236, 36.32794356742624], [113.84300856479888, 36.34625217221844], [113.87572969727353, 36.35256086277342], [113.9047144651063, 36.31351298871041], [113.95639254664563, 36.3524871712934], [113.97544327512584, 36.31627486965446], [113.99632202889656, 36.33260748521605], [114.04978173158476, 36.327645234988836], [114.03687217017634, 36.30163018969176], [114.0737909971622, 36.26779825892072], [114.12250267046255, 36.278425347230794], [114.16944803285186, 36.26306020278581], [114.16389010913963, 36.24422551062898], [114.196630754108, 36.24380056751347], [114.20403709365095, 36.271321811971404], [114.23489104662463, 36.249628960854714], [114.25153118207172, 36.26217797128132], [114.29277691686445, 36.24427650219201], [114.33889533049265, 36.25384597801069], [114.34996812411671, 36.22872312168848], [114.40168538977554, 36.222888076709495], [114.41093623805075, 36.20405713790736], [114.45971825447234, 36.19592630691494], [114.47393920681547, 36.17615663802342], [114.5271175227451, 36.17002740203829], [114.58082770291988, 36.13966282057339], [114.58267955004088, 36.11693819467542], [114.634383518231, 36.13576092744775], [114.71429464101948, 36.13852551067652], [114.72844443401458, 36.15398159844691], [114.76540854986007, 36.12304514476415], [114.85180069531103, 36.12608177342097], [114.85241594307571, 36.14300441517053], [114.90665292012439, 36.13916929049442], [114.9208080385897, 36.087896790752154], [114.90850898415776, 36.050647658748225], [114.9920399144499, 36.06789159674962], [115.03990583793892, 36.110812428203566], [115.04235617783074, 36.16011973982219], [115.0564861114093, 36.17652355630844], [115.09832880298643, 36.17021429424249], [115.11866347583836, 36.207909739087626], [115.17790520384791, 36.191584046956265], [115.19518271466652, 36.20851905451162], [115.23587963296036, 36.189719719959506], [115.27281982990313, 36.13606042840144], [115.29618382009828, 36.12587381949056], [115.30663586184703, 36.08668078745645], [115.35948747254504, 36.09722733908446], [115.3705546426281, 36.12623138826129], [115.44451466282459, 36.15044033252201], [115.45871997909282, 36.168354347407295], [115.47726538761735, 36.147138860532536], [115.46859904484334, 36.24662437114029], [115.45623702441864, 36.27458421487223], [115.41056149702267, 36.29091681005898], [115.41672435770917, 36.320343164464596], [115.36007816368445, 36.30733870556423], [115.3625342636867, 36.34060777116569], [115.33363755129321, 36.396555608482586], [115.29123452721343, 36.41156573558041], [115.31089590245624, 36.45245687802717], [115.28508203588099, 36.45875727938251], [115.26662692059581, 36.495828384174345], [115.32501751502426, 36.54863009895676], [115.34897479289312, 36.6254527279509], [115.35942666649251, 36.62015531745252], [115.41359815122834, 36.6849309164112], [115.44506835494053, 36.70032710125547], [115.47348544775659, 36.75841124420017], [115.67756231385874, 36.80644590613486], [115.7058390514227, 36.88155450272515], [115.75140247766166, 36.900663636396786], [115.7908777327375, 36.96715835281259], [115.77050858746631, 36.991023781524], [115.85015406286148, 37.05896359560203], [115.88223686898155, 37.11053302780997], [115.87359754927002, 37.14915518471363], [115.90626363413219, 37.17538121969879], [115.90379737836255, 37.20492712861263], [115.96344759973218, 37.23769797478561], [115.96957724122974, 37.33525309663898], [116.01807654046628, 37.35793793513303], [116.16284327129166, 37.3821550509378], [116.18693112585507, 37.3636555258274], [116.23012416181345, 37.35942590674559], [116.27938300131855, 37.40219320138217], [116.2202500819608, 37.42596853652585], [116.2368952563735, 37.445931826752016], [116.21839442557727, 37.47774250090097], [116.23442475416432, 37.48772414051649], [116.27014637614869, 37.464917924049765], [116.28429362985716, 37.48199659722302], [116.27260108593511, 37.5228371598646], [116.2892055007019, 37.55223495874987], [116.3297700272328, 37.57919973279166], [116.36112345371112, 37.563969015800396], [116.37343059428703, 37.51982688866865], [116.42765665583418, 37.47093767415415], [116.44185007681378, 37.50087483413258], [116.59866354103701, 37.6231058758433], [116.65705926218884, 37.68415785054503], [116.67302511362922, 37.72674589298986], [116.71849669923998, 37.74229784301984], [116.74741439407426, 37.76831380333083], [116.74741167925566, 37.79102317913672], [116.79856647072907, 37.846870896392495], [116.83188819757976, 37.83322224185879], [116.91322571744016, 37.8441583507263], [117.02062602660646, 37.830187674305506], [117.06790371544514, 37.8466383163406], [117.26510527799634, 37.83781447567004], [117.31365348155492, 37.8594867465395], [117.39418466165837, 37.842361588579706], [117.43178419471049, 37.851843798316054], [117.50653702817472, 37.94131994809289], [117.51765772077862, 37.987604989030054], [117.58061293137985, 38.069768816760885], [117.69808955573541, 38.07433207623145], [117.73993237924076, 38.12329073789142], [117.76458597041456, 38.13271654159881], [117.76026671580726, 38.15672535711069], [117.80222323404988, 38.226413040923205], [117.94218654334055, 38.34489615053169], [117.95140098261535, 38.37444694455509], [117.93111419497394, 38.386217875809905], [117.83988030151703, 38.3664831935353], [117.77442549935924, 38.372006387760536], [117.72388335581957, 38.423130973591526], [117.71834049098668, 38.4554841275609], [117.67221985021706, 38.475237937456825], [117.63841019549068, 38.52588834612232], [117.67897322867744, 38.537516790090265], [117.63164433452648, 38.543220372046186], [117.63286378179266, 38.62508744541981], [117.47244952120346, 38.61459255969032], [117.36209912632552, 38.56257023100029], [117.24655600766422, 38.55431305403953], [117.23177488710392, 38.579112429796666], [117.25208917025539, 38.606242675750735], [117.20649778796658, 38.638014971837556], [117.17689061463905, 38.61646240601252], [117.1441867436638, 38.61593492867255], [117.10288446092704, 38.58267925833024], [117.06411823809607, 38.606081643048284], [117.04875584057396, 38.637431866779], [117.06165030918267, 38.678533847914174], [116.94507352177234, 38.687710102593144], [116.87125906444352, 38.67887769346174], [116.85275450291033, 38.73955987357712], [116.73990689764398, 38.75248182772625], [116.7312875937206, 38.782811698171614], [116.74482258241821, 38.82943783846909], [116.71713168823133, 38.85089095316443], [116.70175426618206, 38.9300844846534], [116.74849472890902, 39.00123346071998], [116.74787490912199, 39.03284602218895], [116.77683349529627, 39.04913175906374], [116.86566557303045, 39.052992627462], [116.9063065206505, 39.10921110635813], [116.90322501168058, 39.14913305527521], [116.86380350251056, 39.151899585697436], [116.84961120626915, 39.214036153740246], [116.87550597964338, 39.22426744830865], [116.86625254011315, 39.289598195504574], [116.88350102159382, 39.33638022845366], [116.86439451078985, 39.35580448990421], [116.82306492966202, 39.337223165942916], [116.81195284802278, 39.37191329026239], [116.83416735895767, 39.37658099297143], [116.83354579554539, 39.411734324862756], [116.86993242278183, 39.433058706005546], [116.8261384071929, 39.43391562243224], [116.77862955387279, 39.463882787752596], [116.81440754218772, 39.48057419326941], [116.81316734924383, 39.52676189781566], [116.7810848381895, 39.552565072811376], [116.80205437108826, 39.5747505835571], [116.80575174790343, 39.61397221042775], [116.78416314989455, 39.59410222502617], [116.74225944481626, 39.61806094196873], [116.70289661128552, 39.61624713146954], [116.71703786715811, 39.590858550608104], [116.61442434863558, 39.600250144696204], [116.58610918331391, 39.619633883221894], [116.51822902554277, 39.594614519493234], [116.50216322261885, 39.54934305307381], [116.46692435836538, 39.55108763310461], [116.47187189090208, 39.533557594921525], [116.43110363145693, 39.52469322246984], [116.4372781128164, 39.50807777839145], [116.39534166786515, 39.52605168677664], [116.4052055931678, 39.48078676702184], [116.43789914722277, 39.48036122050664], [116.44840097738704, 39.45126813769033], [116.42802863456025, 39.44059966410256], [116.331380747139, 39.45359394764229], [116.30064816565977, 39.48646228526417], [116.25143074983822, 39.49852886345312], [116.23417133994298, 39.56224875795187], [116.1922144480814, 39.58758757313537], [116.14527757248194, 39.581505261480025], [116.12367116208803, 39.56578282538497], [116.02947069241725, 39.57000093835811], [116.01964256712125, 39.585716685520225], [115.98894963904311, 39.57519468754992], [115.97175857586961, 39.59416396737929], [115.95088108328008, 39.5591481059455], [115.90412668116606, 39.59889806527641], [115.90905513448169, 39.58136392128801], [115.8615854562464, 39.544883340814145], [115.82206229207499, 39.53974009976749], [115.79983008278245, 39.50829907563655], [115.74615072346977, 39.51378875855325], [115.6612393741255, 39.61358644209527], [115.5806365911184, 39.5882969645233], [115.53928301980997, 39.617303406423055], [115.51147190172152, 39.59555285567299], [115.51579482788918, 39.63845701376078], [115.47188931223015, 39.64893363253264], [115.48487189753858, 39.66833194068506], [115.47991495769287, 39.74018286123856], [115.43295271335691, 39.75020036152555], [115.43665264583622, 39.78380646394912], [115.47681646759297, 39.796787088792], [115.49907970934336, 39.782588536841374], [115.54605574648834, 39.79329280944865], [115.56086968578094, 39.81493893950845], [115.50773105624155, 39.835975647689175], [115.51637930782155, 39.89759230370084], [115.47432465618284, 39.93421577954711], [115.4193501973688, 39.94879542049994], [115.42181327503498, 39.98276340828143], [115.44341696747071, 39.99105792203985], [115.44773513546338, 40.02822154544744], [115.52068307290395, 40.074722919039296], [115.5842701180148, 40.09498605888463], [115.59350963097931, 40.11834692277002], [115.74791682630523, 40.14425502781036], [115.76702749395716, 40.174928643794054], [115.79974618492069, 40.1520891618431], [115.84113232338356, 40.14575548542314], [115.84915506482517, 40.18741194584365], [115.86397161940577, 40.18468770581176], [115.89233879167153, 40.23318209878759], [115.9624613685589, 40.26279335557257], [115.91141931928368, 40.353292409670104], [115.8577766005401, 40.35829068713461], [115.76514083142963, 40.44249351664315], [115.7743885059238, 40.49214447296427], [115.72938775200099, 40.502146855731375], [115.74848007975713, 40.539001634172], [115.77808287201337, 40.55721515980843], [115.81327998499665, 40.55818067367529], [115.82130758511155, 40.58638487002293], [115.87872659953372, 40.594194405612235], [115.90153135507994, 40.61646617389376], [115.96548629857917, 40.601366314409674], [115.97592695860392, 40.577700689469545], [116.09207473240423, 40.629264394939625], [116.12722715367032, 40.66516339178447], [116.15625072302628, 40.66112505869547], [116.16489369646402, 40.69427381701725], [116.21366535437683, 40.74288386248732], [116.24078906274349, 40.79048898109167], [116.26665656139451, 40.761475822523536], [116.30478398366444, 40.75371486582509], [116.31031236049512, 40.770928878248846], [116.44699075957072, 40.76452603667018], [116.45934627651913, 40.77316540913641], [116.43154757991586, 40.817957669135986], [116.32750125820743, 40.90309047613734], [116.33302799985752, 40.92794885200005], [116.36376219202539, 40.94236347652279], [116.3914600845, 40.90481900731636], [116.47045443246817, 40.89860127128885], [116.44078937213965, 40.952329451655565], [116.4488144391434, 40.979453874223715], [116.56127577061066, 40.991480477956586], [116.59209407910649, 40.973432488264926], [116.61670004478748, 41.0199323844121], [116.609315637893, 41.05198241755671], [116.64127983837227, 41.05825792733268], [116.68181904468914, 41.04329197673595], [116.69226494773653, 41.020254431150235], [116.67138791510742, 40.969713427092444], [116.71563184949473, 40.92625825015699], [116.70702717382541, 40.90863426390495], [116.80682281503117, 40.84714300328717], [116.841997194956, 40.83815291691998], [116.91777557145726, 40.772515059462094], [116.92023744554308, 40.74395446610554], [116.95831293602083, 40.70850705735453], [117.00553122060892, 40.692488068050906], [117.10505868251312, 40.705953340577814], [117.20128776807825, 40.6933950379226], [117.3126638002369, 40.65657833103129], [117.3353856688551, 40.6724238960331], [117.40180232784849, 40.685521425885184], [117.48700563440688, 40.67388358475409], [117.50802908527234, 40.65896457884571], [117.49443056700588, 40.635310468244626], [117.46042808462899, 40.648384360598754]]]}}, {"type": "Feature", "properties": {"adcode": 130000, "name": "河北省", "count": 13}, "geometry": {"type": "Polygon", "coordinates": [[[117.20322239157983, 40.080515621232394], [117.1976737166514, 40.06813520186163], [117.15262881846658, 40.07538819845562], [117.13350558865538, 40.06252441464702], [117.09837319212087, 40.072574703260216], [117.04488168730985, 40.05795614027984], [117.01850064419162, 40.02867798880802], [116.93876194402367, 40.03990316698317], [116.92155823619868, 40.05368369837881], [116.86122379319596, 40.04038236146952], [116.82482465963302, 40.04994940625058], [116.81371973659276, 40.027003534891655], [116.77485685475955, 40.03336437685419], [116.75144991500112, 39.96636850960696], [116.77610147144433, 39.94618652758421], [116.77795771522597, 39.88969389266149], [116.80571621584116, 39.88835674282687], [116.8593993067214, 39.84248378746817], [116.90129239421876, 39.83101237383353], [116.91174853127923, 39.84480221367257], [116.9430935189759, 39.77713631205636], [116.89576258581238, 39.761998027085475], [116.91053319460262, 39.729764328845896], [116.88098757590072, 39.72377804003458], [116.88345670851106, 39.68600415015045], [116.9259056687971, 39.70487608228907], [116.95784104999093, 39.641672746791], [116.97685608865743, 39.63700979090262], [117.00935225361783, 39.65212595871334], [117.1459041311395, 39.62160779782607], [117.17120156246217, 39.64332640266151], [117.15514241698105, 39.7469608079243], [117.19894911862599, 39.762229523432374], [117.15081708553902, 39.79481976079977], [117.14958007328742, 39.81551897400608], [117.18536770208654, 39.83122131046979], [117.24515620870098, 39.83265590482685], [117.24084363049487, 39.8593229527674], [117.22113288482991, 39.85103998175098], [117.15574207102642, 39.874841946387974], [117.14400904536498, 39.943267179664346], [117.19151603551052, 39.99108702008737], [117.18533574766077, 40.06490730853536], [117.20322239157983, 40.080515621232394]]]}}, {"type": "Feature", "properties": {"adcode": 130000, "name": "河北省", "count": 13}, "geometry": {"type": "Polygon", "coordinates": [[[117.77799703752743, 39.37506647296214], [117.75887122462875, 39.398642833680974], [117.6929972730457, 39.40562186520083], [117.66657078755803, 39.3848553973338], [117.662265161427, 39.41030347093078], [117.60754295473934, 39.405297846823345], [117.59461208759143, 39.417790120052544], [117.51439038286175, 39.355217566452474], [117.52984313669695, 39.33628089774261], [117.58846192998365, 39.347469510780044], [117.66289159610916, 39.320994097966626], [117.66411615726697, 39.35617275588926], [117.73792380502948, 39.35283416067829], [117.77799703752743, 39.37506647296214]]]}}, {"type": "Feature", "properties": {"adcode": 130000, "name": "河北省", "count": 13}, "geometry": {"type": "Polygon", "coordinates": [[[118.8631740358669, 39.14115945478947], [118.813801805572, 39.10672379309032], [118.85145712051796, 39.09703942676825], [118.8631740358669, 39.14115945478947]]]}}, {"type": "Feature", "properties": {"adcode": 140000, "name": "山西省", "count": 7}, "geometry": {"type": "Polygon", "coordinates": [[[110.37348514227311, 34.59882704837147], [110.41904994891385, 34.58650799885583], [110.4826277085783, 34.60930810120448], [110.52772682127375, 34.58184609587965], [110.6053884973282, 34.60607291610637], [110.70429522061143, 34.603454112409686], [110.7436428023769, 34.65070306696307], [110.7861437725802, 34.64827120211577], [110.81883008298793, 34.614346687653445], [110.87801102942942, 34.64250669043507], [110.89770813735109, 34.66762039604049], [110.91430734645859, 34.7286247390981], [110.97017553549442, 34.70490410538099], [111.02903716466564, 34.739161755452095], [111.11201577768776, 34.75481876655486], [111.14221118193083, 34.80597217120931], [111.226681033178, 34.78791985395404], [111.24883963783088, 34.81789713809799], [111.28573101248209, 34.80509027626096], [111.33915999389286, 34.8300477728163], [111.38279860816489, 34.81329066577238], [111.43269127327362, 34.83640292517365], [111.49630002660108, 34.82821356166496], [111.5376862084479, 34.85189948941914], [111.56421983687525, 34.84163286648866], [111.64053221776368, 34.9373087072724], [111.67555458290215, 34.94950492345912], [111.65773280861283, 34.98288163683468], [111.80055047419755, 35.03134202760097], [111.80363292847733, 35.06073822055711], [111.92695409190661, 35.08189384456051], [111.97119224701518, 35.065635693842545], [112.01231852206614, 35.066982024509336], [112.03258485415199, 35.04390706924773], [112.05532201073514, 35.054146301909256], [112.05961511285825, 35.151552081677565], [112.03318273757132, 35.192198399592], [112.07191195080179, 35.21755608338759], [112.05222260850398, 35.27817558546994], [112.2107098615011, 35.25143199627779], [112.23599222092723, 35.232879583771535], [112.29814626946457, 35.24993097782486], [112.28154777907966, 35.21818942666657], [112.3608463398126, 35.218052255178605], [112.38422391465747, 35.237092315686176], [112.50706435271974, 35.21678270533158], [112.63098563716636, 35.22422502396468], [112.62175937342653, 35.26186686671911], [112.71394914475312, 35.204530418887956], [112.766279685407, 35.2059892417838], [112.81562125838381, 35.2564031593304], [112.87792673456433, 35.24232597518775], [112.92777714115533, 35.26136447939002], [112.92961880229703, 35.28285698059802], [112.9854817440273, 35.294442583390364], [112.97934242316606, 35.33791692648328], [112.98976898510075, 35.3603378455502], [113.11947415301734, 35.33037977803322], [113.14229575427002, 35.34896135891168], [113.15833390533722, 35.4109542283805], [113.1787022990877, 35.407577905649525], [113.1830183224357, 35.44708461360537], [113.2366679435577, 35.44763116585523], [113.2975809182182, 35.42515018713665], [113.30556413851114, 35.47924932535903], [113.3412087166859, 35.46650944579846], [113.38487463917782, 35.50495464877188], [113.4323418215796, 35.505468841437605], [113.49228194236012, 35.530462446946586], [113.50711832200211, 35.571897244018366], [113.55160671568505, 35.62018822781069], [113.54110326347488, 35.65519412690154], [113.57197166836595, 35.63189157575343], [113.61879517193543, 35.63091015954911], [113.61632842197393, 35.67322864724002], [113.58614737553513, 35.6902586724291], [113.58121025950874, 35.73497255962589], [113.59845909543989, 35.79617608000477], [113.57626866613964, 35.816562996404755], [113.6544460710997, 35.83542557711747], [113.63107302347238, 35.868460469146854], [113.64767197255752, 35.930020862549725], [113.64212988276499, 35.99253905847613], [113.6722590662749, 35.98424775347023], [113.68824262222321, 36.025382264455786], [113.6538085738839, 36.033193565070405], [113.679015210663, 36.054443354640505], [113.6648663996912, 36.11397666448099], [113.64887971721673, 36.123677753924355], [113.70606983201593, 36.127928659183425], [113.69930015099327, 36.147275562480694], [113.64456923458073, 36.17298976090472], [113.69130010417047, 36.180150746250206], [113.67530700551183, 36.21495951260115], [113.70974689157482, 36.26076873086177], [113.70543417134954, 36.30178635360939], [113.72944056890624, 36.322983722630646], [113.72450870884546, 36.36155397177255], [113.70172811095308, 36.421797229986666], [113.66360066657296, 36.423790679749544], [113.62916162848757, 36.44984908869596], [113.58051084828064, 36.459502682472404], [113.54780197452766, 36.49314639751735], [113.55335514231292, 36.52730358827837], [113.58235048423211, 36.54656280479422], [113.56322493294341, 36.58451285066243], [113.53296293113961, 36.59262484252145], [113.53790324830571, 36.62193268620365], [113.47978464918236, 36.633775497858046], [113.46988983466514, 36.653428601390836], [113.50018310031912, 36.70341538169082], [113.45813915141413, 36.70617396827118], [113.49275821707673, 36.738877933913706], [113.52923813162924, 36.73082942989793], [113.54282981416468, 36.75099410793151], [113.5934202354562, 36.75152397099754], [113.67400978046993, 36.78831062293889], [113.66969869513443, 36.85392075412034], [113.68998722496485, 36.88068248542003], [113.72506327048646, 36.87681048343311], [113.7250656300922, 36.85719001832992], [113.76636524670323, 36.85336332418899], [113.78611218238323, 36.89310207050658], [113.75463306413822, 36.95427972617092], [113.78486604799284, 36.985847011536954], [113.76511172464207, 37.01496550230118], [113.78177102816723, 37.05795473987624], [113.75153619399268, 37.073680226650154], [113.76695197588501, 37.10518017553664], [113.76632946941561, 37.150009043191915], [113.82561389787264, 37.16583089815153], [113.84661278310914, 37.213521824268014], [113.87994639752756, 37.237377059555946], [113.89597092167148, 37.30831243226695], [113.95627573832661, 37.353898816872956], [113.96732974946826, 37.40141342114827], [114.0078618641683, 37.422677753582846], [114.0299693235174, 37.491962741286], [114.1118528429504, 37.58868701856557], [114.10876379709664, 37.61760679441847], [114.13283205633618, 37.6735534735322], [114.12171486322957, 37.69627507838471], [114.06130299797093, 37.71948068307862], [113.98694730231391, 37.70498892278305], [113.99001530861274, 37.728179603948284], [114.03792602058327, 37.75975752553916], [113.99983069354364, 37.81142665123962], [113.97035153821626, 37.81482600525278], [113.95252258104139, 37.904672277618985], [113.929768427901, 37.92124813371753], [113.89465703950941, 37.983115402381365], [113.86566198080763, 37.988760290637664], [113.86997531619622, 38.053377048385954], [113.8044913444128, 38.11594202846042], [113.82487380839316, 38.1668309901117], [113.71382121400526, 38.172867750996524], [113.70458556377814, 38.21193166552973], [113.67199147558942, 38.20351899915577], [113.63632717421696, 38.230394826097545], [113.59200895519399, 38.22573297391673], [113.56364180475148, 38.235592252928086], [113.53770172898331, 38.26892533136525], [113.550663975882, 38.341761499748195], [113.51852524911259, 38.38158410294636], [113.53088453739558, 38.4163300777292], [113.57656927479101, 38.45812831881082], [113.53952620665933, 38.4913456783532], [113.55495938451534, 38.55692747843597], [113.59627670970143, 38.585497105578234], [113.60612324194277, 38.64441132018549], [113.69530175951581, 38.64987731680457], [113.71375191304467, 38.71151693367109], [113.76860233682497, 38.70824268906883], [113.79576112961927, 38.76149048298255], [113.83283237472834, 38.75689152628471], [113.82973798859813, 38.79420610817181], [113.84888510023674, 38.827344159561015], [113.78833736044196, 38.85892967046189], [113.76919658135583, 38.8840632085319], [113.76054914017287, 38.95807685074801], [113.76980051634142, 38.98506516943718], [113.80005614372254, 38.9878967271776], [113.89144025201045, 39.066116860244044], [113.92347332594595, 39.06191702193401], [113.95483159430282, 39.0990169489023], [113.98800073648003, 39.093814674811554], [113.99966460520513, 39.12117540762036], [114.04389821422136, 39.13405449165722], [114.05743436857452, 39.09224409777275], [114.0759029640747, 39.09129457771195], [114.10179513154185, 39.050409904916314], [114.15057009623317, 39.05929848148192], [114.17405198808287, 39.04726012368938], [114.24564874411793, 39.07195998198437], [114.33916802285206, 39.07322373424123], [114.36315088084802, 39.105697638445136], [114.35391955916361, 39.13217217686125], [114.38160788712885, 39.1748339938539], [114.43711397322488, 39.17208307156554], [114.46924716793282, 39.21436291293245], [114.40933150446034, 39.240679211261295], [114.43031031509368, 39.257384747758735], [114.42413008023476, 39.30555477926429], [114.45995817186719, 39.32784931644497], [114.46242216874496, 39.399119178613574], [114.49024714055452, 39.43665397111445], [114.4951900762957, 39.47503081526254], [114.52610933774604, 39.4843587818472], [114.56254223645365, 39.5721634694961], [114.50878636534925, 39.56327629152956], [114.48898806921011, 39.60659056363228], [114.42470712372369, 39.6119760420164], [114.40126208554652, 39.650231778583695], [114.40987787402227, 39.77414307870132], [114.38337064519344, 39.81739193944287], [114.40000488174256, 39.83164637623714], [114.38829214235504, 39.86566929932315], [114.20915209644728, 39.860322168319136], [114.19741769966265, 39.883746835249454], [114.222725257317, 39.89801910012924], [114.20544080924797, 39.917296324233384], [114.16714333330923, 39.896101531163644], [114.0603996302202, 39.92083732255602], [114.04010414472108, 39.91444331638558], [114.02227393342561, 39.984270975107535], [113.90364404614868, 40.01436365288096], [113.95225077775291, 40.03217870667367], [113.98233962723887, 40.11092013364068], [114.01120165944775, 40.10212979637186], [114.0388552682332, 40.05531759252753], [114.07946574418703, 40.069927250039754], [114.09487023180179, 40.09833210804003], [114.06590536344214, 40.16702505592184], [114.09054121546926, 40.192174682691814], [114.12880000399963, 40.17390110722426], [114.22885504735702, 40.19692496489615], [114.24857827751234, 40.23488113854909], [114.28613428986866, 40.22890394221883], [114.3556166953233, 40.248436172795074], [114.39933253447458, 40.24474816475062], [114.46292503793127, 40.2667786988097], [114.50436056281166, 40.30161313124306], [114.52414380716367, 40.34412196376805], [114.47466408827971, 40.34671809420971], [114.43201460766386, 40.37034428386462], [114.38329844442293, 40.349789023507725], [114.37406118560463, 40.36165825385329], [114.3051804772192, 40.3713514651301], [114.27934047161953, 40.42382693316957], [114.29287190011057, 40.43884578021956], [114.26024982903758, 40.473048449882896], [114.28670600718165, 40.55038836301961], [114.26701306976106, 40.55177652153122], [114.2762407827476, 40.58950507378196], [114.22941554264975, 40.60588369431131], [114.1274862347099, 40.736012147743814], [114.07752510502, 40.72828196458501], [114.05659783280504, 40.705624551798124], [114.06521798599364, 40.67793274506308], [114.03447647720927, 40.60759620509895], [114.06954137308082, 40.574355574650916], [114.0732401827216, 40.54661250490824], [114.05477825069751, 40.527528567459164], [113.94173579606047, 40.51371876247698], [113.8832390344517, 40.46550689336839], [113.84372695471524, 40.45953982041939], [113.78749594322345, 40.5168081650293], [113.7560250322826, 40.472619072756714], [113.68153013016119, 40.44717336611865], [113.55286870589717, 40.347413306024194], [113.37993677258238, 40.31787425281646], [113.30924417288772, 40.31844163763927], [113.24404257422002, 40.41203479175775], [113.02594303922766, 40.36771340144831], [112.8914771664331, 40.328298804924536], [112.84155377574373, 40.20579757341432], [112.73733276991263, 40.16586822754823], [112.62300670581519, 40.23464310803538], [112.50459400025964, 40.26788045350702], [112.44895714768104, 40.29878786407234], [112.41069504056036, 40.29370709262422], [112.34177376308787, 40.25583753679437], [112.30306061639799, 40.25499696810272], [112.29261792216506, 40.20975654849236], [112.22552720818054, 40.16862491495934], [112.22491556474897, 40.132006037889], [112.1761689037608, 40.08247294782241], [112.17493679295306, 40.06001485365583], [112.13480417507519, 40.02555830944695], [112.00560148965315, 39.825893040998444], [111.96325951275793, 39.79519861786251], [111.95283475136638, 39.69116683654529], [111.91841792296943, 39.66588252973125], [111.93133842090252, 39.62160389580398], [111.87222684091645, 39.6045580013131], [111.83581329726273, 39.618805368810854], [111.77655558401743, 39.587337291235876], [111.71556980008592, 39.604403136828246], [111.65226697787583, 39.64002021947699], [111.6184663043016, 39.63223403110748], [111.49016340484098, 39.66018343500102], [111.43828032474327, 39.63838242810468], [111.45371802163307, 39.60521027626534], [111.43396760785137, 39.595020451706176], [111.41486039726192, 39.537305489657186], [111.42411099065536, 39.50683758963478], [111.36502211708824, 39.477272403267236], [111.35151061568865, 39.430607888643955], [111.33001806761845, 39.41908726492976], [111.16511038842464, 39.421421199268984], [111.13612477465121, 39.406110113455796], [111.11887127249216, 39.3644510284551], [111.15216539711402, 39.360799166732704], [111.14846745575663, 39.33672439906006], [111.17930721677249, 39.34974147863938], [111.17252564203531, 39.32519524766709], [111.19534716338747, 39.30347025346794], [111.24093803482843, 39.300730684877855], [111.15650929743003, 39.15088210791926], [111.16699789309915, 39.13326579603963], [111.14048082917868, 39.098861363433066], [111.13123696023881, 39.062617117778856], [111.08751276060724, 39.0281973685579], [111.03161972959963, 39.01851306539403], [110.99177223794955, 38.99677454305175], [110.97400007747528, 38.96845497681787], [111.00342594824706, 38.93113828589291], [111.01017460347532, 38.888282207236166], [110.98933710167327, 38.866451439228896], [111.00282331790287, 38.845907928913775], [110.9586969830565, 38.75416740692386], [110.90896749828629, 38.70290001757938], [110.91020077556928, 38.672536538969176], [110.87451127765968, 38.6253282728322], [110.8923715478994, 38.58558410493872], [110.91389918411248, 38.58043024151549], [110.90160810159958, 38.51958972836815], [110.8646664930044, 38.50880062765138], [110.86837061904477, 38.45211097611325], [110.83446317694447, 38.43846502171963], [110.79067179648754, 38.451982882224755], [110.77156616159746, 38.439301886630275], [110.74078812359599, 38.364704276551876], [110.69530297142457, 38.351603755826474], [110.65539705522504, 38.30706760259792], [110.57177050030393, 38.29585672400269], [110.56006692894373, 38.21357715365396], [110.52241801771996, 38.21020658289599], [110.50326813115575, 38.19039265854253], [110.51377865307101, 38.129228700701766], [110.4958625763675, 38.09620397464702], [110.50205187746286, 38.01136805267112], [110.52244221239447, 37.98878125559297], [110.51688608869914, 37.953370212727464], [110.58844100202722, 37.92043480925218], [110.67448733216439, 37.788452564811216], [110.72978287880055, 37.76850582316439], [110.74455179720354, 37.7344253182792], [110.7107308168493, 37.72687208227234], [110.70028869351076, 37.70368513376257], [110.76918750722477, 37.679032238070015], [110.78706410850502, 37.64873049270707], [110.75749023872466, 37.63780167867414], [110.76550150509136, 37.592770139005786], [110.78892397695118, 37.556748491832074], [110.76489171738002, 37.53632021893679], [110.75319809717548, 37.47270263770208], [110.73412415719368, 37.447530130258336], [110.63829645517444, 37.433422826969895], [110.62478758629804, 37.37117944633499], [110.63584815011293, 37.35832401607754], [110.68927182391509, 37.347763856143914], [110.67269640001007, 37.3159220836485], [110.68436628777704, 37.28544364056713], [110.6561227723118, 37.28026122655884], [110.5848250576943, 37.18555470728801], [110.52932630053469, 37.13637133646157], [110.52994625916217, 37.11348088188601], [110.45458441262117, 37.04311986876957], [110.41140480130827, 37.0253863181754], [110.42065220513425, 37.00676788130705], [110.37692886304183, 37.02013646910343], [110.37570065736375, 37.00055457047921], [110.41819087940006, 36.96185247506097], [110.40279451816801, 36.89059695170317], [110.37017892167206, 36.88056370177308], [110.41820246854505, 36.85376032780651], [110.40095388795605, 36.82311173091926], [110.41758997231398, 36.81641711866649], [110.40157503480103, 36.77425438885987], [110.44103681140518, 36.73595476638092], [110.43240423614176, 36.68414459668596], [110.3966565283081, 36.69562932758562], [110.38865627349874, 36.67500173517983], [110.49108171962928, 36.58058503797794], [110.4830518678572, 36.55509243871074], [110.4978880620695, 36.48685317600863], [110.46699905958234, 36.45163451876674], [110.48368290368927, 36.42857354620918], [110.4540434440809, 36.326341569849504], [110.46824977598362, 36.30515819027164], [110.46825579364676, 36.24677197587652], [110.4503490931191, 36.225001137523776], [110.4410968288812, 36.16266522632664], [110.46209731538775, 36.07325154081342], [110.48619411103446, 36.03314788453439], [110.48681617511699, 35.99247396513787], [110.51091574773386, 35.97026043865475], [110.49670714830792, 35.945989318460235], [110.51092107809072, 35.916946979470744], [110.50598192079744, 35.87813636260749], [110.54365331706028, 35.876292342316766], [110.54489159389276, 35.83650858724092], [110.56586578707471, 35.799163990152316], [110.57203841029451, 35.70006227576201], [110.60406035049193, 35.63052418406512], [110.5621918836205, 35.538021847095685], [110.52578518244434, 35.50969615935291], [110.47204692748203, 35.41205013642229], [110.44426688884532, 35.326098442934665], [110.36911693703135, 35.24986853837623], [110.37281120492115, 35.20880894650153], [110.35867054818236, 35.19611412389474], [110.36789863966598, 35.13251291948267], [110.3150638035401, 35.00331808075467], [110.25666309485212, 34.94260209346985], [110.22525662349065, 34.87930181360359], [110.24128582600109, 34.787462429197795], [110.22404152192156, 34.69107032718259], [110.26346175298764, 34.62805947627577], [110.28990764858122, 34.609312109957514], [110.37348514227311, 34.59882704837147]]]}}, {"type": "Feature", "properties": {"adcode": 150000, "name": "内蒙古自治区", "count": 4}, "geometry": {"type": "Polygon", "coordinates": [[[97.17195209924257, 42.79450974764865], [97.84607521846972, 41.65582231660834], [97.6132868946367, 41.47675862494019], [97.62866842872876, 41.43996514941217], [97.97109253519238, 41.09715516968956], [98.18404414138601, 40.987333615454496], [98.24942776228836, 40.93860366471162], [98.33243586538183, 40.918153309088], [98.34350440631387, 40.5676397944727], [98.62709492437465, 40.67740878991019], [98.56923220543983, 40.74636515689581], [98.66762864355096, 40.772587058359385], [98.68850572015249, 40.69137073631036], [98.80172662164226, 40.60643555827855], [98.80604257759654, 40.65958741974619], [98.79000787178354, 40.70494871253883], [98.98385347803675, 40.782037155980845], [99.04025222106704, 40.69299750332922], [99.10046344657272, 40.6756810752606], [99.12386296606982, 40.71426642153117], [99.17134363781472, 40.74654034269784], [99.17318904072958, 40.85752581918488], [99.56435138786198, 40.84644869699646], [99.67139030286431, 40.932323178740766], [100.0553908688574, 40.90720396382035], [100.10585494139671, 40.87459835124142], [100.23544436992971, 40.716212960186944], [100.24099411022537, 40.61815680243479], [100.16757511644282, 40.5403221128462], [100.16758709750536, 40.27682369482373], [100.00569588191286, 40.19919424013267], [99.95414651492621, 40.14992238441232], [99.9258802837148, 40.06294265715884], [99.83958682558021, 40.01245565053649], [99.74951645568481, 40.00591811682927], [99.71259811251036, 39.971068945447016], [99.53167186597089, 39.89078026806394], [99.48965257478369, 39.883307967725834], [99.45814543486816, 39.897007515267724], [99.43901297166278, 39.8845620796053], [99.46740994541342, 39.87405415605624], [99.67081861539414, 39.88709754479933], [99.82045390183029, 39.85904691638947], [99.90311991478941, 39.78463442933858], [100.03885838712799, 39.7557957659286], [100.12625745489933, 39.70093686430969], [100.24842630375197, 39.684051931997686], [100.31239340056462, 39.60560289072877], [100.29949044282864, 39.5710202674653], [100.32468529227847, 39.5077228025728], [100.49907588924881, 39.48009223736354], [100.49722482114993, 39.39918504570049], [100.60520961268851, 39.386415684001534], [100.70597329326216, 39.4033767708449], [100.84027507494343, 39.40438638795529], [100.84090105317101, 39.19875405334874], [100.86249327746302, 39.10551360962244], [100.82733229358385, 39.07387110448387], [100.83350514351861, 39.02462411275756], [100.87359446197958, 39.00143837096979], [100.90007844744855, 39.028882923309595], [100.95968467854689, 39.004628656342526], [100.96766355145589, 38.94552989031187], [101.1150452190719, 38.973642821295236], [101.2266764458402, 39.019382366441924], [101.19646844641997, 38.94166600250445], [101.23530728282127, 38.90586250085618], [101.24085321989061, 38.859284390968206], [101.33306358584068, 38.84566136997331], [101.33920779469405, 38.82094563813285], [101.3048120574407, 38.80142665143906], [101.32876835567002, 38.77572807889631], [101.4099388210049, 38.7625791686605], [101.56063893293805, 38.71203712401987], [101.599479924706, 38.654137219028144], [101.67081366143259, 38.68955182870795], [101.77482734566406, 38.659101056920534], [101.87175015032261, 38.73258127742181], [101.93949943622869, 38.80767661226513], [102.07278551370351, 38.88983416285316], [101.92411385793713, 38.99954912274335], [101.8316034557089, 39.08778638916012], [101.90071241348298, 39.11061951484575], [102.27443726480007, 39.18744730329325], [102.35249968166478, 39.23044047022285], [102.45106267562178, 39.253627181139166], [102.61463750671857, 39.170463730060234], [103.0052402451912, 39.09830655336682], [103.3417398018017, 39.33003032047066], [103.59267746357067, 39.38540485151758], [103.85061031099436, 39.46026081681731], [103.95281032650831, 39.455618799875374], [104.08666025279221, 39.418324019901206], [104.04425032826526, 39.296202587839076], [104.16806931930806, 39.15901020377841], [104.20448295356819, 39.08200640419354], [104.1878268033773, 39.04062874157906], [104.19338442232618, 38.98670594324923], [104.16993547461044, 38.94293006797588], [104.04120745739307, 38.89355533075648], [103.85683073084928, 38.64328797192047], [103.4131259025732, 38.40322626141441], [103.46247902257811, 38.3516882919397], [103.50511449522932, 38.2794790523967], [103.53230627648783, 38.15538250646553], [103.36577207428296, 38.0873032398959], [103.35963089898061, 38.035932870535994], [103.40453673991276, 37.8588677220512], [103.68067336589938, 37.77636161137947], [103.83837558139656, 37.64571121855451], [103.87231089374423, 37.60262552034388], [104.1805255847078, 37.4048925503166], [104.2347942518001, 37.41018839853165], [104.3196486136829, 37.44669126668636], [104.40447032286617, 37.46273823086227], [104.4161698147924, 37.50975087767483], [104.43034500896502, 37.5135636787309], [104.80165058385153, 37.53749777719283], [104.86329944027996, 37.565121383541694], [105.0241557174915, 37.579105650554965], [105.10706606307758, 37.63210586647583], [105.31082544935916, 37.700435626511435], [105.39928184946733, 37.70836788373237], [105.46277840457635, 37.69330193514638], [105.59483792248386, 37.697839779268605], [105.61206296858226, 37.721035259482065], [105.61820694273261, 37.776405656020124], [105.6728826717124, 37.770164001323444], [105.75650336749416, 37.79799150095033], [105.79965726601115, 37.86045022559452], [105.79533252143904, 37.93838760767165], [105.83605788367127, 38.002645046507304], [105.77620114161476, 38.08317194828392], [105.7632540191671, 38.11990803092634], [105.77064374236635, 38.18535087914389], [105.79839312666002, 38.218788284431824], [105.83788884535701, 38.239551395284124], [105.86194744386886, 38.29505091505537], [105.81689475001834, 38.365411412120665], [105.83108798470995, 38.38608560493983], [105.82306077199078, 38.43109903611341], [105.84651223106553, 38.44239320221366], [105.83231501152537, 38.47470846810403], [105.8594599755897, 38.533769253154304], [105.85205436383421, 38.568395054195626], [105.8699394889076, 38.59181086013801], [105.84834585257666, 38.64041224494563], [105.89026924652667, 38.695124469174345], [105.88164164702192, 38.71566741098647], [105.90381328659518, 38.73621300892832], [105.90503991894607, 38.789870907471816], [105.98795822516271, 38.85590630991115], [105.96648005839396, 38.907672903590836], [106.01678168826831, 38.95220932907057], [106.05607475989483, 38.96700610338259], [106.08251421449087, 39.00465110022219], [106.07328352623219, 39.02464909325252], [106.09174062566618, 39.083189049066455], [106.14105471462632, 39.15147859001355], [106.1657417324326, 39.16173166808176], [106.18796440651958, 39.141353061004054], [106.24653457405537, 39.12980272085108], [106.28037080811984, 39.14463216619751], [106.29081792405547, 39.166427258545504], [106.2754410656609, 39.260573072568015], [106.39774731500252, 39.29005151780898], [106.50699854323325, 39.27081101709055], [106.52058846839108, 39.30697990807753], [106.55145828942203, 39.32094213714759], [106.59766911025551, 39.37420717170088], [106.63885915680288, 39.35658243950521], [106.67877215821402, 39.356045278340595], [106.7463772607365, 39.38003286824445], [106.7765580683283, 39.370333480317974], [106.80184240661737, 39.31713839669506], [106.79075255312452, 39.21286635010263], [106.82036123577052, 39.19251254353605], [106.85429405788103, 39.10625506172117], [106.96253963842034, 39.05324116392684], [106.96683502849795, 39.02487808022722], [106.94905288547417, 38.9398031378799], [106.83273126558544, 38.84618281401479], [106.75136149730506, 38.74720451304698], [106.70462665786, 38.717358839434254], [106.65796584038327, 38.60014729584394], [106.64323865957209, 38.46955527070484], [106.5952953250299, 38.38848356551395], [106.47742412986067, 38.317836719861745], [106.55093580035961, 38.262119531332026], [106.62298488170107, 38.23110905948826], [106.73295179832438, 38.196134303535175], [106.77420555847573, 38.170263504071094], [106.9374647612298, 38.13084600037985], [107.04603290936268, 38.12113705183491], [107.06568508122017, 38.13711668983752], [107.11368294279382, 38.132399595622324], [107.1334048436294, 38.15925832672235], [107.18522417264188, 38.15228870197362], [107.23515912805895, 38.109962054845845], [107.32614295613634, 38.0848896363655], [107.38822712003477, 38.013145482545646], [107.43506285887979, 37.99383428406396], [107.40608965729497, 37.94613661643262], [107.44309224704338, 37.93154502097999], [107.48695512513287, 37.94298974641371], [107.5555404477411, 37.892158064844956], [107.64482488579056, 37.862838946272], [107.67923666194878, 37.88687378311241], [107.72720688929552, 37.847583154638706], [107.97679194897792, 37.78567393144829], [107.98784633565903, 37.73358618139382], [108.02038363860956, 37.69418806099059], [108.00749470598657, 37.66675065465859], [108.0197741290596, 37.64776187304407], [108.04987524660727, 37.65053324322197], [108.12872550132352, 37.62018314298801], [108.24104883910059, 37.663939166443654], [108.28782717139144, 37.654901860331485], [108.29582134921876, 37.63877775093084], [108.41700227440934, 37.64670039522657], [108.52757623306975, 37.68913170978128], [108.62311442549041, 37.6503523651233], [108.71527344773095, 37.681942945564984], [108.7725229439714, 37.68193945600438], [108.78670189742954, 37.69853371466369], [108.7792966052501, 37.76290670578193], [108.79471122502477, 37.78232762201212], [108.79284588466516, 37.932152515159004], [108.82183700938971, 37.987429186845496], [108.79221773306607, 38.04633398887817], [108.82553358691406, 38.04827812525201], [108.87795719206218, 38.01251602404395], [108.8884322556504, 37.976665265783815], [108.92964898804672, 37.920935448246105], [108.968932101927, 37.93029285952403], [108.97751491867841, 37.96237071107673], [109.0130791642067, 37.969815082536265], [109.03208938051695, 38.019772949679925], [109.0640174229052, 38.02112691921637], [109.04497377889228, 38.053222279055184], [109.06339663140756, 38.089481819989814], [108.95909463179754, 38.15333467688422], [108.9333061001736, 38.20609641471418], [108.97074075993243, 38.24363284282519], [108.95662905207355, 38.26341483424626], [109.00200144873547, 38.35769603450515], [109.04555284880907, 38.38339260494607], [109.04861778138199, 38.43216649101378], [109.16993275243955, 38.51703281698582], [109.19090474846668, 38.55124596417696], [109.27096246945032, 38.621450158462636], [109.32564016770868, 38.59610845211876], [109.36126476459678, 38.62597587462715], [109.32317663587382, 38.658760560452194], [109.33299787717377, 38.6998522435481], [109.3981617452222, 38.71892572767332], [109.4382225158923, 38.781032653954746], [109.50555679059666, 38.832036403351395], [109.5438620514586, 38.80416068817293], [109.61841401018664, 38.853141691863925], [109.66634107188385, 38.92664984396684], [109.67923856458768, 38.96664749486207], [109.65957773356854, 38.98017529871123], [109.75612636587425, 39.05584760291249], [109.84559732780053, 39.12146690395654], [109.88507822208773, 39.102473880058945], [109.91648146204106, 39.105717168649235], [109.88815473881809, 39.13961494013665], [109.95519198229672, 39.1901122210884], [109.86594747949229, 39.242101235591676], [109.89676507025466, 39.27038679989498], [109.9564178513187, 39.210513706488285], [110.03497231279891, 39.21446378233671], [110.21184857303479, 39.27943814856448], [110.15567208736013, 39.38535998309812], [110.13036520530281, 39.38994432585891], [110.11925619630675, 39.43109041447773], [110.14640453072965, 39.45239336962731], [110.23772113710025, 39.42200697346112], [110.37913090869468, 39.308452582308085], [110.42347020255741, 39.33948265049189], [110.42839971900739, 39.37928791915539], [110.4765624938769, 39.359036865759556], [110.51796141915781, 39.38136799035662], [110.55377296087794, 39.34951880630309], [110.5605604083423, 39.318512425534664], [110.59075303623167, 39.281482643255664], [110.62027697122282, 39.26524953340892], [110.69642512295162, 39.27206835151728], [110.7253020206794, 39.3053853948582], [110.73206103799508, 39.34704879518175], [110.88487733172325, 39.50766564600095], [110.95247117227909, 39.517756334638655], [111.01070550636123, 39.550369998564335], [111.09421291585525, 39.55762018229935], [111.12993675211784, 39.585338205414345], [111.1478209065318, 39.56736899493622], [111.1416590443475, 39.52950487923657], [111.09852983878791, 39.49574382589397], [111.09853306710072, 39.47079426635834], [111.05181603283565, 39.4458721600331], [111.05734777206851, 39.399160575851305], [111.09115713607325, 39.4000592310829], [111.08070321810642, 39.37415629890516], [111.11887127249216, 39.3644510284551], [111.13612477465121, 39.406110113455796], [111.16511038842464, 39.421421199268984], [111.33001806761845, 39.41908726492976], [111.35151061568865, 39.430607888643955], [111.36502211708824, 39.477272403267236], [111.42411099065536, 39.50683758963478], [111.41486039726192, 39.537305489657186], [111.43396760785137, 39.595020451706176], [111.45371802163307, 39.60521027626534], [111.43828032474327, 39.63838242810468], [111.49016340484098, 39.66018343500102], [111.6184663043016, 39.63223403110748], [111.65226697787583, 39.64002021947699], [111.71556980008592, 39.604403136828246], [111.77655558401743, 39.587337291235876], [111.83581329726273, 39.618805368810854], [111.87222684091645, 39.6045580013131], [111.93133842090252, 39.62160389580398], [111.91841792296943, 39.66588252973125], [111.95283475136638, 39.69116683654529], [111.96325951275793, 39.79519861786251], [112.00560148965315, 39.825893040998444], [112.13480417507519, 40.02555830944695], [112.17493679295306, 40.06001485365583], [112.1761689037608, 40.08247294782241], [112.22491556474897, 40.132006037889], [112.22552720818054, 40.16862491495934], [112.29261792216506, 40.20975654849236], [112.30306061639799, 40.25499696810272], [112.34177376308787, 40.25583753679437], [112.41069504056036, 40.29370709262422], [112.44895714768104, 40.29878786407234], [112.50459400025964, 40.26788045350702], [112.62300670581519, 40.23464310803538], [112.73733276991263, 40.16586822754823], [112.84155377574373, 40.20579757341432], [112.8914771664331, 40.328298804924536], [113.02594303922766, 40.36771340144831], [113.24404257422002, 40.41203479175775], [113.30924417288772, 40.31844163763927], [113.49290676086808, 40.333115197974365], [113.55286870589717, 40.347413306024194], [113.68153013016119, 40.44717336611865], [113.7560250322826, 40.472619072756714], [113.78749594322345, 40.5168081650293], [113.84372695471524, 40.45953982041939], [113.8832390344517, 40.46550689336839], [113.94173579606047, 40.51371876247698], [114.05477825069751, 40.527528567459164], [114.0732401827216, 40.54661250490824], [114.06954137308082, 40.574355574650916], [114.03447647720927, 40.60759620509895], [114.06521798599364, 40.67793274506308], [114.05659783280504, 40.705624551798124], [114.07752510502, 40.72828196458501], [114.1274862347099, 40.736012147743814], [114.09600927473556, 40.769533024360605], [114.09723788738103, 40.79626769337374], [114.07320572485656, 40.78902593360595], [114.0375174080314, 40.82939184610168], [114.0664227912847, 40.85605007924668], [114.04796372902224, 40.86648670868294], [114.03443264895898, 40.9162722731599], [114.0504157105752, 40.923925544119456], [113.98775126189945, 40.93765378476157], [113.96625113520629, 40.98199782822758], [113.8121254556214, 41.096632190311674], [113.87080837259352, 41.1147586841393], [113.91334151565037, 41.17108581516837], [113.95393818055324, 41.170115949023554], [113.98955749789887, 41.19118000605847], [114.00920068184216, 41.23073249699644], [113.98524791770518, 41.26859420437822], [113.96437296977366, 41.23851464180851], [113.94408849398896, 41.28174574103066], [113.90778079640413, 41.29348669787511], [113.89237161464318, 41.31506698272827], [113.9182449791707, 41.3244911966961], [113.93792390106354, 41.39138711419337], [113.86397512908204, 41.412058773455136], [113.87076379057461, 41.43001528319803], [113.91268583557887, 41.45334673044674], [113.92622288617093, 41.48606676207512], [113.94651808270902, 41.48244355589959], [114.02512729743503, 41.528384811309564], [114.09404790571942, 41.53635545127874], [114.22373743744193, 41.512332231514435], [114.21940299733059, 41.615326193453505], [114.25208245115688, 41.622044767545546], [114.20828346099506, 41.68374389008424], [114.2304962480965, 41.69761768047471], [114.19962982594753, 41.737353476134345], [114.20827314047372, 41.755228637273966], [114.19344616199542, 41.788690189531216], [114.33631597048205, 41.92548121296952], [114.34492003089565, 41.95218314382095], [114.41204026594178, 41.94100921385416], [114.47134864891898, 41.950471971956794], [114.50474844400613, 41.980835661047585], [114.46082458454788, 42.024748472386364], [114.47318700550055, 42.063456233737156], [114.49545700773828, 42.066187902416345], [114.5041113402543, 42.109747131176135], [114.5535600163006, 42.131621075669706], [114.64102109795644, 42.10851516133712], [114.66867067116029, 42.11956377179808], [114.7480108202553, 42.114590074315], [114.78253599903931, 42.129711363648326], [114.78746916382113, 42.14835964175874], [114.81895331370275, 42.138649404305546], [114.8559974855964, 42.09697631902734], [114.8541522554263, 42.053875791766856], [114.89546269472513, 42.01478184415034], [114.9170224746435, 41.87006189415173], [114.93239378293015, 41.84507371135608], [114.91579868231203, 41.82413306331542], [114.86220640862669, 41.81252301718933], [114.88933739831782, 41.76657335985002], [114.89612306275413, 41.694653662690754], [114.88874042966677, 41.635182885879495], [114.8542155404191, 41.599802095488016], [115.00913110371827, 41.61391806723648], [115.04902815330146, 41.600840906451126], [115.092077549872, 41.62228037487629], [115.18832346212345, 41.60093070354737], [115.19696757329403, 41.57005492245478], [115.24997649275922, 41.57949163629054], [115.2592036960715, 41.614847455588404], [115.28318929411324, 41.621534444072275], [115.30347406871459, 41.59151663254855], [115.37045671268098, 41.60169839492664], [115.33848583896166, 41.63440881008171], [115.35384643906323, 41.65987697635687], [115.31206088223176, 41.690354517904105], [115.33970366442621, 41.71085992983228], [115.42279971743203, 41.72734967174073], [115.56738953990545, 41.80447689893669], [115.64741867510689, 41.82807391690552], [115.6812160063166, 41.86635879480375], [115.7193468747912, 41.868978687064114], [115.80444481473047, 41.911362266481646], [115.82791624003241, 41.93723716681829], [115.84644852689667, 41.92658165920604], [115.90997281815268, 41.94398683200954], [116.0003108453678, 41.796236326520045], [116.02732468415361, 41.781430456497525], [116.09191228823774, 41.775091642174566], [116.12212781657021, 41.80456633283075], [116.09991697409214, 41.82997859804485], [116.11594916006253, 41.86031210661413], [116.18758424005797, 41.860428587036395], [116.21720266547084, 41.93131493199451], [116.29170642811216, 41.96690139254151], [116.30338127582971, 41.99580501065083], [116.36668596100711, 42.00859565477073], [116.40732623894179, 41.980997727070864], [116.38638707966894, 41.94138122028824], [116.44682460943773, 41.94455160712121], [116.47586726072802, 41.97445030990633], [116.50431023929406, 41.97319852995652], [116.54695374395888, 41.927448941122215], [116.63255884822435, 41.92879301919389], [116.66265527615403, 41.946551139329664], [116.72102219405494, 41.95002116992489], [116.74193666674518, 41.98294700727817], [116.78938927811697, 41.97675322340707], [116.87328480507414, 42.017370797798996], [116.88374843539336, 42.09160341528971], [116.8436651049961, 42.15548730580171], [116.81836405365532, 42.154554590867754], [116.78257295715672, 42.19929538431583], [116.89666501640632, 42.18969290528581], [116.91203916027955, 42.22869913362226], [116.88001276365092, 42.365485427438415], [116.91508869102245, 42.402609648504274], [116.99853608331014, 42.43245219028585], [117.00956790569732, 42.454938396998266], [117.07279250321578, 42.462312638086914], [117.08816889321679, 42.48260608073794], [117.12821942264047, 42.467627523401354], [117.26815361585501, 42.480565919770555], [117.32529146433536, 42.459730258096855], [117.38306302700089, 42.460531659690076], [117.40584401410243, 42.470240963601476], [117.40275643206692, 42.51832678302366], [117.3799774760269, 42.51612524714158], [117.42679479003583, 42.555817813912185], [117.42802446935954, 42.58401725593035], [117.4681693326925, 42.601279678181605], [117.52320044319977, 42.589106730884396], [117.5299966011608, 42.601895176437225], [117.59354732381871, 42.60197260573442], [117.65996967096685, 42.58118921955069], [117.77259367201056, 42.617208002686205], [117.7942001862331, 42.61151287843387], [117.79050008248329, 42.58420415373571], [117.84980364519032, 42.538039215672754], [117.8670932399876, 42.508959745007914], [118.01715249170412, 42.3837607795187], [118.00181230006348, 42.34533897647926], [118.05280009449818, 42.29698005446518], [118.0405087719414, 42.27929520924742], [117.96745268072378, 42.2493840906518], [117.970525873382, 42.22854944999261], [118.09899820966993, 42.170653536493354], [118.08236702292879, 42.12139335719971], [118.09037893930119, 42.10362990216066], [118.14839185828252, 42.079701867902685], [118.10950338454384, 42.035651033514355], [118.18732000972834, 42.02999326491479], [118.21324676308377, 42.05714557464786], [118.20583714004597, 42.079799350273326], [118.23236378421, 42.0913718829343], [118.26563147893503, 42.08203438141533], [118.28962801552724, 42.056231854880245], [118.27979087566496, 42.032686310818995], [118.23299047462888, 42.02337209684554], [118.30685338217754, 41.98682979685757], [118.2994830510806, 41.93877137462855], [118.2619602412755, 41.92902263855596], [118.33329943636286, 41.8709883794152], [118.32838687524786, 41.8438015935293], [118.28536572428888, 41.7715961740864], [118.24042419146336, 41.77252267413195], [118.22932247633362, 41.80643873166181], [118.17129049333289, 41.813501134305824], [118.1329964066739, 41.782643779060656], [118.12559528954304, 41.73172919904663], [118.1484472167785, 41.71121320589109], [118.15215950155286, 41.674568947925344], [118.1997264646998, 41.64916347430338], [118.20837700979237, 41.59414131900648], [118.29585175140697, 41.55112826702829], [118.30876758884301, 41.51123082563236], [118.26510541516957, 41.47005113388238], [118.32045399743438, 41.44933564423152], [118.34197055741971, 41.426863708227984], [118.35427398128245, 41.38330567993565], [118.3419830683791, 41.34110752723607], [118.37335480823097, 41.310507249331614], [118.40538084397949, 41.33027231573812], [118.52155084289443, 41.353894283111444], [118.67062079507478, 41.348949809680654], [118.73518538882865, 41.32280553810535], [118.76352021340347, 41.35156592740543], [118.83695796814422, 41.373236696056836], [118.83819620626645, 41.34134772971882], [118.88446690945494, 41.299609208481705], [118.9429069626185, 41.31664123409574], [119.19086640320064, 41.281385516566786], [119.20505670087444, 41.30658170750865], [119.2894283692089, 41.323646342466596], [119.32383633507378, 41.38377428815969], [119.30293970926431, 41.40446366741668], [119.36932367622427, 41.420507594192195], [119.37116412127664, 41.458189837158706], [119.39455876790542, 41.470733137920746], [119.39948318093036, 41.5016669445819], [119.35454455796663, 41.54426747263168], [119.35515544384056, 41.564869152093586], [119.41303776798898, 41.56618608114024], [119.40871700939181, 41.58856935215453], [119.33547720421403, 41.61638003971255], [119.30105896125664, 41.65580988286584], [119.29306164180957, 41.704104059125235], [119.31211046829971, 41.72596432351798], [119.31087591039967, 41.76258858939111], [119.28567111373374, 41.789416043510464], [119.30595307591571, 41.80410858327356], [119.32745074784026, 41.87007328876919], [119.3163871905929, 41.888367491827935], [119.33358826150288, 41.925311334113154], [119.31699467486415, 41.93558593405199], [119.31760434800523, 41.96808439650542], [119.36861824673498, 42.02183033266449], [119.37783860484768, 42.0880454694603], [119.34523600529045, 42.11695423838533], [119.30774988518901, 42.11835691576473], [119.30160066015827, 42.145889363458274], [119.28008340587077, 42.15346659768179], [119.27085306789171, 42.18408837649673], [119.23082736520658, 42.199621317613705], [119.27330254643778, 42.259435052928616], [119.34090622133783, 42.29917071756778], [119.42588158586719, 42.31595313028662], [119.47594001686063, 42.34570443349096], [119.49573192730688, 42.38688212684466], [119.53346749325573, 42.36222909899328], [119.56559272331964, 42.35830579702235], [119.56497887964115, 42.33442086212098], [119.53285882855552, 42.29674937280786], [119.60259999254761, 42.275566328500844], [119.61060887959589, 42.25164339229743], [119.73797354559643, 42.210248184819555], [119.83553847285118, 42.2143536110901], [119.84852220694243, 42.1691432272962], [119.83122423431864, 42.13405642734507], [119.83926377327334, 42.095885065665044], [119.86953526522485, 42.0768268437815], [119.8911391173194, 42.02972567894682], [119.91517534607222, 42.0132628635878], [119.91825805096158, 41.98790438318876], [119.94471582034247, 41.973177260830546], [119.9477972103206, 41.92196997125307], [119.98343399871615, 41.8978183819263], [120.01660691909197, 41.81523533046729], [120.03504000043857, 41.81741844917798], [120.04426728843626, 41.77455666207665], [120.01846107403705, 41.73621784488732], [120.02952416874143, 41.70670122822714], [120.08983651091694, 41.695444396779145], [120.13179818189165, 41.72764603671242], [120.12067530468657, 41.770950444373035], [120.17689684442864, 41.82503907201153], [120.18245524312145, 41.84690252355357], [120.20963490294793, 41.85184832134631], [120.24541432466894, 41.8826274023176], [120.28051849344995, 41.878589814472136], [120.28420842870173, 41.89596540975069], [120.25403907211502, 41.90267652072074], [120.26573922478538, 41.92405184935362], [120.31187927697191, 41.93600821915422], [120.3032688701484, 41.95027195402185], [120.36721994877254, 41.99333040950538], [120.39308438972962, 41.983079306851224], [120.4504816061164, 42.01472719575785], [120.4442948165559, 42.055617002813605], [120.48758200855569, 42.0721712166614], [120.46036111148067, 42.10407945134357], [120.57841305936238, 42.16605027320624], [120.61906226806597, 42.15317110493678], [120.73956143875121, 42.22218106350881], [120.81480993176575, 42.22668949979926], [120.82406820970166, 42.251520916928776], [120.87775759425259, 42.24140825116585], [120.8777539727688, 42.268430278450516], [120.92822997647059, 42.278598556689914], [121.02273760598948, 42.24114183089579], [121.06449625491946, 42.252574780300506], [121.08171530291796, 42.27736341730336], [121.11436376024189, 42.27914185410058], [121.21247474013822, 42.3704396795353], [121.27897644711233, 42.38634687206748], [121.3084691239233, 42.42694779911625], [121.29863771419282, 42.434473433801344], [121.37975635341466, 42.472750863050244], [121.42843925973432, 42.47364939119614], [121.47291979317052, 42.494926370296554], [121.50013363273472, 42.48088801585869], [121.56501786972449, 42.48588842882762], [121.60199621285695, 42.515015393293695], [121.59830506427407, 42.49384498866672], [121.65981619284624, 42.43594260957209], [121.69300394600144, 42.43720574040705], [121.74161129390401, 42.48350829583206], [121.79712776200294, 42.513551715547386], [121.81195326062442, 42.50299200337627], [121.82553897936064, 42.53256227330885], [121.83851309190194, 42.521121947951535], [121.8841833948843, 42.555562656320056], [121.91559567333782, 42.604452415371654], [121.91004898709583, 42.65507094459307], [121.93588584574094, 42.66471706136863], [121.93342435058763, 42.687149853655896], [122.01262709491694, 42.69748941525774], [122.05623393030706, 42.72199921780575], [122.06669153760572, 42.708800463708585], [122.15487972026165, 42.68335587502082], [122.19872786587517, 42.683872375702], [122.19872117188841, 42.73134160887246], [122.25545009934523, 42.6944562172709], [122.31878430216256, 42.68337690192296], [122.33291678157792, 42.66839767596166], [122.39010202606325, 42.68239846817485], [122.39009866800066, 42.70569913294396], [122.45485681239836, 42.75366194775766], [122.43324066280984, 42.76854942211955], [122.36547663937019, 42.77468632286302], [122.34518330195617, 42.8286918472895], [122.43076220845326, 42.84138654944449], [122.55063879952328, 42.82633592955573], [122.57037986875274, 42.818027893175234], [122.57469832527882, 42.78863089321663], [122.6190179154128, 42.77193991953205], [122.72713533188805, 42.784502107906846], [122.73205869289994, 42.76913401950825], [122.78009887736455, 42.7559796295839], [122.8430314735818, 42.710833966589746], [122.88124550321929, 42.768867310322825], [122.92000636143746, 42.771052674312266], [122.93966276473415, 42.7521401462985], [122.97400917111771, 42.776206517497634], [123.05188437374672, 42.76721384528332], [123.11153981522008, 42.79966879283234], [123.2213143060704, 42.83010373287839], [123.16333462598952, 42.858081716751364], [123.18245661717319, 42.89405562906513], [123.17751669298006, 42.92427110095556], [123.25269075709107, 42.99174103092259], [123.46804523832203, 43.040634844459724], [123.52986644628474, 43.00539557885476], [123.56629139498929, 43.00196206900564], [123.57430225724796, 43.0347632578812], [123.62477270761607, 43.08674297215381], [123.62968213593253, 43.139999383314965], [123.66039947073234, 43.17790081314562], [123.63950548141665, 43.20715316185185], [123.67022179544693, 43.22191612465946], [123.65792981449725, 43.26289538829024], [123.69171927701849, 43.27023627224434], [123.69723597913168, 43.36857723238287], [123.60197037817655, 43.36437650718168], [123.53845237145477, 43.413442027191955], [123.51311910919829, 43.40034015281231], [123.47972643796538, 43.44325694988461], [123.43524790008115, 43.43576558543416], [123.41305026592198, 43.407931584689685], [123.37610292048865, 43.46700897404665], [123.30914690695087, 43.490126320814475], [123.32326430205165, 43.51700362658152], [123.29808471082758, 43.54871405666536], [123.35334712344584, 43.56509035841808], [123.4457251345436, 43.54386133931881], [123.4543690470509, 43.56642782090981], [123.42720481807564, 43.57331269725554], [123.41425271637978, 43.59626832535108], [123.50505262002274, 43.59084365084942], [123.50381091368739, 43.62290118146519], [123.53038756547922, 43.63206925303166], [123.51368927188385, 43.70647457799472], [123.47597035594585, 43.735340882650775], [123.49142167134366, 43.76910438932381], [123.45494585618066, 43.82041016334181], [123.46111881641139, 43.851508982077746], [123.39017374810126, 43.95276179593344], [123.36372730829649, 43.9678614621105], [123.39386315047497, 43.97731681630257], [123.32440947540411, 44.02691491887367], [123.32133151076044, 44.081980702870844], [123.34404760660571, 44.0905375802932], [123.35571162364698, 44.13134403924941], [123.37968024403965, 44.1596636720022], [123.31701792163668, 44.17779122345456], [123.28016611382536, 44.20960886861666], [123.27032669976249, 44.250790707113275], [123.19025035164576, 44.342854226452125], [123.12176919316721, 44.364991003646445], [123.1075907444638, 44.40047685271965], [123.13532486168798, 44.42615485706173], [123.11867346192999, 44.45305065792076], [123.13038215939629, 44.48423721551844], [123.11804805663431, 44.50769749357253], [123.01848977264162, 44.49115247072474], [122.85018615085363, 44.39653416755186], [122.75459506679657, 44.36773959296631], [122.66916656342276, 44.283914950183835], [122.47688938414692, 44.23491877256221], [122.31302709757954, 44.231038487605915], [122.2650718807319, 44.25383444957238], [122.2853608236127, 44.308226221400055], [122.27980102171767, 44.47586169714137], [122.2219138481995, 44.47844015041983], [122.21820566227797, 44.52410258767547], [122.18980817422357, 44.557756427987485], [122.12495720318663, 44.57555038989045], [122.09656790288207, 44.67176795141194], [122.11074541200458, 44.699847620043016], [122.15519202589114, 44.72626834192919], [122.14592447052665, 44.741975965771104], [122.09594160506295, 44.7342751603042], [122.10395142319994, 44.76571734422704], [122.13604202524488, 44.75173277835803], [122.16259797993868, 44.76834507629424], [122.09346997228529, 44.78015351675591], [122.0916153900257, 44.81666042794437], [122.0429960823461, 44.91084296379834], [122.07251052710396, 44.9120686413954], [122.08050675270754, 44.95060179030299], [122.0681878680028, 45.004353528867036], [122.09219919881507, 45.01914185354876], [122.1131546215924, 45.06649200012911], [122.10327478812196, 45.13995678389384], [122.13659017828725, 45.18090987829117], [122.18600646446322, 45.1784669291572], [122.22365180767254, 45.204654736151014], [122.2328891533911, 45.27417158889411], [122.14089523094918, 45.293403872969314], [122.14026486163743, 45.37206135982697], [122.17361610717133, 45.407421215632965], [122.1618736415623, 45.437640423726926], [122.05765610035668, 45.47032982179622], [121.99624706544289, 45.50572621469268], [121.9870365856707, 45.5506177302684], [121.96002615628319, 45.594268935840965], [121.98948367808342, 45.59669631529622], [121.9968421121355, 45.62096052294579], [121.96369460072087, 45.690929799439125], [121.86088912826736, 45.71776231940657], [121.80591327474664, 45.70262014058975], [121.80468046749833, 45.68505689315754], [121.70726914511258, 45.699657258261674], [121.63781056667239, 45.75034606377716], [121.65071348925507, 45.76828370553477], [121.69065762747427, 45.76110826491794], [121.74788658294868, 45.79279178265283], [121.76329225110653, 45.841615368592905], [121.81082845587412, 45.8733689984317], [121.79908672919217, 45.89876951416579], [121.8151457422864, 45.91629445910582], [121.80278249595943, 45.95915852879642], [121.75524987357375, 45.99696593665677], [121.83737114943676, 46.02244867034479], [121.85775662709555, 46.0004419538357], [121.91755381342318, 46.00295378907407], [121.92186367703259, 45.98672670298663], [122.03361232846682, 45.95689707295029], [122.0785020747964, 45.91019001754921], [122.08466561577863, 45.87976994764043], [122.19454311895213, 45.854894876086156], [122.23033433291565, 45.82949080154022], [122.2475941298421, 45.7961111442569], [122.29495963311398, 45.81108758537562], [122.33119917341462, 45.85773773924516], [122.36622960871603, 45.85392867246439], [122.35576814969266, 45.91520589048529], [122.43954501349435, 45.91479739079138], [122.48962015794605, 45.856164038355104], [122.49828943740668, 45.784844539027816], [122.5162206604833, 45.78489614921243], [122.55019453992563, 45.81961524486843], [122.59704589556272, 45.77624365275652], [122.63454972042379, 45.769107623222], [122.66526268678386, 45.69843692586521], [122.73529995711816, 45.70293922903413], [122.74452652548607, 45.73386629722079], [122.78580447266552, 45.76397385682584], [122.74574045875406, 45.83281169973808], [122.76606141947545, 45.854507175456376], [122.79380770948961, 45.85454065712869], [122.8221819150662, 45.910437358966824], [122.78636939088682, 46.071355351962154], [123.03906911408974, 46.0977634772463], [123.0630044944942, 46.12137992859308], [123.10544712255243, 46.12800423820387], [123.0955875159542, 46.16989132515803], [123.12022812188499, 46.17239447684882], [123.12145367125552, 46.2084512593281], [123.17141653279396, 46.24622023342134], [123.00468012306116, 46.4330604309175], [122.99546511061318, 46.57273093449791], [123.04573244919564, 46.57794378440047], [123.0389771168397, 46.61578497521798], [123.07028780288306, 46.62025456931904], [123.09120090793932, 46.600924819743575], [123.17381952890243, 46.61212896191065], [123.22131267980784, 46.58629318280343], [123.27238135735324, 46.615063660990074], [123.26930012395289, 46.6590258810208], [123.35895211240485, 46.67570974860153], [123.59649554454967, 46.687537163555604], [123.62478498985445, 46.72689906431947], [123.62231040694934, 46.811724955493226], [123.57305962719305, 46.82565779727133], [123.61861488203083, 46.845700958004926], [123.59215293918484, 46.86657965290127], [123.59830510278962, 46.88947707663657], [123.569964829777, 46.88946957380558], [123.56873965490612, 46.84366145308809], [123.55578814768124, 46.82400174026256], [123.49955383594079, 46.825094669117696], [123.47605104606859, 46.84385076488571], [123.52117349422109, 46.94290621294573], [123.48035852794513, 46.95789699371579], [123.41613275954224, 46.93203441245593], [123.29442444899098, 46.997890950760656], [123.29688729745865, 46.962789630733035], [123.35275450926183, 46.96881054439031], [123.39703335852981, 46.9332503999091], [123.39950215810195, 46.90424105896728], [123.36691033347756, 46.83555171487159], [123.33374534346866, 46.824552692805106], [123.28830873128058, 46.86309868445158], [123.21448568810436, 46.84839700829635], [123.21634016895565, 46.81934147303646], [123.19167810982191, 46.80129428253602], [123.15651795279923, 46.73812828959893], [123.09610129344965, 46.73272554851811], [123.0696508087111, 46.74298704487474], [123.01933700180678, 46.71684093332774], [122.99666307754286, 46.72880191807168], [122.98991756413326, 46.75957086213445], [122.90031815925403, 46.80563102913747], [122.88859858511614, 46.958548747797366], [122.83311731926696, 46.93520629303998], [122.78437215559723, 46.93961568333939], [122.7917704969859, 46.95555232308589], [122.76772052690825, 46.97185296398562], [122.77141375802438, 47.00082820592832], [122.83926843836034, 47.044976532937014], [122.84605134064371, 47.07025316579807], [122.81458157201912, 47.06367789905625], [122.6730120897468, 47.092196774261865], [122.60913007529228, 47.12242603830908], [122.52464050407134, 47.19677249412436], [122.41152988179434, 47.34830980777143], [122.50049195970122, 47.39914900779049], [122.53694832840343, 47.49351964181045], [122.5875196589985, 47.54530294866967], [122.75836510265114, 47.6121196700013], [122.84224340549946, 47.67231593728627], [123.15447124989537, 47.77953703277691], [123.20690665056071, 47.82223499893764], [123.29301517842579, 47.95143592118619], [123.53024173182729, 48.01967192507238], [123.57221634761137, 48.043352703954696], [123.73883147095731, 48.19537625710129], [124.07120324628808, 48.43352787366029], [124.25196442309667, 48.53400819717055], [124.30669958757967, 48.501450665281574], [124.29503498041827, 48.45428300789609], [124.32268445660458, 48.433199256565985], [124.30241682403795, 48.41100536693654], [124.32392434686352, 48.3775965776132], [124.31041570596066, 48.34860533616704], [124.34605398828305, 48.313534429870394], [124.35773811386656, 48.2812753211982], [124.41438758722643, 48.243413800360074], [124.41131674987835, 48.179212635328874], [124.4675248633706, 48.171334997330746], [124.46382210834801, 48.13100195654919], [124.42243262245664, 48.11853701866659], [124.40825347126392, 48.08535477928507], [124.4582648065049, 48.09582839561477], [124.47062646459479, 48.121034598301065], [124.49846412309286, 48.12271349424101], [124.52258045664708, 48.144746572345056], [124.50526071232709, 48.16226481829729], [124.53987651767139, 48.1986621629935], [124.57195934884119, 48.260094580441475], [124.55159723203202, 48.26604441082067], [124.57256920747444, 48.295137308740614], [124.53367060728274, 48.33327491806356], [124.53984600587762, 48.3555571442812], [124.51140379931412, 48.37575752872319], [124.51757935914907, 48.42462940059464], [124.50025689397735, 48.44323456845171], [124.54847174845071, 48.4655721956262], [124.52621814754438, 48.51309853473429], [124.54166369004714, 48.5333382816525], [124.51322416175357, 48.55386019272602], [124.5718942642815, 48.59433888948044], [124.59468320912524, 48.630329449601994], [124.61743177240668, 48.699437478359194], [124.60512256892939, 48.745605667011816], [124.64874851640849, 48.78141733534351], [124.63707464000254, 48.805467328788275], [124.6468959899678, 48.83182950164916], [124.68987607084759, 48.83922793909166], [124.7082977895026, 48.88286516601401], [124.70153153195011, 48.91785717687001], [124.73658077114428, 48.91782638281775], [124.74888507297074, 48.964561711466], [124.80067531886421, 49.017974922630856], [124.82103668788429, 49.07523039544749], [124.80189031941357, 49.11317441953577], [124.84016413245436, 49.126940159448104], [124.85311705518072, 49.16372811676121], [124.89933488776018, 49.18135141592197], [124.97547154684132, 49.159712118216675], [125.03185894544488, 49.17323241433678], [125.02634370219657, 49.15408746155535], [125.10934128039898, 49.12310121673471], [125.15067583825966, 49.14193629043547], [125.179687802878, 49.18382696459921], [125.21177675152346, 49.186218523673794], [125.21978088089126, 49.24598880900414], [125.2068237855381, 49.27407499192781], [125.25364126089701, 49.3193324382662], [125.24871010928712, 49.35674370911017], [125.26962203025612, 49.37659273444719], [125.24808682357794, 49.392181027034695], [125.24869329324339, 49.43420614641814], [125.26284062586207, 49.45130970532061], [125.22034585202476, 49.48396347750223], [125.20306464187752, 49.536768872929606], [125.22588217710648, 49.53368449037234], [125.22217074015063, 49.59227209466612], [125.19749979335977, 49.590693895000506], [125.15983101116589, 49.62668294239308], [125.14625106616424, 49.61348007546054], [125.11908965214386, 49.65180289428816], [125.12402089141771, 49.668848976071715], [125.15673554733645, 49.66619098542078], [125.18143738628412, 49.64919462345141], [125.1771200118402, 49.63136437023677], [125.21167235281885, 49.66589107779956], [125.21721033954775, 49.72317715405518], [125.19623446546402, 49.7308884293458], [125.2135037618066, 49.75179004485598], [125.21472749842258, 49.795844137601705], [125.16966632876199, 49.82628219178096], [125.23135993333827, 49.84141364300688], [125.21717909232085, 49.86416842702002], [125.23751466783598, 49.86880750159369], [125.20483444900283, 49.904256338218694], [125.21778345748008, 49.91929904144877], [125.19125159270061, 49.93197969863031], [125.18198628443095, 49.95661219578713], [125.22332356488033, 49.954354078739755], [125.23379257782541, 49.98476706797025], [125.28976231853305, 50.01126994587733], [125.27562399211328, 50.032822193793635], [125.24486597191274, 50.038225399048436], [125.28176443171215, 50.05472031870845], [125.30756621007076, 50.042379296840394], [125.3198425558182, 50.062721840247576], [125.2756162855646, 50.06702311250119], [125.27929900636924, 50.09044470602613], [125.25039253605397, 50.10045246741527], [125.30324560223258, 50.13722547817928], [125.3677439239519, 50.134046900478694], [125.32718891285836, 50.15788857322065], [125.37450078978404, 50.16893502694563], [125.38249307536312, 50.196520598157356], [125.40898350342958, 50.19230795073471], [125.44045963170632, 50.213034076289915], [125.43365321382578, 50.25704112653401], [125.4577569467278, 50.2635962808715], [125.45527631345382, 50.29265377270476], [125.5227165843425, 50.32800141259293], [125.51219418419373, 50.34668710168814], [125.53878846353192, 50.355917641411324], [125.51403827060695, 50.40164663148498], [125.52826298187513, 50.416936986493965], [125.55916681659177, 50.399836083291454], [125.57521086334084, 50.406715973500376], [125.55421906265003, 50.43528678721234], [125.5721174628995, 50.446357789073204], [125.61954679819752, 50.44024804556674], [125.73266060595986, 50.52003302773382], [125.7462216400457, 50.503671524930986], [125.76225170059696, 50.52802618355937], [125.78694953300727, 50.52957388428666], [125.82155398852069, 50.558528423230776], [125.79990901007876, 50.60065853097667], [125.80670477494685, 50.61775541897412], [125.78507082466346, 50.64010982892936], [125.79618902487167, 50.655679757693925], [125.78135591597373, 50.676511996596965], [125.81781325586148, 50.700448714964054], [125.77270007598068, 50.72234858801564], [125.78752025800647, 50.735620324068805], [125.75048174108802, 50.74353657462132], [125.79616281141902, 50.770073376334324], [125.82089154571617, 50.75346872300088], [125.83881641735171, 50.766365916699414], [125.82830241119946, 50.79017680794164], [125.88265581803147, 50.802723780100024], [125.87031088351623, 50.81367781647442], [125.9054589047682, 50.822754616177285], [125.95402127867953, 50.897815014644806], [125.98962270817441, 50.869409543079904], [125.98838778574012, 50.90337565348416], [126.01231040737548, 50.9240454495055], [126.0344112174184, 50.92210173809897], [126.06021679525108, 50.96388927418525], [126.03378382998875, 50.978251935231455], [126.02579453272902, 51.00763830374434], [126.05097468391547, 51.03994051209763], [125.96809878626699, 51.081144192722945], [125.98588447538768, 51.115652397064345], [125.96256524717403, 51.12060165936653], [125.93861724680849, 51.1048851579588], [125.90169161890769, 51.135718918760226], [125.85665044548382, 51.14320165949587], [125.84242248568262, 51.21031187774226], [125.81089149403333, 51.22374551478506], [125.753453031129, 51.22292500887714], [125.75282775288574, 51.25850661230618], [125.69186342036996, 51.324026089656535], [125.61810153123334, 51.3768453269068], [125.61502221908584, 51.39477320365319], [125.51997231689747, 51.48495699598883], [125.37170022913926, 51.58187477621933], [125.34280498495787, 51.62020710247784], [125.30780981845895, 51.606521193338594], [125.28077986865239, 51.630350941859554], [125.12170647030423, 51.63170875209785], [125.11984982316946, 51.655478711798594], [125.09026874277707, 51.65471882539688], [125.05155071728822, 51.59306679804267], [125.06446090982284, 51.54989713348885], [125.03867854906346, 51.526115901637034], [124.99638534122862, 51.525859662906186], [124.97556005192435, 51.50506713660513], [124.92096652619414, 51.49512994440499], [124.90990828202914, 51.47091685567307], [124.93448962021637, 51.44403773305311], [124.85633633526407, 51.37649362764997], [124.77547016238418, 51.38868536756509], [124.75635983064011, 51.383814961001896], [124.74466300215626, 51.3546746990416], [124.68565007423472, 51.3293146399754], [124.61871940772468, 51.32419719206354], [124.57932464826679, 51.36046799696895], [124.48229828432531, 51.37707180980001], [124.46992754956699, 51.35873150048735], [124.43530784826153, 51.35454170438252], [124.4186444624286, 51.328354701198755], [124.4217375237747, 51.297691542619624], [124.39831116079112, 51.26848665510433], [124.26367650886323, 51.30496327227853], [124.23102658087056, 51.34124041181891], [124.11986518751274, 51.34369825529224], [124.08163894890454, 51.33770245852761], [124.06318143166345, 51.317154590552974], [123.98645983596157, 51.319212900075854], [123.91832307119792, 51.29730307180247], [123.87951771675984, 51.31751158214893], [123.83443819329464, 51.364175726411176], [123.78625142532432, 51.35773981421698], [123.70307148054977, 51.39471198699812], [123.65210504647102, 51.33951501043484], [123.65395288106951, 51.315957193469615], [123.57461807559613, 51.30368553379802], [123.57462088192393, 51.29133991114369], [123.45471885310401, 51.28320399077759], [123.43186878879426, 51.26743774607906], [123.33158933459917, 51.26897496400553], [123.28617667220311, 51.25071342906636], [123.06133827556141, 51.31757465562131], [122.99513803692365, 51.30875868590084], [122.95838008251128, 51.34251693018825], [122.9583710375549, 51.38361237104063], [122.9387475783271, 51.401953147845624], [122.8963574421721, 51.41207653817497], [122.89265857224828, 51.44192588074809], [122.86370447280896, 51.45197682693115], [122.8470465394438, 51.47432440874246], [122.87293784092155, 51.50789253024281], [122.85135507103266, 51.52164730891499], [122.87293201636788, 51.53470424019443], [122.86676310036046, 51.55814659348275], [122.82542522721307, 51.57854416322502], [122.84886938775355, 51.603499348038845], [122.81306886359475, 51.629823222360976], [122.80874298300614, 51.65210410372445], [122.74152796364693, 51.743306468022865], [122.76430611215436, 51.77629305300392], [122.72490027747051, 51.82922967936507], [122.71812870371389, 51.875090936973024], [122.69846885952555, 51.886941727909594], [122.72180771699742, 51.91609825916583], [122.71872079562324, 51.975518179676705], [122.67635227353539, 51.9715240991004], [122.65732424868634, 51.99552880054567], [122.64319477738827, 52.055972267637706], [122.61801429188016, 52.06447574018938], [122.63643070698808, 52.10859758999215], [122.62168607232542, 52.13361591273616], [122.73036242078854, 52.15035080148279], [122.76175055519772, 52.17679487524121], [122.75865773660014, 52.229627634502165], [122.77960994024811, 52.249443810974455], [122.75310698907221, 52.263713525990546], [122.70329944875242, 52.25311380847209], [122.67137596308079, 52.27368622949381], [122.5785924602992, 52.263533188520384], [122.55330230509443, 52.279625708841394], [122.470438669645, 52.29296021553086], [122.47661530576644, 52.33835457835577], [122.43950450902565, 52.39089828253082], [122.41111771711381, 52.37186080021574], [122.35940382807419, 52.41060144206495], [122.33421720846641, 52.41100803299906], [122.30288435529869, 52.472362264428604], [122.20005515431586, 52.46619755045736], [122.17039506314156, 52.4865636161514], [122.16111906160192, 52.51059335711372], [122.13207840179075, 52.506901685676], [122.13455293295185, 52.491967630980724], [122.09938159263285, 52.44927546468058], [122.0728963224503, 52.43724100350506], [122.08336565072187, 52.42409738805282], [122.03295453186647, 52.409932259955696], [122.02805208463296, 52.37451270071998], [121.96918024791857, 52.34068667068517], [121.94034196304094, 52.29538315742211], [121.8935865236017, 52.27785404452648], [121.83370426931612, 52.27962242383776], [121.70660386131195, 52.31504395064609], [121.70782815549924, 52.33991932563356], [121.6506745348652, 52.38753885911298], [121.67093795676703, 52.41707979591734], [121.63222958466696, 52.441602607613056], [121.58299647739507, 52.44054361149872], [121.55769673105257, 52.45766731689653], [121.51132510400926, 52.45391760799491], [121.4871773182175, 52.481922665955366], [121.40806095049149, 52.49633875749995], [121.40374086584347, 52.51892100079175], [121.34529690818471, 52.53171021960187], [121.31581479070904, 52.570701316618276], [121.2722008438416, 52.5838647110099], [121.2174060537153, 52.574417415411254], [121.17419236941946, 52.59617229757133], [121.28447682400332, 52.64888276082906], [121.30166944422947, 52.6731702400841], [121.36492382516806, 52.67995317636434], [121.44690157014776, 52.73219990981454], [121.46854144737304, 52.76919191801596], [121.50320370522539, 52.77616993756732], [121.5835259599032, 52.8218954421541], [121.61307528212991, 52.850435181193234], [121.59645322000117, 52.86959083507344], [121.60260511381284, 52.8894456198746], [121.65485447270939, 52.90958150645916], [121.70767492133803, 52.99491087976358], [121.77791861095207, 53.01542787153228], [121.81003694311127, 53.058643716098516], [121.76740720300906, 53.08661679686101], [121.77666306132996, 53.10135549729095], [121.74519049296069, 53.1444147454201], [121.71440474699355, 53.14263555297016], [121.65725077608047, 53.167484198890136], [121.65233058417202, 53.19223228842964], [121.67137001216675, 53.19649631491087], [121.6719744406767, 53.237690780568194], [121.63449827286065, 53.259596548212755], [121.60744254985629, 53.25605034861371], [121.5679981129552, 53.28860566194705], [121.49688216613092, 53.319911459536485], [121.49130730069001, 53.33418819755354], [121.4078595743231, 53.31614630489571], [121.32852502257232, 53.322652258114026], [121.30029011376894, 53.298399243586005], [121.21970528033681, 53.2773502672005], [121.12092332972264, 53.27397904796994], [121.09009533008711, 53.303644839921574], [121.04706459244304, 53.288311336325144], [120.87518378897758, 53.291500527094605], [120.85976441314648, 53.2757466526359], [120.81282846024236, 53.26600843225087], [120.83075095502463, 53.23668968939491], [120.72833742930554, 53.20183790690989], [120.68285561814974, 53.171783323034056], [120.67917779160317, 53.13950488194386], [120.65215860000295, 53.13417339208405], [120.63619376397646, 53.1040433030494], [120.55489341203935, 53.07998932966482], [120.52150823902295, 53.042889023386486], [120.44474760264549, 53.00705838599536], [120.40275777413726, 52.95477896628224], [120.35472935798191, 52.93822744608131], [120.34244079006697, 52.9032607154469], [120.28712530374231, 52.88856535344048], [120.28897459238813, 52.866898447203546], [120.21442119584954, 52.83983197094502], [120.17301489501463, 52.80397903369095], [120.13281397843285, 52.81005749876858], [120.09267816093781, 52.78578645832179], [120.02315102518767, 52.77068290410157], [120.06250824104715, 52.703220688967164], [120.02686716041477, 52.643424924234715], [120.04100940898519, 52.595437337412655], [120.06746189173506, 52.5830343218879], [120.18667426000412, 52.57587767102263], [120.281652897953, 52.62060476303169], [120.38866231380429, 52.61317863778954], [120.45411453619994, 52.642310813254696], [120.5537689138618, 52.592793202721644], [120.5975634344244, 52.58663988089625], [120.6191052124232, 52.56807685966829], [120.72664725508044, 52.53406622231715], [120.67932349651292, 52.50863926970702], [120.69898630389615, 52.490023807749374], [120.67503456960502, 52.46163103338703], [120.68057098148861, 52.42477183002882], [120.64188658151963, 52.38759934712017], [120.64619046405771, 52.36822457443121], [120.61607654666493, 52.35840062021164], [120.61977513881037, 52.32109102392377], [120.68797267884428, 52.28729613840444], [120.70825838763841, 52.258326835159494], [120.74764614917267, 52.25537238492347], [120.73780281632135, 52.202936088781236], [120.77911932269755, 52.1548668461187], [120.75260376203131, 52.13390273982623], [120.76000697128762, 52.1063360646211], [120.7458365769533, 52.08242237331125], [120.70953031549186, 52.06993222090689], [120.68311316786254, 52.044203033974696], [120.68434527842628, 52.02394265694705], [120.71015798904601, 52.012480717405055], [120.69725698263174, 51.980427229102325], [120.65549475981608, 51.95505100247248], [120.64935998897262, 51.923318913662634], [120.54094297976182, 51.90486742413215], [120.54156684271734, 51.879373542351594], [120.47347764050853, 51.882515624827036], [120.47224617295878, 51.85182792770457], [120.39254276805679, 51.83025235106048], [120.39871171051044, 51.8132301117494], [120.35561616617936, 51.786604497168106], [120.3095143480932, 51.782614348211574], [120.28677487308384, 51.74893875139876], [120.16462158003473, 51.6765595378356], [120.07876631476236, 51.67461824088078], [120.09233565054284, 51.64565204851947], [120.05107632090156, 51.63082793549489], [120.02773419320278, 51.5803216134877], [120.04432923652071, 51.55758992975297], [120.0093292396985, 51.517846692171474], [119.97741900121879, 51.50192697936593], [119.97435484901436, 51.479205649252286], [119.9946131334783, 51.45603058880894], [119.97497712702906, 51.4419190503043], [119.96332274777293, 51.397171776803134], [119.9030517125237, 51.38793856275789], [119.9067528746731, 51.37113110647178], [119.93875748798123, 51.35763978801678], [119.87592337570169, 51.33375951115757], [119.87716574094944, 51.29973001560374], [119.80299113621777, 51.27791556005804], [119.82031178723584, 51.259978818698656], [119.78939916488761, 51.240453188156096], [119.81351905057184, 51.21126986875285], [119.77580834968602, 51.22282773836027], [119.7523513911828, 51.209319528390374], [119.78014411345663, 51.171474130976065], [119.76348030053292, 51.12116918000171], [119.74435501829463, 51.114025920180325], [119.75608134953666, 51.08886247772989], [119.71109863703022, 51.071966274532365], [119.71849171704687, 51.047897266190496], [119.66990958500052, 51.013361618312224], [119.62257273685945, 51.00629335862661], [119.59055908737928, 50.98184356351876], [119.56157302114788, 50.93096067495971], [119.48301098212278, 50.87569620133658], [119.49045254605878, 50.824735401867606], [119.50717295354039, 50.81117883691936], [119.48798833156425, 50.7687695279632], [119.4985163633798, 50.760854641510505], [119.44159564566942, 50.69216287291031], [119.37683013734072, 50.679612736141316], [119.38545242261395, 50.664063058241105], [119.35285583090743, 50.629576057683614], [119.28958122880339, 50.61374924865165], [119.27298690307288, 50.59858458071854], [119.28713259924277, 50.57083557347412], [119.2557764738788, 50.53399744450247], [119.24225042755039, 50.44568848046546], [119.21512988109048, 50.438436665020326], [119.20896667030156, 50.411745651201436], [119.15647466935681, 50.41966753093428], [119.11696887628948, 50.38604566135769], [119.16822153365813, 50.3758244115853], [119.14722296548345, 50.3616642531773], [119.17996484963126, 50.34454259854091], [119.22378103577508, 50.362542878409585], [119.25151131471668, 50.34231005871859], [119.26873567662305, 50.36329629239776], [119.31421436953431, 50.34948111436855], [119.3498453310742, 50.355906195546], [119.37322130042482, 50.32112168404894], [119.34248378807459, 50.30090882913432], [119.33143845584124, 50.241644212615135], [119.31055918792511, 50.21794898848287], [119.34988195611975, 50.1948957006777], [119.33083593965337, 50.18918201790808], [119.34190049635474, 50.16309971527228], [119.30135824488565, 50.15819192973092], [119.28170291470529, 50.11871585188246], [119.22816160149384, 50.07228965228055], [119.18187506203425, 50.08490890190064], [119.18558493088521, 50.066863040784476], [119.15471054411717, 50.024532913518215], [119.11643597495369, 50.01601585887288], [119.08193344540933, 49.98253573522451], [118.97391560175873, 49.976234506696606], [118.95674362038174, 49.985903551110596], [118.7835972322032, 49.95273848750773], [118.7533750781745, 49.95656128858899], [118.73120576245363, 49.943469320659666], [118.66421136543144, 49.95319062635861], [118.59721951270389, 49.924010711228185], [118.56701868015521, 49.92862442659107], [118.52316198883098, 49.88499168168033], [118.47675455301642, 49.86326214693425], [118.4755244320322, 49.82775647338267], [118.37736015006055, 49.82415598416865], [118.390295972427, 49.79943639469393], [118.37552306903697, 49.78090096246016], [118.21248597171245, 49.726948595166995], [118.20323353375257, 49.68785717018241], [118.14824303290601, 49.65717496206898], [118.12105932148593, 49.66642909376593], [118.07420862892512, 49.61372334276106], [117.98760213330308, 49.62050785480004], [117.94280231452989, 49.59349213164681], [117.85779999771981, 49.58886878068428], [117.8411299172832, 49.54888191473083], [117.80096909522604, 49.518527259586435], [117.47675370250144, 49.630162925394565], [117.26991758259065, 49.633687587785104], [117.0603928232533, 49.692410124291705], [116.70981210815492, 49.844494448048444], [116.04023333046598, 48.8708798083359], [116.06975536464539, 48.82007094729805], [115.79159712286163, 48.51300605500792], [115.81512668146334, 48.257569832889956], [115.521241316037, 48.153494793887354], [115.53732182642644, 48.133169107748365], [115.53176359698446, 48.10279300197841], [115.57255840618059, 47.91989444726213], [115.93181265183979, 47.681479537100216], [115.96068317040763, 47.68786153123253], [116.12235224224541, 47.821174304297074], [116.25813387548563, 47.874744460239285], [116.44522403257459, 47.83525948667427], [116.66230230458491, 47.88887825958527], [116.7834740836887, 47.89562817362994], [116.87170794672916, 47.89215591525099], [117.08660971998154, 47.821918534248844], [117.37598442757455, 47.63917363060054], [117.48519025496941, 47.75652921118763], [117.511169761667, 47.759824099092], [117.52106036894362, 47.780766052769906], [117.8056068639694, 48.014260433608655], [117.87910417454852, 48.02357656221874], [117.95356824600422, 48.00909069021271], [118.04379629201702, 48.01204364190937], [118.11646449304422, 48.04522682349133], [118.14240643619026, 48.03405931425546], [118.23072681094303, 48.03978855343914], [118.23011215178835, 48.02938404220347], [118.27692222541536, 48.008947142010506], [118.41410028224136, 48.01239120324404], [118.43385880161439, 47.99359691595193], [118.56061987891229, 47.99030193097521], [118.76553546622586, 47.7689787056033], [119.1261890511136, 47.662100164607246], [119.14411538675596, 47.53826025587384], [119.35783327586856, 47.47517347844151], [119.31421390511605, 47.42508382399742], [119.35784394308644, 47.42095831745383], [119.37814968629574, 47.39542810729746], [119.42994367479815, 47.376412104337504], [119.44292359543617, 47.35090664083773], [119.55181039459885, 47.30131086300725], [119.56046807769066, 47.24653012053036], [119.62025813155269, 47.24571737770247], [119.70882065159684, 47.19356385329038], [119.79952365987985, 47.05317718099608], [119.78345822203879, 47.043370273511584], [119.78778933319907, 47.011165083757646], [119.83786909909894, 46.9631021332116], [119.85271047263143, 46.9153407113324], [119.9199516506943, 46.90228147602782], [119.91318684201869, 46.85158338449414], [119.92920278476885, 46.78852142589699], [119.91012450993296, 46.756582980558846], [119.92798565023634, 46.71104649670654], [119.90459448457614, 46.66797698744152], [119.79711857425913, 46.68016476582861], [119.80639252397212, 46.66663330371127], [119.77612244455705, 46.62427801544434], [119.67018610779041, 46.58323486472988], [119.67510111431457, 46.60337346077771], [119.64927717278306, 46.623974279743955], [119.59142868030953, 46.61664158316243], [119.55069661009819, 46.63222359447706], [119.4239115153894, 46.63684451228322], [119.36661160885987, 46.60149848453739], [119.35000669649047, 46.61755237302326], [119.3180563677035, 46.60692422817707], [119.25534061316195, 46.64728235630012], [119.14428528107177, 46.65619578820899], [119.11528201533162, 46.64095846353201], [119.06600633773928, 46.67463413199239], [119.00399205333876, 46.74410662331421], [118.94388725421678, 46.72049069169143], [118.90516235227601, 46.73161713912808], [118.90700112932497, 46.77342605586919], [118.8379473534486, 46.77009544643473], [118.78053850838519, 46.71587996199641], [118.78054406700733, 46.685516007767355], [118.6697663388408, 46.69624882603925], [118.63167282440844, 46.71970342239654], [118.57874772050687, 46.69142605238698], [118.4390515995184, 46.70259900552962], [118.40263350564207, 46.726349856875494], [118.30852034482375, 46.73753694794851], [118.18468968675167, 46.68094205191824], [118.11611671477431, 46.67631524164376], [118.03853717455247, 46.629541380942534], [117.98513475710229, 46.62969154519871], [117.97470576912131, 46.61328402866256], [117.90710471443654, 46.606427385508105], [117.86086500365799, 46.57392406944561], [117.86333823544129, 46.548416419785745], [117.80589226815265, 46.52897411617962], [117.76205591244154, 46.53591414331999], [117.74048289863954, 46.520262794924435], [117.69617818761402, 46.51494780824752], [117.63349296016325, 46.55663946117661], [117.61503984627433, 46.59450695945392], [117.58856852046033, 46.601921845497415], [117.48788842916775, 46.59884990376496], [117.41190819071143, 46.580183737203726], [117.43968500641408, 46.5263119273543], [117.38421473529655, 46.46117370702712], [117.36393883372844, 46.35843290495473], [117.23981472655625, 46.365213313164226], [117.08935595990724, 46.35512056408815], [116.82695006366113, 46.38267956793537], [116.80596983370576, 46.354143501956905], [116.7381655964037, 46.32597852339911], [116.66626794398489, 46.32359221924181], [116.57835819625517, 46.29101820018649], [116.56603368792827, 46.25749223667862], [116.4319494724113, 46.1357578616977], [116.40665734377586, 46.1319974533905], [116.26463266861481, 45.96513109289981], [116.23570285117779, 45.87434285472123], [116.28126303233472, 45.837204571157244], [116.2708084607248, 45.82929199441199], [116.27942895343907, 45.773355143720025], [116.253585107163, 45.77421366092006], [116.21599124807695, 45.74538488368632], [116.21044138036105, 45.72030792863631], [116.16721622132499, 45.68679462876603], [116.02793606214176, 45.683024948991516], [116.01934516180218, 45.6592054094472], [115.92971370307703, 45.6309878289458], [115.69233457110148, 45.45776516261549], [115.35693553809698, 45.39037600899786], [115.17044072606693, 45.39423944299427], [114.97604482768573, 45.377567962439414], [114.91341438650221, 45.38442244404138], [114.73763815555205, 45.43634511532539], [114.54379757749385, 45.38565656919152], [114.51228251383036, 45.282103989905195], [114.45228336459935, 45.21158923283276], [114.339499804648, 45.117511154051684], [114.18304977406432, 45.034787586913275], [114.10892146214253, 44.9551408393619], [114.05716464010747, 44.929330485847224], [113.8998316851864, 44.91358534600944], [113.85417754120462, 44.86184857401225], [113.79114829115933, 44.847745213547384], [113.62368877687574, 44.74386394143006], [113.53303573773618, 44.757839668794894], [113.4959211324306, 44.77600273686771], [113.1070153480995, 44.79790555160522], [112.93015922625526, 44.83856033638341], [112.84270449291488, 44.83896612534885], [112.70462877268837, 44.8778754399709], [112.59216028099713, 44.9293081741587], [112.53293006843622, 44.99950102956024], [112.43092114009217, 45.06983581115484], [112.10563525802952, 45.071090673994696], [112.0631375443747, 45.09433570550056], [111.99498211109912, 45.089007346996794], [111.89607872357993, 45.050757213528264], [111.75662978693492, 44.967686128778695], [111.61709975643203, 44.77708030165784], [111.5530625263421, 44.645690074800534], [111.56232811975744, 44.57499614278385], [111.52281831853006, 44.54891281969454], [111.5067562745132, 44.50621035710269], [111.47090513203146, 44.48732569671921], [111.40797602333116, 44.3555710026327], [111.42092505289376, 44.31791372111982], [111.49937236849753, 44.2928310937489], [111.52657291183324, 44.26076866834221], [111.55190507210513, 44.16987864945798], [111.6553126358431, 44.059825271287906], [111.69463157804731, 44.0326481246894], [111.7654207504607, 44.00894346548098], [111.86296815927759, 43.93888315755208], [111.9522374488594, 43.82191702239086], [111.96329956255015, 43.746707913058664], [111.94366023620282, 43.691826661469364], [111.88397782353537, 43.672405388654184], [111.78645089778563, 43.6705292508696], [111.55694892398337, 43.489048697250276], [111.44882709210442, 43.49267887062549], [111.39272790560253, 43.47091173419559], [111.34663127870547, 43.43447601222521], [111.17627196375274, 43.39457389177106], [111.01324950431338, 43.32848654841449], [110.76296104416984, 43.09797076660736], [110.72972876306483, 43.08835934117932], [110.68059170387232, 43.03511521636461], [110.68304954815629, 43.02024657544955], [110.62473579497743, 42.93502750703725], [110.46314388183713, 42.83793958063101], [110.43042887050886, 42.779951510503665], [110.13303379361984, 42.673634774186425], [110.10158457872012, 42.641490109675544], [109.90005858890895, 42.6348231285096], [109.72736916737149, 42.578289672284264], [109.5378730829956, 42.471706794111576], [109.28526319047916, 42.43492055005456], [109.01992533334703, 42.45740322112514], [108.83987082355763, 42.394892185428525], [108.79297289849553, 42.414250109610144], [108.69939607651274, 42.41248067860105], [108.52707333222538, 42.44213712300911], [108.29284440968075, 42.43759486328794], [108.2325217653456, 42.45927042619116], [108.01618323810968, 42.43228175948475], [107.93391814571694, 42.40290572095572], [107.56863541317213, 42.41221544631151], [107.49573591121654, 42.455772585384274], [107.46050017835898, 42.45787968476265], [107.2980334168389, 42.4115608665213], [107.26608620248015, 42.363426590881716], [107.04558284886058, 42.31818801131469], [106.78057091477814, 42.29047180015986], [105.73703719509102, 41.948171819132355], [105.28714959124922, 41.748832381277445], [105.22628063081424, 41.750198762604406], [105.00545112433397, 41.58205920381422], [104.9196083832218, 41.65341134859189], [104.68571202573217, 41.64436128650988], [104.52082638560779, 41.660923229035355], [104.52698698781117, 41.874349245857424], [104.07664364173617, 41.804079258268914], [103.86588417817441, 41.801748366771704], [103.41535964031429, 41.88124876828936], [102.70970344887186, 42.152319084892255], [102.53866805026944, 42.16173014678509], [102.4465781609614, 42.14328950673646], [102.06767291766197, 42.23152499248023], [101.8011581734855, 42.5032249375077], [101.55550335733986, 42.52935209311407], [100.86109521957519, 42.67073825114213], [100.32330680974464, 42.68942162124404], [100.27045254908185, 42.63583580255022], [99.96754583093538, 42.6473849156292], [99.51055165689064, 42.567651299008], [98.19449174510987, 42.652581699346996], [97.17195209924257, 42.79450974764865]]]}}, {"type": "Feature", "properties": {"adcode": 210000, "name": "辽宁省", "count": 16}, "geometry": {"type": "Polygon", "coordinates": [[[123.52846930651455, 39.78654541018401], [123.54082721638491, 39.754356215918754], [123.57352672708319, 39.779259066623794], [123.60678739078034, 39.773278249260635], [123.63630341228233, 39.79441216384018], [123.63937219952314, 39.82200793154628], [123.6688667148075, 39.82517341426896], [123.68177184713502, 39.80628973972875], [123.80619822653092, 39.82928380903464], [123.94551736415413, 39.81600807967301], [123.99647593830227, 39.79838610663297], [124.09666971405025, 39.82120712825439], [124.09297935625753, 39.77519846453335], [124.14480428618236, 39.7434868863392], [124.16702284910065, 39.83923233895589], [124.20838631854167, 39.86320662958116], [124.21085081233973, 39.89216227463828], [124.23551355472596, 39.92663203052829], [124.28045454270189, 39.92982188686276], [124.2822955300509, 39.961040408840695], [124.34313939312598, 39.987091323519614], [124.36588333803527, 40.01962713007789], [124.33022505616972, 40.04811417211626], [124.34066827031634, 40.07788653438545], [124.45154305523927, 40.175883098573216], [124.48430092061011, 40.1823755922936], [124.50902809276306, 40.21858101345969], [124.62064518218223, 40.29044763880297], [124.71649795560235, 40.31997067773794], [124.73310107803925, 40.370154433114116], [124.9075612177977, 40.48061794595049], [124.93952744590283, 40.45461847285088], [124.97941213543128, 40.473646408143196], [125.03768745629019, 40.46482706584537], [125.03645716165002, 40.482134339458405], [124.99842088945685, 40.494532850973535], [125.00945357928049, 40.532271394512684], [125.1071696766131, 40.567612209786326], [125.17502868910447, 40.6095301682285], [125.25640485608926, 40.618687420499064], [125.27300943464631, 40.65364638053166], [125.29882609369874, 40.65951151580033], [125.32278930149371, 40.64221131061403], [125.36888088871409, 40.65666696606572], [125.41568748844868, 40.63395413697947], [125.41198286607158, 40.67163807497265], [125.44716082998868, 40.67486646384359], [125.45333525970692, 40.70573823401537], [125.48919051951258, 40.727154121540565], [125.53865403217557, 40.728196951611075], [125.54482805990047, 40.76039979987347], [125.57938469453535, 40.78718101490397], [125.61080568234784, 40.76225128394059], [125.67905838922702, 40.7675793244653], [125.66983528422838, 40.78662962087522], [125.6347941057343, 40.79711373014548], [125.64216841783248, 40.82472893621983], [125.70118031340145, 40.865361080269025], [125.6814992271427, 40.896157279189666], [125.64584474687007, 40.91476660793989], [125.57813682051501, 40.89039706165095], [125.58306394153674, 40.929740661904674], [125.62923840120281, 40.940108915171145], [125.64399243264117, 40.969457665570744], [125.66858018640377, 40.9730257063851], [125.67779358824464, 41.02042429122115], [125.7202273108758, 41.05375769349877], [125.73315322804804, 41.08757976830586], [125.70606878845746, 41.09391777500303], [125.78494669486598, 41.16602683799787], [125.73190826065967, 41.17680950638668], [125.75223552890589, 41.23082842146946], [125.74298782734418, 41.24387506323931], [125.68882736183144, 41.243028574477464], [125.67898566308759, 41.27228452954878], [125.64026107372804, 41.2629124981276], [125.63595294229377, 41.29484574916389], [125.61380435753316, 41.31689929244373], [125.63102589278512, 41.342940333872036], [125.60394851475574, 41.36363055400263], [125.58361921447775, 41.35779456839144], [125.57498194815359, 41.3950590898715], [125.54164707025264, 41.39950037439937], [125.5280468906715, 41.42729475423166], [125.52680306909147, 41.477526786119874], [125.48660161566288, 41.507446954243825], [125.50082379210217, 41.532582163074686], [125.47299155936348, 41.543252340785386], [125.44331752722861, 41.59601506829036], [125.45443162922224, 41.64078409475141], [125.44021716990726, 41.67429284177839], [125.40566441565612, 41.68945049244944], [125.3373798878683, 41.67073616173731], [125.31034926831434, 41.675258527459874], [125.32570121833764, 41.70964516712781], [125.32937881742907, 41.76636286645356], [125.31647767269267, 41.76951246324923], [125.2882069439673, 41.82132873110005], [125.30109620265065, 41.92293644438935], [125.34471361998801, 41.92641768239941], [125.28511279399929, 41.9572483792188], [125.29187165827851, 41.97281608688393], [125.36314300672068, 42.0011671229684], [125.35637732851487, 42.01540889365481], [125.40930523031973, 42.06206177290041], [125.40744975719707, 42.10026702895449], [125.43953419073536, 42.096752217092295], [125.48341465909087, 42.13460370609888], [125.45126176809313, 42.158482150277], [125.40682479595031, 42.154424835369824], [125.36127009464914, 42.181064676758275], [125.35021117317574, 42.143813007816476], [125.29921869438049, 42.14479433532943], [125.30596868698895, 42.195797988669], [125.27401349674042, 42.17367204120772], [125.30596518051303, 42.218407696840885], [125.2690856447317, 42.22954218258327], [125.26908011492367, 42.26542800713938], [125.29243764344778, 42.28842327757038], [125.25738420725857, 42.31103851446541], [125.21734831148612, 42.29952297385607], [125.16860223338625, 42.306531822592646], [125.16057069686565, 42.3503172828861], [125.19698391334117, 42.365415020884434], [125.17908456828724, 42.38041644416991], [125.17969471466924, 42.426370406298076], [125.13339972480063, 42.445278029960065], [125.14327071669553, 42.457213491159166], [125.09825283300871, 42.48894088294552], [125.06194960904207, 42.497782962542644], [125.08408756108055, 42.51408418913053], [125.06010016446007, 42.533065185858696], [125.0828483762592, 42.566099182756325], [125.07607722349678, 42.58945081648463], [125.090225648487, 42.620707361666796], [125.03184075891319, 42.61374234626593], [125.0042364623485, 42.63054556905985], [125.00791075099762, 42.664413799590854], [124.9839953789251, 42.67592229310755], [124.96190963680118, 42.721264435052596], [124.990116040468, 42.74358840661157], [124.96864449022833, 42.80116753083488], [124.9219837192654, 42.81837752808886], [124.89122616069791, 42.78635959693241], [124.8678094063135, 42.7885396391175], [124.84312121644099, 42.8810462150836], [124.86346347768337, 42.98659898324702], [124.83445825454507, 43.03072338458163], [124.88255916706588, 43.073175222772925], [124.87638824984869, 43.13255616653033], [124.77890386518402, 43.11538165674957], [124.74871098268979, 43.07256275395361], [124.68045893615984, 43.04947224752782], [124.65221864994403, 42.971248091902716], [124.62887117230906, 42.971287201136015], [124.6258010570322, 42.948094983836626], [124.60120109580448, 42.93585952285492], [124.580267056103, 42.90388840100771], [124.45980472773734, 42.84532190757117], [124.42891690194148, 42.879015140974104], [124.36484831791252, 42.8790112746212], [124.37407005181063, 42.91098470668636], [124.42520602126523, 42.92894946475576], [124.43569458642997, 42.95698459813222], [124.41656258527982, 42.97358909046208], [124.36298879338253, 42.97097587700427], [124.3267226693348, 42.995537294354506], [124.4190141140287, 43.07414870659958], [124.26706730501655, 43.176892570740215], [124.2805950938424, 43.206092560283686], [124.26951922432283, 43.23138538655773], [124.22208819819156, 43.23313418655321], [124.2085122353197, 43.25403404295478], [124.10725873076129, 43.24516756113214], [124.11033785644695, 43.27522393454341], [124.09245774175206, 43.29089144409993], [124.0260426338362, 43.27879403011249], [123.95791240765509, 43.339055105784155], [123.88963644008864, 43.35958379425039], [123.87483404312066, 43.39044749587369], [123.84582530482726, 43.40432016044998], [123.85137444157645, 43.45732912836602], [123.79023268880971, 43.48804816518075], [123.74090136400785, 43.470212916891015], [123.74275458372406, 43.437207113137696], [123.7033756121846, 43.415079639054426], [123.69171927701849, 43.27023627224434], [123.65792981449725, 43.26289538829024], [123.67022179544693, 43.22191612465946], [123.63950548141665, 43.20715316185185], [123.66039947073234, 43.17790081314562], [123.62968213593253, 43.139999383314965], [123.62477270761607, 43.08674297215381], [123.57430225724796, 43.0347632578812], [123.56629139498929, 43.00196206900564], [123.52986644628474, 43.00539557885476], [123.46804523832203, 43.040634844459724], [123.25269075709107, 42.99174103092259], [123.17751669298006, 42.92427110095556], [123.18245661717319, 42.89405562906513], [123.16333462598952, 42.858081716751364], [123.2213143060704, 42.83010373287839], [123.11153981522008, 42.79966879283234], [123.05188437374672, 42.76721384528332], [122.97400917111771, 42.776206517497634], [122.93966276473415, 42.7521401462985], [122.92000636143746, 42.771052674312266], [122.88124550321929, 42.768867310322825], [122.8430314735818, 42.710833966589746], [122.78009887736455, 42.7559796295839], [122.73205869289994, 42.76913401950825], [122.72713533188805, 42.784502107906846], [122.6190179154128, 42.77193991953205], [122.57469832527882, 42.78863089321663], [122.57037986875274, 42.818027893175234], [122.55063879952328, 42.82633592955573], [122.43076220845326, 42.84138654944449], [122.34518330195617, 42.8286918472895], [122.36547663937019, 42.77468632286302], [122.43324066280984, 42.76854942211955], [122.45485681239836, 42.75366194775766], [122.39009866800066, 42.70569913294396], [122.39010202606325, 42.68239846817485], [122.33291678157792, 42.66839767596166], [122.31878430216256, 42.68337690192296], [122.25545009934523, 42.6944562172709], [122.19872117188841, 42.73134160887246], [122.19872786587517, 42.683872375702], [122.15487972026165, 42.68335587502082], [122.06669153760572, 42.708800463708585], [122.05623393030706, 42.72199921780575], [122.01262709491694, 42.69748941525774], [121.93342435058763, 42.687149853655896], [121.93588584574094, 42.66471706136863], [121.91004898709583, 42.65507094459307], [121.91559567333782, 42.604452415371654], [121.8841833948843, 42.555562656320056], [121.83851309190194, 42.521121947951535], [121.82553897936064, 42.53256227330885], [121.81195326062442, 42.50299200337627], [121.79712776200294, 42.513551715547386], [121.74161129390401, 42.48350829583206], [121.69300394600144, 42.43720574040705], [121.65981619284624, 42.43594260957209], [121.59830506427407, 42.49384498866672], [121.60199621285695, 42.515015393293695], [121.56501786972449, 42.48588842882762], [121.50013363273472, 42.48088801585869], [121.47291979317052, 42.494926370296554], [121.42843925973432, 42.47364939119614], [121.37975635341466, 42.472750863050244], [121.29863771419282, 42.434473433801344], [121.3084691239233, 42.42694779911625], [121.27897644711233, 42.38634687206748], [121.21247474013822, 42.3704396795353], [121.11436376024189, 42.27914185410058], [121.08171530291796, 42.27736341730336], [121.06449625491946, 42.252574780300506], [121.02273760598948, 42.24114183089579], [120.92822997647059, 42.278598556689914], [120.8777539727688, 42.268430278450516], [120.87775759425259, 42.24140825116585], [120.82406820970166, 42.251520916928776], [120.81480993176575, 42.22668949979926], [120.73956143875121, 42.22218106350881], [120.61906226806597, 42.15317110493678], [120.57841305936238, 42.16605027320624], [120.46036111148067, 42.10407945134357], [120.48758200855569, 42.0721712166614], [120.4442948165559, 42.055617002813605], [120.4504816061164, 42.01472719575785], [120.39308438972962, 41.983079306851224], [120.36721994877254, 41.99333040950538], [120.3032688701484, 41.95027195402185], [120.31187927697191, 41.93600821915422], [120.26573922478538, 41.92405184935362], [120.25403907211502, 41.90267652072074], [120.28420842870173, 41.89596540975069], [120.28051849344995, 41.878589814472136], [120.24541432466894, 41.8826274023176], [120.20963490294793, 41.85184832134631], [120.18245524312145, 41.84690252355357], [120.17689684442864, 41.82503907201153], [120.12067530468657, 41.770950444373035], [120.13179818189165, 41.72764603671242], [120.08983651091694, 41.695444396779145], [120.02952416874143, 41.70670122822714], [120.01846107403705, 41.73621784488732], [120.04426728843626, 41.77455666207665], [120.03504000043857, 41.81741844917798], [120.01660691909197, 41.81523533046729], [119.98343399871615, 41.8978183819263], [119.9477972103206, 41.92196997125307], [119.94471582034247, 41.973177260830546], [119.91825805096158, 41.98790438318876], [119.91517534607222, 42.0132628635878], [119.8911391173194, 42.02972567894682], [119.86953526522485, 42.0768268437815], [119.83926377327334, 42.095885065665044], [119.83122423431864, 42.13405642734507], [119.84852220694243, 42.1691432272962], [119.83553847285118, 42.2143536110901], [119.73797354559643, 42.210248184819555], [119.61060887959589, 42.25164339229743], [119.60259999254761, 42.275566328500844], [119.53285882855552, 42.29674937280786], [119.56497887964115, 42.33442086212098], [119.56559272331964, 42.35830579702235], [119.53346749325573, 42.36222909899328], [119.49573192730688, 42.38688212684466], [119.47594001686063, 42.34570443349096], [119.42588158586719, 42.31595313028662], [119.34090622133783, 42.29917071756778], [119.27330254643778, 42.259435052928616], [119.23082736520658, 42.199621317613705], [119.27085306789171, 42.18408837649673], [119.28008340587077, 42.15346659768179], [119.30160066015827, 42.145889363458274], [119.30774988518901, 42.11835691576473], [119.34523600529045, 42.11695423838533], [119.37783860484768, 42.0880454694603], [119.36861824673498, 42.02183033266449], [119.31760434800523, 41.96808439650542], [119.31699467486415, 41.93558593405199], [119.33358826150288, 41.925311334113154], [119.3163871905929, 41.888367491827935], [119.32745074784026, 41.87007328876919], [119.30595307591571, 41.80410858327356], [119.28567111373374, 41.789416043510464], [119.31087591039967, 41.76258858939111], [119.31211046829971, 41.72596432351798], [119.29306164180957, 41.704104059125235], [119.30105896125664, 41.65580988286584], [119.33547720421403, 41.61638003971255], [119.40871700939181, 41.58856935215453], [119.41303776798898, 41.56618608114024], [119.35515544384056, 41.564869152093586], [119.35454455796663, 41.54426747263168], [119.39948318093036, 41.5016669445819], [119.39455876790542, 41.470733137920746], [119.37116412127664, 41.458189837158706], [119.36932367622427, 41.420507594192195], [119.30293970926431, 41.40446366741668], [119.32383633507378, 41.38377428815969], [119.2894283692089, 41.323646342466596], [119.23280664355352, 41.31289822579554], [119.24266982636244, 41.27828358396592], [119.20259843383214, 41.24317078380052], [119.19766419816874, 41.22111462001601], [119.16309101661214, 41.221504689896214], [119.18223612150868, 41.19678208342497], [119.11928138597851, 41.13722269043007], [119.07430946978975, 41.13000356125835], [119.07369935500456, 41.09439249829234], [119.03068833690638, 41.066052110854486], [118.95829028552492, 41.0779883447828], [118.93065614791398, 41.05143119430158], [118.94540559242381, 41.01710266449494], [119.00676612575954, 41.00609412307624], [118.99388984018985, 40.965935208865275], [118.97057964778575, 40.957871534051954], [118.9103745865908, 40.968830251646935], [118.89560257321291, 40.95979931343714], [118.8666508937432, 40.84672099241711], [118.83950313301409, 40.82087528803215], [118.87220944939155, 40.78196457288599], [118.9011691244499, 40.77427080795548], [118.88885452652407, 40.75296784750853], [118.94360022701792, 40.74656945697038], [118.95465661638399, 40.71888160151528], [119.00435723377912, 40.68607076819231], [119.02153546913523, 40.691013245995826], [119.04794118750637, 40.66326456249868], [119.10825019642596, 40.66504259550496], [119.15884552458856, 40.69143889932749], [119.17798785618497, 40.67876662194633], [119.13786447122004, 40.63102016491361], [119.15577121147965, 40.59879271696766], [119.17120648093274, 40.607909587747066], [119.22427669322339, 40.60253082208178], [119.21379809514009, 40.56797506182036], [119.24954831048616, 40.54206578083824], [119.29568833502744, 40.528825366261046], [119.4712548133268, 40.53198650102473], [119.49723364150715, 40.55253184036731], [119.5528801581019, 40.546756801784575], [119.56584989292969, 40.52266312342866], [119.54732721483249, 40.50079040989407], [119.59854179232086, 40.4539282672457], [119.58067632549725, 40.37415747225208], [119.59177900998321, 40.33309437612493], [119.64533966309627, 40.27047893731214], [119.63304359462644, 40.23028082566009], [119.66563550523713, 40.2379939712896], [119.71054272707751, 40.194477815784595], [119.73948763599746, 40.20634959114196], [119.75429383931773, 40.13450932545761], [119.73025889147853, 40.10337021202464], [119.76602334624427, 40.079552455849786], [119.78084458434093, 40.0401489288744], [119.81049636225002, 40.04890575456134], [119.84819408172076, 40.03155092188626], [119.83954817893556, 39.99942966531852], [119.84819982557369, 39.98705628546484], [119.91236666526903, 39.988468759885514], [119.93575380923286, 40.00816597653972], [119.94128593360722, 40.03888238671989], [120.08574510566531, 40.075681830819086], [120.1283177416953, 40.07295734057824], [120.15549983723389, 40.09453616985974], [120.26720951324799, 40.12578025970961], [120.36561979947709, 40.17276805980317], [120.4451650041981, 40.176002530621716], [120.4859728485674, 40.19852359061764], [120.51813123707798, 40.25530848060588], [120.51626978103009, 40.30326895220436], [120.53172522660446, 40.32385494471373], [120.59713204239095, 40.3595278499636], [120.59096738391027, 40.39783939503753], [120.61190134611162, 40.418345084185134], [120.61374271843874, 40.4588962833651], [120.66108340137279, 40.46611070828195], [120.68811704921484, 40.50430533856318], [120.71639885346674, 40.51427752761906], [120.72254881513848, 40.53793161234819], [120.81687623701347, 40.5930227954052], [120.8316871785085, 40.6430254509423], [120.82427524663632, 40.669800819331705], [120.85575506120902, 40.68347126965124], [120.93396799532037, 40.685284989412516], [120.97755148726127, 40.71149539893405], [121.02662768498317, 40.707721343171144], [121.02294044994363, 40.74491994466392], [120.98552172031475, 40.7427642757811], [120.9744769418587, 40.76501031007225], [120.98858289294643, 40.78943864499996], [120.96588220101134, 40.8044538750507], [121.00146062110396, 40.806159907002346], [121.00514430366454, 40.78304454703557], [121.08068993108142, 40.79648488001578], [121.0708442138, 40.81415677697643], [121.1201091775793, 40.86757923584392], [121.17194931839715, 40.872187655954576], [121.23055935522238, 40.8496379156208], [121.4329897046908, 40.82865554348884], [121.43421746139533, 40.88025289636423], [121.4935491963725, 40.87859275221165], [121.52076097165697, 40.85061387159874], [121.5491853281556, 40.84841645874762], [121.54733756178027, 40.81626758326966], [121.57078882803481, 40.83667688311846], [121.62068100193464, 40.84300630522185], [121.67723916795958, 40.82842190087311], [121.72643832525384, 40.84555690701281], [121.72951486656758, 40.86094296786062], [121.77265582738471, 40.88538489273072], [121.8103160111621, 40.89358280726344], [121.8375024059592, 40.83027712157881], [121.87824753952455, 40.800894287362865], [121.92875421020774, 40.7967997867597], [121.93061033962206, 40.71021216778854], [121.94598177434514, 40.67932785949593], [122.01965461060414, 40.672765456717244], [122.06020973400341, 40.64725157589665], [122.14280311033376, 40.67042907989744], [122.12799371725424, 40.61273165033778], [122.1446666830396, 40.58685296954986], [122.24034191392857, 40.518307422268485], [122.2255508268771, 40.5037377041377], [122.25943873285159, 40.478699616512095], [122.21630273725405, 40.47960204650949], [122.24528053643473, 40.444087807106484], [122.22371100693707, 40.42266362178275], [122.18112574731552, 40.4212393060236], [122.19286313620745, 40.380682411472726], [122.14654933432233, 40.35596659730824], [122.12987679051915, 40.373276708819816], [122.10520337873716, 40.34724792148323], [122.13235077835942, 40.33723525964553], [122.10459107643999, 40.31392804715779], [122.07378695136323, 40.33128000523498], [122.03443890739372, 40.320390632080546], [122.03383252831252, 40.25873270155155], [122.02093805905623, 40.24322834495593], [121.93497274922046, 40.24071861841586], [121.94481229721329, 40.202749769657935], [121.9755243256382, 40.17156346979554], [121.99762108698732, 40.17058115630428], [121.98964797437209, 40.12666252708164], [121.95096614704741, 40.1318072225164], [121.90484123066936, 40.07140639784165], [121.81907376667401, 40.02409418640755], [121.79066896502299, 39.99744159753008], [121.77339386217812, 39.940965862234464], [121.75859259798987, 39.93177115124908], [121.69394982721832, 39.93548730061732], [121.62141683638467, 39.88094810738273], [121.56659306287844, 39.86348726786196], [121.53633709502624, 39.87262715345911], [121.46648274295663, 39.80023738287131], [121.48132542174079, 39.7584007525318], [121.45351140566726, 39.745897286686386], [121.49679263771232, 39.701343207901836], [121.47701051239163, 39.657506806853384], [121.4461101159725, 39.65604524466818], [121.44426129490444, 39.62284425417913], [121.29348456465013, 39.604031104032074], [121.22086256782521, 39.55284543004434], [121.21901718123053, 39.51729202233214], [121.26275363006314, 39.48080359411098], [121.28120233283484, 39.50526916135054], [121.29595833894268, 39.47429364301046], [121.23997815911017, 39.454932274356565], [121.26460464797238, 39.43227261737264], [121.24121456978894, 39.41933506213922], [121.23998647570333, 39.387421821841016], [121.26461206225426, 39.37214619559181], [121.3021147836048, 39.38921367278852], [121.3187061910575, 39.36928843928574], [121.34881317902891, 39.375710639982096], [121.42700951605423, 39.35532655558136], [121.43009875488977, 39.327557678625155], [121.46098030916772, 39.317897735130195], [121.46901818908596, 39.294301097893516], [121.50982909307014, 39.28469321882736], [121.55678496270855, 39.3209246460818], [121.61594756401743, 39.32418096520228], [121.71924050020957, 39.36243433058584], [121.70632313304522, 39.337919150605416], [121.71309201399923, 39.31846578697454], [121.66206398416266, 39.308827959325846], [121.66698554336008, 39.273616453197555], [121.61841380945373, 39.28388758613421], [121.58393218005887, 39.26119909140901], [121.625802651093, 39.22456278811773], [121.58578542876863, 39.22690340572703], [121.58147463036978, 39.191660739147586], [121.59873063783576, 39.1642935060923], [121.63380454566874, 39.16425981103335], [121.67683844605968, 39.115912202543264], [121.62643548243985, 39.07606356626617], [121.60058742724854, 39.07887281350365], [121.63688480485787, 39.117842760580764], [121.58517784483277, 39.15315732931563], [121.55680839112597, 39.12528335732162], [121.593810666599, 39.09698833575409], [121.57655692778923, 39.073759901144015], [121.50243997362043, 39.03225166859561], [121.42520076489122, 39.02509078686849], [121.36483755199687, 39.05809050590293], [121.31137816342991, 39.010310294532836], [121.3353429663427, 38.97864205782652], [121.26958322039505, 38.96991223930439], [121.19873366110382, 38.93917920619593], [121.17466117230403, 38.95775284965534], [121.12220407801001, 38.95673531664215], [121.08339176825851, 38.91995244784553], [121.08832035513649, 38.8920131281388], [121.12406430559962, 38.87712748738487], [121.10495470172985, 38.85987346768443], [121.12284051281051, 38.796959816010784], [121.10619785533449, 38.77409000393258], [121.13210341815152, 38.72091325582645], [121.19320713833805, 38.71961946454884], [121.25422161836613, 38.78452698886463], [121.31017585741608, 38.79191799772721], [121.3538000729811, 38.82028241732918], [121.39317487969288, 38.81045448931146], [121.50432132549469, 38.81579471969917], [121.5593065344522, 38.872779677076224], [121.67010855130985, 38.859657808674925], [121.703304149193, 38.870782375307066], [121.71375592025099, 38.91826987006996], [121.61353057177809, 38.94822095182606], [121.65718891401218, 38.964439896731356], [121.66578814288901, 39.0081428513122], [121.73282755167465, 38.9968885488413], [121.75130729544199, 39.02385342990374], [121.7846152481262, 39.0206258912914], [121.79943896526767, 38.96902778265864], [121.85811120242282, 38.940745904897724], [121.91544032386071, 38.96775462055873], [121.90065875342897, 38.99567035836374], [121.84760450752782, 39.03374934190827], [121.92404989420677, 39.02308532760582], [121.90188411627454, 39.053775953327666], [121.9578565814856, 39.02813349164754], [122.00819151465089, 39.07120284272728], [122.05610658843725, 39.058077229597224], [122.06594679576357, 39.07200150717123], [122.04257905045887, 39.09898002403365], [122.16152088045256, 39.15656340594681], [122.11830389528502, 39.17041619045563], [122.11151374654435, 39.211688502404776], [122.23741661154646, 39.2656276439141], [122.26942919003363, 39.32027025362208], [122.360398446867, 39.368257434273936], [122.40717169753411, 39.4094037132473], [122.46209805173498, 39.401165672641696], [122.5276115722657, 39.41800039262782], [122.57635709752978, 39.462462652849624], [122.63173372075211, 39.48692645610103], [122.64401834149051, 39.5146214163571], [122.67718178762212, 39.51271126653907], [122.803344644769, 39.55793912504689], [122.84159358540367, 39.57969921587641], [122.85516022125923, 39.60278879316373], [122.96708160976645, 39.59302596138223], [122.97321085645378, 39.61422808157583], [123.01551053205978, 39.64130792348609], [123.00508583368615, 39.65332563819902], [123.09720388049642, 39.67483430190013], [123.14034732989957, 39.6449156562423], [123.16070148235853, 39.6721472198495], [123.20696600677256, 39.66392934169427], [123.20942818808196, 39.69480669721927], [123.24700323064381, 39.68791631473456], [123.28082471128208, 39.70217351100804], [123.26422491148439, 39.71278596991288], [123.2685243833641, 39.751924086431885], [123.3821896656944, 39.74530470439335], [123.38649909083526, 39.721817772701584], [123.47161326540629, 39.744957021813576], [123.52846930651455, 39.78654541018401]]]}}, {"type": "Feature", "properties": {"adcode": 210000, "name": "辽宁省", "count": 16}, "geometry": {"type": "Polygon", "coordinates": [[[122.63421614012103, 39.2842984582957], [122.58808454088792, 39.27645795310541], [122.5338018096716, 39.30649199235948], [122.50352479149613, 39.28834675738141], [122.57206622826793, 39.26810915280216], [122.67352756655494, 39.26662215670901], [122.63421614012103, 39.2842984582957]]]}}, {"type": "Feature", "properties": {"adcode": 210000, "name": "辽宁省", "count": 16}, "geometry": {"type": "Polygon", "coordinates": [[[122.3131004101023, 39.16864863261901], [122.33952703977769, 39.14261310767148], [122.36042259303093, 39.1727400528042], [122.39303383670337, 39.15972316346152], [122.3776423837066, 39.18849221581224], [122.38748671915926, 39.21121041004049], [122.3376761158283, 39.2010711209294], [122.3131004101023, 39.16864863261901]]]}}, {"type": "Feature", "properties": {"adcode": 210000, "name": "辽宁省", "count": 16}, "geometry": {"type": "Polygon", "coordinates": [[[122.68642846571925, 39.23091277857424], [122.69134609887574, 39.20447671948704], [122.74606647402953, 39.22760868707306], [122.73498626234918, 39.24661468422078], [122.63053407312385, 39.23982080716235], [122.62315996922464, 39.2300966104112], [122.68642846571925, 39.23091277857424]]]}}, {"type": "Feature", "properties": {"adcode": 210000, "name": "辽宁省", "count": 16}, "geometry": {"type": "Polygon", "coordinates": [[[122.733166464672, 39.032653850158304], [122.69935187186559, 39.04244938071875], [122.72763211488774, 39.01220284466433], [122.75224981439727, 39.007548535139364], [122.733166464672, 39.032653850158304]]]}}, {"type": "Feature", "properties": {"adcode": 210000, "name": "辽宁省", "count": 16}, "geometry": {"type": "Polygon", "coordinates": [[[123.0167495461518, 39.544419650927765], [122.95543239786757, 39.549214705929934], [122.93947851032242, 39.51831459896468], [122.98977953732663, 39.493240378201364], [123.03024376705302, 39.53099429586534], [123.0167495461518, 39.544419650927765]]]}}, {"type": "Feature", "properties": {"adcode": 210000, "name": "辽宁省", "count": 16}, "geometry": {"type": "Polygon", "coordinates": [[[122.49796774809504, 39.239214972231366], [122.49673335214732, 39.22206040686712], [122.54245764854328, 39.2272808780679], [122.49796774809504, 39.239214972231366]]]}}, {"type": "Feature", "properties": {"adcode": 210000, "name": "辽宁省", "count": 16}, "geometry": {"type": "Polygon", "coordinates": [[[120.78109150086829, 40.472403286635014], [120.82738513513999, 40.4906941144482], [120.82429476881316, 40.51481212029026], [120.79959830646058, 40.524324206893525], [120.76875456716945, 40.478765309160835], [120.78109150086829, 40.472403286635014]]]}}, {"type": "Feature", "properties": {"adcode": 210000, "name": "辽宁省", "count": 16}, "geometry": {"type": "Polygon", "coordinates": [[[123.08062285249929, 39.42464099148729], [123.08430977713168, 39.4486789132753], [123.04805120898976, 39.45565521262558], [123.08062285249929, 39.42464099148729]]]}}, {"type": "Feature", "properties": {"adcode": 210000, "name": "辽宁省", "count": 16}, "geometry": {"type": "Polygon", "coordinates": [[[123.15461579609372, 39.02322672094567], [123.19964592111194, 39.05490822609133], [123.19470907798451, 39.07580821434294], [123.13980309948637, 39.089645711109796], [123.13795951481154, 39.03667747887743], [123.15461579609372, 39.02322672094567]]]}}, {"type": "Feature", "properties": {"adcode": 210000, "name": "辽宁省", "count": 16}, "geometry": {"type": "Polygon", "coordinates": [[[123.71067231015273, 39.743193595169444], [123.75068445333457, 39.75238050054053], [123.71374553091417, 39.76114380829627], [123.71067231015273, 39.743193595169444]]]}}, {"type": "Feature", "properties": {"adcode": 220000, "name": "吉林省", "count": 4}, "geometry": {"type": "Polygon", "coordinates": [[[129.5942518012174, 42.41365486895795], [129.58377752476036, 42.44633650440694], [129.62008183926216, 42.46132885736063], [129.6446709039791, 42.42508472591067], [129.69688971688245, 42.42543090644174], [129.7411747214893, 42.46954376656662], [129.73131855023163, 42.49866786776566], [129.738691425031, 42.58285807517559], [129.77936911167444, 42.61370635463708], [129.74668822987445, 42.64405154674457], [129.78923111153625, 42.68015772500653], [129.75961765159866, 42.70606504187958], [129.77625917272147, 42.76099642429383], [129.80341024848292, 42.793523006345104], [129.8089571870612, 42.84924486180366], [129.82809878376506, 42.865063107359255], [129.83920473638705, 42.9167862387495], [129.86759489194569, 42.92208208165464], [129.84907694870813, 42.95008016164226], [129.8607988197731, 42.971978794213754], [129.89655914915593, 42.966749044422286], [129.88977706472764, 42.999999257204976], [129.94698320093815, 43.009121464930885], [129.95619963833278, 42.9767304558885], [129.99485849547685, 42.979243746775474], [130.01940543499413, 42.965606470960985], [130.06486679732853, 42.96945165856223], [130.10057827648174, 42.9878139973359], [130.13636305297612, 42.97428847079924], [130.11291729132395, 42.95237803236677], [130.11970692625593, 42.93049450584151], [130.09442679417094, 42.920844414954615], [130.1283515709137, 42.90159840368381], [130.162929190955, 42.91041784890268], [130.2505335245678, 42.90437698256778], [130.27022995156628, 42.890344432477356], [130.2505416086295, 42.858801515081005], [130.23761728586464, 42.797394561419246], [130.23454764869194, 42.73680125790177], [130.24995222834755, 42.70911735877974], [130.28256345144564, 42.701176336457344], [130.32558943714082, 42.64788706017438], [130.36554218216241, 42.628898660092496], [130.38031148531792, 42.6011514600293], [130.41295711991913, 42.61524234633552], [130.4388744262813, 42.605592273086124], [130.41604822870363, 42.5729678135947], [130.42777357607739, 42.55139092773534], [130.46853849897528, 42.568223729525194], [130.45184911884488, 42.586242906727605], [130.47471126104014, 42.62504958551298], [130.51551998635958, 42.62076614107695], [130.5130521028462, 42.591699579800846], [130.55137050904045, 42.49437496571292], [130.5785094017256, 42.48381643898694], [130.57420332438096, 42.433932384498995], [130.63819386613662, 42.42506040179509], [130.59329757272596, 42.44895110376418], [130.5926757196388, 42.48470195008463], [130.5581575527989, 42.50497281549698], [130.56308353804997, 42.555679569645086], [130.61542704414057, 42.57154468979426], [130.62648777710723, 42.601922262812046], [130.58525423670375, 42.669720913867884], [130.51365138120576, 42.70038075638979], [130.45677494740144, 42.686589984309606], [130.41725813223601, 42.70498340164222], [130.39937669321148, 42.72958208853691], [130.45861308282923, 42.770514148898336], [130.52538028184992, 42.78562878082736], [130.5550187383407, 42.81333676709473], [130.5963124338182, 42.817750121086966], [130.65839067876746, 42.8461786679327], [130.70077381843882, 42.84478652376523], [130.71184019153225, 42.82986153148665], [130.74690819172426, 42.843877743948134], [130.7764890411339, 42.84038869245851], [130.79437096634507, 42.87767790658032], [130.83757343104233, 42.879508038208336], [130.883212884464, 42.85107006016651], [130.90537199738117, 42.86904401898288], [130.94224485484762, 42.87513116501523], [130.97415201776323, 42.85532304371011], [131.03547905301392, 42.86084624382687], [131.0097038293132, 42.91305999264149], [131.02626249589142, 42.92702858614227], [131.10680700297297, 42.912929908573204], [131.13763853658986, 42.934424784338646], [131.1431861578376, 42.96638733625209], [131.1074120504954, 42.973344702452195], [131.11048700382847, 43.00571795640747], [131.09446570713644, 43.01882815238771], [131.1123251253501, 43.06604148105132], [131.16353684066624, 43.06743027193485], [131.16599851466185, 43.109362777339214], [131.19993922771172, 43.12950068452442], [131.21103091453605, 43.18928117568428], [131.19313916021125, 43.20103039656947], [131.19806949259063, 43.23503434151162], [131.24737184672037, 43.26294741234809], [131.2676577637537, 43.36694795543142], [131.30637307472645, 43.39036792515591], [131.28793158808992, 43.43950117779002], [131.30636004396789, 43.45901340524316], [131.31065221551353, 43.49720707317729], [131.29652268235108, 43.49983710686693], [131.2860823576468, 43.467732088388175], [131.22700663243194, 43.47297481184268], [131.19309430306046, 43.43993488651917], [131.16717055662454, 43.44249600308707], [131.1344608744843, 43.42332478514136], [131.0187925848274, 43.50632932236893], [130.95195510426757, 43.48395448206626], [130.89973370653826, 43.43235252634793], [130.85660036710954, 43.43580095411523], [130.83376816699737, 43.45226937048176], [130.81524146274222, 43.501291559777144], [130.71970134650334, 43.558043889857174], [130.6637890081032, 43.56290043053858], [130.6582590349796, 43.58155137063125], [130.6158629907364, 43.587686746883946], [130.62323425889045, 43.62017386367022], [130.4943163816915, 43.63431461195974], [130.48070800838906, 43.65375925449047], [130.40475356020227, 43.65015077424284], [130.38626537401146, 43.70078739894463], [130.41521664226198, 43.74274584374874], [130.37455808733853, 43.77473076197605], [130.3739351232663, 43.815337032556116], [130.35486651006562, 43.842560503949876], [130.37823470730322, 43.85159834449528], [130.36038976475515, 43.891741532630036], [130.37391762323443, 43.90768353664484], [130.33026317197965, 43.96162450389284], [130.3560681519915, 43.9900085192899], [130.35728694998443, 44.04165764991984], [130.31120414579686, 44.037437518214695], [130.29953687788608, 44.00044441175298], [130.26449510324835, 43.97939219491756], [130.25465405115338, 43.94708830945767], [130.20040601428497, 43.94619982953768], [130.14545104080096, 43.913345544669426], [130.1355786320123, 43.876238181683924], [130.1084280556855, 43.87577441095311], [130.10288295517734, 43.85031159266212], [130.07147457650552, 43.83261938908676], [130.01985686250396, 43.84955207687061], [130.00144095368034, 43.88714434129942], [130.01493443113395, 43.91556681414515], [130.01001776388262, 43.95954185765131], [129.97135582007965, 44.01348922409846], [129.94372898924, 44.025180526607045], [129.90006630327503, 44.021792298468824], [129.87357036977937, 43.998108190491294], [129.86061284105224, 44.01057967212886], [129.79517325580537, 43.96266761934684], [129.77235321316866, 43.890647597207405], [129.73168290913168, 43.89365385096983], [129.73538060371948, 43.87380937632017], [129.46001336852407, 43.87243201721648], [129.44210849944974, 43.848225671855495], [129.41003869965277, 43.84127537093445], [129.39895649271838, 43.8170929414544], [129.34056166392483, 43.795983890578604], [129.30127005921898, 43.80988076958773], [129.28223642195903, 43.79479377276197], [129.24719409410847, 43.81728235212962], [129.20408839655292, 43.78226907216072], [129.22505298152913, 43.707064402331156], [129.20657049962932, 43.692770041638944], [129.20966098334938, 43.646460444452], [129.2250662400051, 43.633049469691905], [129.2226096939321, 43.591025164868505], [129.16156976540861, 43.559292676226256], [129.13751218961116, 43.56792170751912], [129.03050447809636, 43.53804170401297], [129.00660220913556, 43.520756411347655], [128.9428495715045, 43.55173024904377], [128.8715312797877, 43.53789370217939], [128.82774412001615, 43.58551944315571], [128.81416398105424, 43.635316761978224], [128.76112519646398, 43.73001564497917], [128.72235839599617, 43.734775831060105], [128.75311585415895, 43.7533586013869], [128.73218464090212, 43.80477920181918], [128.71251110983715, 43.81472840797417], [128.75371314890108, 43.855292018279805], [128.72294710069684, 43.88765776032294], [128.68915608382937, 43.90107204162574], [128.62960603129105, 43.889103456862614], [128.63328129496435, 43.94600807303727], [128.57792219692402, 43.988257724307545], [128.56805294599732, 44.04592691010869], [128.52236769716004, 44.110337327435765], [128.46487689879723, 44.15527962024096], [128.4432487550809, 44.20115653563912], [128.46486134641728, 44.24538508585686], [128.44694459876584, 44.25563077838206], [128.46546682753834, 44.317796581297564], [128.43952034686475, 44.33743044105477], [128.46855259125655, 44.343918683998204], [128.47472776333626, 44.373459058945585], [128.45000532565393, 44.40760573961043], [128.45617922348973, 44.42941815985571], [128.36556744940512, 44.51219849823587], [128.20442763181592, 44.4295046939176], [128.16554605856535, 44.34476483292829], [128.0878055039023, 44.352379162305006], [128.06749174070868, 44.36779398840829], [128.0429094019483, 44.347723267694576], [128.0582788352709, 44.30488423850504], [128.0945918442438, 44.29115272891345], [128.05705890013667, 44.249181150949944], [128.09706779604926, 44.22771592386056], [128.08537209013676, 44.179232596628346], [128.05338491589453, 44.16638675297458], [128.08106678640434, 44.156051160236274], [128.08414885497606, 44.13070934110756], [128.0355813808218, 44.10155759071807], [127.94353019203078, 44.086337419676056], [127.90602393606876, 44.06273657640458], [127.85608746938654, 44.060990090819544], [127.8394149028305, 44.07988574919803], [127.80174037712484, 44.084547383312554], [127.77643513712022, 44.06989040220917], [127.72220718551657, 44.09696762240295], [127.72897386238276, 44.11200523247303], [127.70558373383949, 44.19705248296746], [127.67486131166396, 44.164912716649994], [127.63492184193927, 44.191598750554256], [127.61955306758661, 44.186041181297036], [127.58384621426954, 44.225957167442346], [127.6170789483338, 44.276100934221944], [127.47942615660388, 44.40814690555472], [127.50168347224253, 44.43513818765197], [127.45654164394246, 44.48241992620942], [127.45839009254348, 44.51443357129773], [127.47816905816742, 44.52643338050203], [127.52948878138452, 44.520179650376704], [127.56344644253033, 44.54839258333828], [127.55048157329195, 44.57352692276715], [127.38559307185947, 44.62985985226291], [127.26885071908833, 44.63812383665698], [127.25470874636967, 44.61088165377105], [127.2072742005704, 44.622786770594125], [127.22206668066477, 44.64068387523809], [127.17518666006539, 44.642321665483564], [127.13199284979306, 44.605199213477974], [127.08762347392178, 44.61368724940498], [127.0827038627278, 44.59153758960093], [127.04276478989426, 44.56473919052403], [127.03722677247966, 44.651644762635044], [127.023726647633, 44.67125319152959], [127.03414844282288, 44.70993024937215], [126.99060397346616, 44.762750225602424], [126.97772123403648, 44.82179999555998], [126.99303771801691, 44.87180037845452], [127.01510299675513, 44.8967413061781], [127.06604612008896, 44.904683987940956], [127.08571929063073, 44.94448314059316], [127.04330316052685, 45.001665441684146], [126.9641895893648, 45.06868003283618], [126.95743267989515, 45.129927929493554], [126.84975484759465, 45.143478823103536], [126.78618345991192, 45.13324083646386], [126.78062791287927, 45.156862724893905], [126.72579532179608, 45.18510369430076], [126.67908489287797, 45.18558987300805], [126.63362461933863, 45.21223181841684], [126.63853919692298, 45.22318197868759], [126.5628137831865, 45.25059276325927], [126.53379071018546, 45.23663859801396], [126.51276759151624, 45.245852769636784], [126.39599537001178, 45.220335690531435], [126.34923125596777, 45.18328148995092], [126.2865370354944, 45.177912395241606], [126.27854335521346, 45.16020894166041], [126.22865632823853, 45.13786772459391], [126.21878337231378, 45.15178541431082], [126.15948951713281, 45.13101722186112], [126.04049187895419, 45.16854797643738], [125.99137304386612, 45.1598258718144], [125.9858433975551, 45.19020844496824], [125.9084043518129, 45.19458613854879], [125.84299595828779, 45.23668602834558], [125.81704279968741, 45.23579754275126], [125.80900487878301, 45.262740424281965], [125.75466737560195, 45.28919826496754], [125.71892621358818, 45.33423090836224], [125.68816961285079, 45.34983366987587], [125.70538078257613, 45.38722201827825], [125.7047499951441, 45.47541224316691], [125.68076378538206, 45.51194905026111], [125.65310905480466, 45.50487140796531], [125.6100605460981, 45.51583876661085], [125.57618154359147, 45.489836176704756], [125.49028339742986, 45.46699239007097], [125.47295951293604, 45.48414757822032], [125.41735768427758, 45.48319602478746], [125.4272343981519, 45.46054627849993], [125.39086936954766, 45.41433426073894], [125.35457916608958, 45.390418459412615], [125.31218708565136, 45.42032464715473], [125.29437568285645, 45.39977203693559], [125.24148047869846, 45.41536429632353], [125.18228381202917, 45.39681939606507], [125.13043121503705, 45.40723349170834], [125.08975668072357, 45.380310902175886], [125.05900193335745, 45.396722991582465], [125.08174865790147, 45.41854828687111], [125.04241528530098, 45.426158950408706], [125.01847594825635, 45.490861653329375], [124.95409635792345, 45.49314687381895], [124.93014771156528, 45.531779654627314], [124.90432703147158, 45.53390218915151], [124.87785426962286, 45.49321853385434], [124.879712135598, 45.44075587447597], [124.83283025094552, 45.453709700023275], [124.7859245481982, 45.434734748727365], [124.76926781940041, 45.46578123696957], [124.722472826083, 45.441850213998016], [124.68375342803748, 45.450300084572085], [124.61864284224457, 45.43529672003938], [124.5687668055998, 45.44915948566246], [124.57308703247848, 45.42228787324114], [124.53729199824527, 45.40963178579199], [124.50019660681407, 45.42255454993736], [124.47359557026148, 45.45396914246295], [124.39149924648102, 45.43831153498526], [124.36688038560231, 45.455541189163604], [124.34535688239681, 45.494180387992834], [124.36195056653767, 45.51051425286672], [124.34166057430606, 45.54450802494119], [124.28082675529335, 45.53707072166811], [124.25744495128781, 45.55302237636913], [124.26605706987816, 45.58192725430404], [124.23156636054826, 45.58947618915033], [124.2198427936402, 45.631339318702295], [124.15501088597381, 45.614075818346336], [124.1210435605868, 45.63955798808144], [124.14017782687172, 45.66301636941091], [124.11486854307454, 45.66674829176522], [124.12782412620416, 45.688093809854934], [124.09451417551682, 45.698521088315985], [124.09081273966551, 45.72025751157677], [124.0471226284613, 45.74913166003242], [124.00783137169877, 45.74756073736226], [123.99494395078312, 45.76848303190714], [124.0569476058047, 45.80005599248193], [124.02929588606553, 45.835995061130845], [124.0600154026185, 45.838019393859234], [124.05385943290285, 45.883890918304225], [123.98939918483998, 45.90489264849269], [123.9617827940858, 45.9345441049456], [123.96668571278948, 45.971993449627966], [124.0047221916593, 45.979785131398216], [123.98201918662767, 46.00980175188486], [124.03294749389113, 46.01755512841839], [124.02680285437344, 46.04292584070657], [124.00286898514624, 46.05545948063074], [124.00838465065276, 46.086179335451526], [123.9869106354955, 46.09911612529917], [124.0096064187079, 46.1164805675442], [123.98444905150059, 46.14103700720518], [123.99487358513, 46.1646445048201], [123.96480973027246, 46.16846504135583], [123.94945633584152, 46.204147331235255], [123.97277765345287, 46.22686885739871], [123.9451478492849, 46.25468108407862], [123.95312540196599, 46.286525301656404], [123.92916621942004, 46.284918962823205], [123.91071806413217, 46.25514610817793], [123.88915316725382, 46.30190322430392], [123.84287508074951, 46.300614646829565], [123.76878352067482, 46.261192735462316], [123.59780344774474, 46.25019509925727], [123.56268269210672, 46.22202213089967], [123.49223643848894, 46.25787813698092], [123.44526482440112, 46.23125645545598], [123.42304525272483, 46.24157174677814], [123.34982014940991, 46.23000072714779], [123.31359256129429, 46.25242613186995], [123.27920595429364, 46.24834341655131], [123.24107617951006, 46.27113278101842], [123.17141653279396, 46.24622023342134], [123.12145367125552, 46.2084512593281], [123.12022812188499, 46.17239447684882], [123.0955875159542, 46.16989132515803], [123.10544712255243, 46.12800423820387], [123.0630044944942, 46.12137992859308], [123.03906911408974, 46.0977634772463], [122.78636939088682, 46.071355351962154], [122.8221819150662, 45.910437358966824], [122.79380770948961, 45.85454065712869], [122.76606141947545, 45.854507175456376], [122.74574045875406, 45.83281169973808], [122.78580447266552, 45.76397385682584], [122.74452652548607, 45.73386629722079], [122.73529995711816, 45.70293922903413], [122.66526268678386, 45.69843692586521], [122.63454972042379, 45.769107623222], [122.59704589556272, 45.77624365275652], [122.55019453992563, 45.81961524486843], [122.5162206604833, 45.78489614921243], [122.49828943740668, 45.784844539027816], [122.48962015794605, 45.856164038355104], [122.43954501349435, 45.91479739079138], [122.35576814969266, 45.91520589048529], [122.36622960871603, 45.85392867246439], [122.33119917341462, 45.85773773924516], [122.29495963311398, 45.81108758537562], [122.2475941298421, 45.7961111442569], [122.23033433291565, 45.82949080154022], [122.19454311895213, 45.854894876086156], [122.08466561577863, 45.87976994764043], [122.0785020747964, 45.91019001754921], [122.03361232846682, 45.95689707295029], [121.92186367703259, 45.98672670298663], [121.91755381342318, 46.00295378907407], [121.85775662709555, 46.0004419538357], [121.83737114943676, 46.02244867034479], [121.75524987357375, 45.99696593665677], [121.80278249595943, 45.95915852879642], [121.8151457422864, 45.91629445910582], [121.79908672919217, 45.89876951416579], [121.81082845587412, 45.8733689984317], [121.76329225110653, 45.841615368592905], [121.74788658294868, 45.79279178265283], [121.69065762747427, 45.76110826491794], [121.65071348925507, 45.76828370553477], [121.63781056667239, 45.75034606377716], [121.70726914511258, 45.699657258261674], [121.80468046749833, 45.68505689315754], [121.80591327474664, 45.70262014058975], [121.86088912826736, 45.71776231940657], [121.96369460072087, 45.690929799439125], [121.9968421121355, 45.62096052294579], [121.98948367808342, 45.59669631529622], [121.96002615628319, 45.594268935840965], [121.9870365856707, 45.5506177302684], [121.99624706544289, 45.50572621469268], [122.05765610035668, 45.47032982179622], [122.1618736415623, 45.437640423726926], [122.17361610717133, 45.407421215632965], [122.14026486163743, 45.37206135982697], [122.14089523094918, 45.293403872969314], [122.2328891533911, 45.27417158889411], [122.22365180767254, 45.204654736151014], [122.18600646446322, 45.1784669291572], [122.13659017828725, 45.18090987829117], [122.10327478812196, 45.13995678389384], [122.1131546215924, 45.06649200012911], [122.09219919881507, 45.01914185354876], [122.0681878680028, 45.004353528867036], [122.08050675270754, 44.95060179030299], [122.07251052710396, 44.9120686413954], [122.0429960823461, 44.91084296379834], [122.0916153900257, 44.81666042794437], [122.09346997228529, 44.78015351675591], [122.16259797993868, 44.76834507629424], [122.13604202524488, 44.75173277835803], [122.10395142319994, 44.76571734422704], [122.09594160506295, 44.7342751603042], [122.14592447052665, 44.741975965771104], [122.15519202589114, 44.72626834192919], [122.11074541200458, 44.699847620043016], [122.09656790288207, 44.67176795141194], [122.12495720318663, 44.57555038989045], [122.18980817422357, 44.557756427987485], [122.21820566227797, 44.52410258767547], [122.2219138481995, 44.47844015041983], [122.27980102171767, 44.47586169714137], [122.2853608236127, 44.308226221400055], [122.2650718807319, 44.25383444957238], [122.31302709757954, 44.231038487605915], [122.47688938414692, 44.23491877256221], [122.66916656342276, 44.283914950183835], [122.75459506679657, 44.36773959296631], [122.85018615085363, 44.39653416755186], [123.01848977264162, 44.49115247072474], [123.11804805663431, 44.50769749357253], [123.13038215939629, 44.48423721551844], [123.11867346192999, 44.45305065792076], [123.13532486168798, 44.42615485706173], [123.1075907444638, 44.40047685271965], [123.12176919316721, 44.364991003646445], [123.19025035164576, 44.342854226452125], [123.27032669976249, 44.250790707113275], [123.28016611382536, 44.20960886861666], [123.31701792163668, 44.17779122345456], [123.37968024403965, 44.1596636720022], [123.35571162364698, 44.13134403924941], [123.34404760660571, 44.0905375802932], [123.32133151076044, 44.081980702870844], [123.32440947540411, 44.02691491887367], [123.39386315047497, 43.97731681630257], [123.36372730829649, 43.9678614621105], [123.39017374810126, 43.95276179593344], [123.46111881641139, 43.851508982077746], [123.45494585618066, 43.82041016334181], [123.49142167134366, 43.76910438932381], [123.47597035594585, 43.735340882650775], [123.51368927188385, 43.70647457799472], [123.53038756547922, 43.63206925303166], [123.50381091368739, 43.62290118146519], [123.50505262002274, 43.59084365084942], [123.41425271637978, 43.59626832535108], [123.42720481807564, 43.57331269725554], [123.4543690470509, 43.56642782090981], [123.4457251345436, 43.54386133931881], [123.35334712344584, 43.56509035841808], [123.29808471082758, 43.54871405666536], [123.32326430205165, 43.51700362658152], [123.30914690695087, 43.490126320814475], [123.37610292048865, 43.46700897404665], [123.41305026592198, 43.407931584689685], [123.43524790008115, 43.43576558543416], [123.47972643796538, 43.44325694988461], [123.51311910919829, 43.40034015281231], [123.53845237145477, 43.413442027191955], [123.60197037817655, 43.36437650718168], [123.69723597913168, 43.36857723238287], [123.7033756121846, 43.415079639054426], [123.74275458372406, 43.437207113137696], [123.74090136400785, 43.470212916891015], [123.79023268880971, 43.48804816518075], [123.85137444157645, 43.45732912836602], [123.84582530482726, 43.40432016044998], [123.87483404312066, 43.39044749587369], [123.88963644008864, 43.35958379425039], [123.95791240765509, 43.339055105784155], [124.0260426338362, 43.27879403011249], [124.09245774175206, 43.29089144409993], [124.11033785644695, 43.27522393454341], [124.10725873076129, 43.24516756113214], [124.2085122353197, 43.25403404295478], [124.22208819819156, 43.23313418655321], [124.26951922432283, 43.23138538655773], [124.2805950938424, 43.206092560283686], [124.26706730501655, 43.176892570740215], [124.4190141140287, 43.07414870659958], [124.3267226693348, 42.995537294354506], [124.36298879338253, 42.97097587700427], [124.41656258527982, 42.97358909046208], [124.43569458642997, 42.95698459813222], [124.42520602126523, 42.92894946475576], [124.37407005181063, 42.91098470668636], [124.36484831791252, 42.8790112746212], [124.42891690194148, 42.879015140974104], [124.45980472773734, 42.84532190757117], [124.580267056103, 42.90388840100771], [124.60120109580448, 42.93585952285492], [124.6258010570322, 42.948094983836626], [124.62887117230906, 42.971287201136015], [124.65221864994403, 42.971248091902716], [124.68045893615984, 43.04947224752782], [124.74871098268979, 43.07256275395361], [124.77890386518402, 43.11538165674957], [124.87638824984869, 43.13255616653033], [124.88255916706588, 43.073175222772925], [124.83445825454507, 43.03072338458163], [124.86346347768337, 42.98659898324702], [124.84312121644099, 42.8810462150836], [124.8678094063135, 42.7885396391175], [124.89122616069791, 42.78635959693241], [124.9219837192654, 42.81837752808886], [124.96864449022833, 42.80116753083488], [124.990116040468, 42.74358840661157], [124.96190963680118, 42.721264435052596], [124.9839953789251, 42.67592229310755], [125.00791075099762, 42.664413799590854], [125.0042364623485, 42.63054556905985], [125.03184075891319, 42.61374234626593], [125.090225648487, 42.620707361666796], [125.07607722349678, 42.58945081648463], [125.0828483762592, 42.566099182756325], [125.06010016446007, 42.533065185858696], [125.08408756108055, 42.51408418913053], [125.06194960904207, 42.497782962542644], [125.09825283300871, 42.48894088294552], [125.14327071669553, 42.457213491159166], [125.13339972480063, 42.445278029960065], [125.17969471466924, 42.426370406298076], [125.17908456828724, 42.38041644416991], [125.19698391334117, 42.365415020884434], [125.16057069686565, 42.3503172828861], [125.16860223338625, 42.306531822592646], [125.21734831148612, 42.29952297385607], [125.25738420725857, 42.31103851446541], [125.29243764344778, 42.28842327757038], [125.26908011492367, 42.26542800713938], [125.2690856447317, 42.22954218258327], [125.30596518051303, 42.218407696840885], [125.27401349674042, 42.17367204120772], [125.30596868698895, 42.195797988669], [125.29921869438049, 42.14479433532943], [125.35021117317574, 42.143813007816476], [125.36127009464914, 42.181064676758275], [125.40682479595031, 42.154424835369824], [125.45126176809313, 42.158482150277], [125.48341465909087, 42.13460370609888], [125.43953419073536, 42.096752217092295], [125.40744975719707, 42.10026702895449], [125.40930523031973, 42.06206177290041], [125.35637732851487, 42.01540889365481], [125.36314300672068, 42.0011671229684], [125.29187165827851, 41.97281608688393], [125.28511279399929, 41.9572483792188], [125.34471361998801, 41.92641768239941], [125.30109620265065, 41.92293644438935], [125.2882069439673, 41.82132873110005], [125.31647767269267, 41.76951246324923], [125.32937881742907, 41.76636286645356], [125.32570121833764, 41.70964516712781], [125.31034926831434, 41.675258527459874], [125.3373798878683, 41.67073616173731], [125.40566441565612, 41.68945049244944], [125.44021716990726, 41.67429284177839], [125.45443162922224, 41.64078409475141], [125.44331752722861, 41.59601506829036], [125.47299155936348, 41.543252340785386], [125.50082379210217, 41.532582163074686], [125.48660161566288, 41.507446954243825], [125.52680306909147, 41.477526786119874], [125.5280468906715, 41.42729475423166], [125.54164707025264, 41.39950037439937], [125.57498194815359, 41.3950590898715], [125.58361921447775, 41.35779456839144], [125.60394851475574, 41.36363055400263], [125.63102589278512, 41.342940333872036], [125.61380435753316, 41.31689929244373], [125.63595294229377, 41.29484574916389], [125.64026107372804, 41.2629124981276], [125.67898566308759, 41.27228452954878], [125.68882736183144, 41.243028574477464], [125.74298782734418, 41.24387506323931], [125.75223552890589, 41.23082842146946], [125.73190826065967, 41.17680950638668], [125.78494669486598, 41.16602683799787], [125.70606878845746, 41.09391777500303], [125.73315322804804, 41.08757976830586], [125.7202273108758, 41.05375769349877], [125.67779358824464, 41.02042429122115], [125.66858018640377, 40.9730257063851], [125.64399243264117, 40.969457665570744], [125.62923840120281, 40.940108915171145], [125.58306394153674, 40.929740661904674], [125.57813682051501, 40.89039706165095], [125.64584474687007, 40.91476660793989], [125.6814992271427, 40.896157279189666], [125.70118031340145, 40.865361080269025], [125.77202263497242, 40.896104620996695], [125.81093167735597, 40.86539861506543], [125.86898651877239, 40.90711053721217], [125.91522404462667, 40.88133386955364], [125.95335425042552, 40.88036445119993], [126.00185767361951, 40.93494281879199], [126.03502124157431, 40.92716619539311], [126.04546455120492, 40.960135971780616], [126.07622467343784, 40.97500226913125], [126.059603876548, 40.99579613220878], [126.10210251922751, 41.010224279113295], [126.09346738429517, 41.03459806445962], [126.12739458505033, 41.06214646472894], [126.11813103090789, 41.090550513996796], [126.16136323586659, 41.09287269153573], [126.28900591200639, 41.169996065236454], [126.32588243550177, 41.235204857127144], [126.3480111057463, 41.242813040798985], [126.36706996198221, 41.28731266463109], [126.4311500373134, 41.35158548607548], [126.4911012277234, 41.373289854351164], [126.51831435310424, 41.34776812652217], [126.53314586250764, 41.3653234242497], [126.49109668637035, 41.405164586868445], [126.55412026088447, 41.54656313611275], [126.57694366587923, 41.561816332476084], [126.55843279418634, 41.607459265197114], [126.58679567487185, 41.623143794396775], [126.60218535058665, 41.66786918487181], [126.63908500760647, 41.659778537993205], [126.68208668934324, 41.67266544885276], [126.71834369540807, 41.7092639178122], [126.68453557158904, 41.726736883250176], [126.68883340482003, 41.749508985471785], [126.71710744112396, 41.75170171039392], [126.7941241808149, 41.701249581493954], [126.80337382327515, 41.747726067045], [126.84226013662777, 41.73261023311705], [126.88110403607871, 41.79025532287429], [126.92540860509318, 41.81121230427168], [126.94690681053132, 41.802696932430734], [126.9340158335443, 41.771926038900105], [126.97329242908343, 41.77540352298035], [126.99966254018922, 41.747641860006304], [127.04444543825505, 41.74305617684866], [127.05120591141123, 41.701941036026945], [127.03156614543838, 41.675164726363796], [127.09672269404948, 41.64601979499977], [127.08687546980319, 41.62812751344867], [127.12075737747, 41.6205374484019], [127.12939476843769, 41.59862056482266], [127.17197108852596, 41.59824554221154], [127.11891706090081, 41.56458371058479], [127.11213993199608, 41.53815161651969], [127.15840248648591, 41.540906617387456], [127.1818561055932, 41.5257177802713], [127.23488503372434, 41.5190568336732], [127.28226053741824, 41.5002071188095], [127.24720497365689, 41.484993786619256], [127.35413582001733, 41.46421290848863], [127.35351922454258, 41.477666816801445], [127.39903871606718, 41.47673416170005], [127.41321321961428, 41.45835453053359], [127.45270736591857, 41.45976312788763], [127.45888226307954, 41.4772659126136], [127.5200832820539, 41.466229647769175], [127.54108917158987, 41.47569742564282], [127.55776397148759, 41.43132311156942], [127.61260013250055, 41.43133785750362], [127.63043682344512, 41.412021610269036], [127.77376895253988, 41.425340497991314], [127.84847341892862, 41.41918050153494], [127.86328816579656, 41.40214727578237], [127.87623611107946, 41.4465822449963], [127.90335263150632, 41.428194778325], [127.92550310118428, 41.443429139230055], [127.9642074951207, 41.43706827796752], [127.98507551884853, 41.41950849989146], [127.99366198256999, 41.441018447073134], [128.03356140348035, 41.39154143990691], [128.10431030046803, 41.39146998907301], [128.08398248332534, 41.37261077365618], [128.10801303612078, 41.36228555100834], [128.16293459181884, 41.40232375541662], [128.19750664039083, 41.409116397751205], [128.23696334380338, 41.4755438397902], [128.23203136833433, 41.49616451783221], [128.2947864503087, 41.538240824860345], [128.31136925168957, 41.57403959830967], [128.29538770689578, 41.625985940207286], [128.2424772442408, 41.67970037559283], [128.20240210428904, 41.68682367344673], [128.15732821154222, 41.719815500815436], [128.14126643344665, 41.779181996530106], [128.10609716806158, 41.79163774047513], [128.09990924999724, 41.948093355686765], [128.02732892770416, 41.998470891139135], [128.08388201856812, 42.021065900984084], [128.28795119047894, 42.02476510904855], [128.45966757250878, 42.01891636224537], [128.49242445896434, 41.99899356854405], [128.59178454645524, 42.005850689253855], [128.60039604026946, 42.02852923587052], [128.63113125391934, 42.033834209857766], [128.65201349117513, 42.01734675923], [128.69560345016365, 42.01860049234044], [128.7312431514885, 42.048794027630265], [128.77249412100193, 42.031912606766824], [128.78851929658984, 42.040824641268145], [128.89148295827647, 42.015180105860274], [128.94616840876841, 42.024015966030056], [128.94799882645955, 42.08223614003934], [128.96455534133787, 42.09552038541528], [129.00194111970794, 42.090078920358486], [129.03197643423454, 42.10598407632308], [129.0411728209444, 42.13570847836967], [129.10632966329044, 42.13876499618464], [129.15934156165403, 42.186310096440764], [129.20867767507232, 42.206788744213284], [129.2018912873362, 42.236033217545085], [129.1741376767551, 42.24041841051154], [129.17598515140696, 42.260357205383926], [129.20866815335262, 42.2635087254175], [129.22406861938111, 42.28212170898782], [129.20126539755663, 42.29139554847905], [129.2529892038386, 42.33390655353192], [129.22405639534338, 42.35469122322828], [129.23329022448672, 42.37459246924768], [129.318712024837, 42.38820355631186], [129.30151929194963, 42.40193552501632], [129.3236157237706, 42.427957195482676], [129.34879039252854, 42.42526173759083], [129.33466432924658, 42.43941834487736], [129.36045644622743, 42.45747805055165], [129.3586183729798, 42.42701266460903], [129.38505281895522, 42.426547009356874], [129.39304831201574, 42.44729953970601], [129.44483175708223, 42.439405699831596], [129.53876650979944, 42.360119174738756], [129.57084789402438, 42.37873687264739], [129.5622122008866, 42.39773205617928], [129.5942518012174, 42.41365486895795]]]}}, {"type": "Feature", "properties": {"adcode": 230000, "name": "黑龙江省", "count": 10}, "geometry": {"type": "Polygon", "coordinates": [[[123.56268269210672, 46.22202213089967], [123.59780344774474, 46.25019509925727], [123.76878352067482, 46.261192735462316], [123.84287508074951, 46.300614646829565], [123.88915316725382, 46.30190322430392], [123.91071806413217, 46.25514610817793], [123.92916621942004, 46.284918962823205], [123.95312540196599, 46.286525301656404], [123.9451478492849, 46.25468108407862], [123.97277765345287, 46.22686885739871], [123.94945633584152, 46.204147331235255], [123.96480973027246, 46.16846504135583], [123.99487358513, 46.1646445048201], [123.98444905150059, 46.14103700720518], [124.0096064187079, 46.1164805675442], [123.9869106354955, 46.09911612529917], [124.00838465065276, 46.086179335451526], [124.00286898514624, 46.05545948063074], [124.02680285437344, 46.04292584070657], [124.03294749389113, 46.01755512841839], [123.98201918662767, 46.00980175188486], [124.0047221916593, 45.979785131398216], [123.96668571278948, 45.971993449627966], [123.9617827940858, 45.9345441049456], [123.98939918483998, 45.90489264849269], [124.05385943290285, 45.883890918304225], [124.0600154026185, 45.838019393859234], [124.02929588606553, 45.835995061130845], [124.0569476058047, 45.80005599248193], [123.99494395078312, 45.76848303190714], [124.00783137169877, 45.74756073736226], [124.0471226284613, 45.74913166003242], [124.09081273966551, 45.72025751157677], [124.09451417551682, 45.698521088315985], [124.12782412620416, 45.688093809854934], [124.11486854307454, 45.66674829176522], [124.14017782687172, 45.66301636941091], [124.1210435605868, 45.63955798808144], [124.15501088597381, 45.614075818346336], [124.2198427936402, 45.631339318702295], [124.23156636054826, 45.58947618915033], [124.26605706987816, 45.58192725430404], [124.25744495128781, 45.55302237636913], [124.28082675529335, 45.53707072166811], [124.34166057430606, 45.54450802494119], [124.36195056653767, 45.51051425286672], [124.34535688239681, 45.494180387992834], [124.36688038560231, 45.455541189163604], [124.39149924648102, 45.43831153498526], [124.47359557026148, 45.45396914246295], [124.50019660681407, 45.42255454993736], [124.53729199824527, 45.40963178579199], [124.57308703247848, 45.42228787324114], [124.5687668055998, 45.44915948566246], [124.61864284224457, 45.43529672003938], [124.68375342803748, 45.450300084572085], [124.722472826083, 45.441850213998016], [124.76926781940041, 45.46578123696957], [124.7859245481982, 45.434734748727365], [124.83283025094552, 45.453709700023275], [124.879712135598, 45.44075587447597], [124.87785426962286, 45.49321853385434], [124.90432703147158, 45.53390218915151], [124.93014771156528, 45.531779654627314], [124.95409635792345, 45.49314687381895], [125.01847594825635, 45.490861653329375], [125.04241528530098, 45.426158950408706], [125.08174865790147, 45.41854828687111], [125.05900193335745, 45.396722991582465], [125.08975668072357, 45.380310902175886], [125.13043121503705, 45.40723349170834], [125.18228381202917, 45.39681939606507], [125.24148047869846, 45.41536429632353], [125.29437568285645, 45.39977203693559], [125.31218708565136, 45.42032464715473], [125.35457916608958, 45.390418459412615], [125.39086936954766, 45.41433426073894], [125.4272343981519, 45.46054627849993], [125.41735768427758, 45.48319602478746], [125.47295951293604, 45.48414757822032], [125.49028339742986, 45.46699239007097], [125.57618154359147, 45.489836176704756], [125.6100605460981, 45.51583876661085], [125.65310905480466, 45.50487140796531], [125.68076378538206, 45.51194905026111], [125.7047499951441, 45.47541224316691], [125.70538078257613, 45.38722201827825], [125.68816961285079, 45.34983366987587], [125.71892621358818, 45.33423090836224], [125.75466737560195, 45.28919826496754], [125.80900487878301, 45.262740424281965], [125.81704279968741, 45.23579754275126], [125.84299595828779, 45.23668602834558], [125.9084043518129, 45.19458613854879], [125.9858433975551, 45.19020844496824], [125.99137304386612, 45.1598258718144], [126.04049187895419, 45.16854797643738], [126.15948951713281, 45.13101722186112], [126.21878337231378, 45.15178541431082], [126.22865632823853, 45.13786772459391], [126.27854335521346, 45.16020894166041], [126.2865370354944, 45.177912395241606], [126.34923125596777, 45.18328148995092], [126.39599537001178, 45.220335690531435], [126.51276759151624, 45.245852769636784], [126.53379071018546, 45.23663859801396], [126.5628137831865, 45.25059276325927], [126.63853919692298, 45.22318197868759], [126.63362461933863, 45.21223181841684], [126.67908489287797, 45.18558987300805], [126.72579532179608, 45.18510369430076], [126.78062791287927, 45.156862724893905], [126.78618345991192, 45.13324083646386], [126.84975484759465, 45.143478823103536], [126.95743267989515, 45.129927929493554], [126.9641895893648, 45.06868003283618], [127.04330316052685, 45.001665441684146], [127.08571929063073, 44.94448314059316], [127.06604612008896, 44.904683987940956], [127.01510299675513, 44.8967413061781], [126.99303771801691, 44.87180037845452], [126.97772123403648, 44.82179999555998], [126.99060397346616, 44.762750225602424], [127.03414844282288, 44.70993024937215], [127.023726647633, 44.67125319152959], [127.03722677247966, 44.651644762635044], [127.04276478989426, 44.56473919052403], [127.0827038627278, 44.59153758960093], [127.08762347392178, 44.61368724940498], [127.13199284979306, 44.605199213477974], [127.17518666006539, 44.642321665483564], [127.22206668066477, 44.64068387523809], [127.2072742005704, 44.622786770594125], [127.25470874636967, 44.61088165377105], [127.26885071908833, 44.63812383665698], [127.38559307185947, 44.62985985226291], [127.55048157329195, 44.57352692276715], [127.56344644253033, 44.54839258333828], [127.52948878138452, 44.520179650376704], [127.47816905816742, 44.52643338050203], [127.45839009254348, 44.51443357129773], [127.45654164394246, 44.48241992620942], [127.50168347224253, 44.43513818765197], [127.47942615660388, 44.40814690555472], [127.6170789483338, 44.276100934221944], [127.58384621426954, 44.225957167442346], [127.61955306758661, 44.186041181297036], [127.63492184193927, 44.191598750554256], [127.67486131166396, 44.164912716649994], [127.70558373383949, 44.19705248296746], [127.72897386238276, 44.11200523247303], [127.72220718551657, 44.09696762240295], [127.77643513712022, 44.06989040220917], [127.80174037712484, 44.084547383312554], [127.8394149028305, 44.07988574919803], [127.85608746938654, 44.060990090819544], [127.90602393606876, 44.06273657640458], [127.94353019203078, 44.086337419676056], [128.0355813808218, 44.10155759071807], [128.08414885497606, 44.13070934110756], [128.08106678640434, 44.156051160236274], [128.05338491589453, 44.16638675297458], [128.08537209013676, 44.179232596628346], [128.09706779604926, 44.22771592386056], [128.05705890013667, 44.249181150949944], [128.0945918442438, 44.29115272891345], [128.0582788352709, 44.30488423850504], [128.0429094019483, 44.347723267694576], [128.06749174070868, 44.36779398840829], [128.0878055039023, 44.352379162305006], [128.16554605856535, 44.34476483292829], [128.20442763181592, 44.4295046939176], [128.36556744940512, 44.51219849823587], [128.45617922348973, 44.42941815985571], [128.45000532565393, 44.40760573961043], [128.47472776333626, 44.373459058945585], [128.46855259125655, 44.343918683998204], [128.43952034686475, 44.33743044105477], [128.46546682753834, 44.317796581297564], [128.44694459876584, 44.25563077838206], [128.46486134641728, 44.24538508585686], [128.4432487550809, 44.20115653563912], [128.46487689879723, 44.15527962024096], [128.52236769716004, 44.110337327435765], [128.56805294599732, 44.04592691010869], [128.57792219692402, 43.988257724307545], [128.63328129496435, 43.94600807303727], [128.62960603129105, 43.889103456862614], [128.68915608382937, 43.90107204162574], [128.72294710069684, 43.88765776032294], [128.75371314890108, 43.855292018279805], [128.71251110983715, 43.81472840797417], [128.73218464090212, 43.80477920181918], [128.75311585415895, 43.7533586013869], [128.72235839599617, 43.734775831060105], [128.76112519646398, 43.73001564497917], [128.81416398105424, 43.635316761978224], [128.82774412001615, 43.58551944315571], [128.8715312797877, 43.53789370217939], [128.9428495715045, 43.55173024904377], [129.00660220913556, 43.520756411347655], [129.03050447809636, 43.53804170401297], [129.13751218961116, 43.56792170751912], [129.16156976540861, 43.559292676226256], [129.2226096939321, 43.591025164868505], [129.2250662400051, 43.633049469691905], [129.20966098334938, 43.646460444452], [129.20657049962932, 43.692770041638944], [129.22505298152913, 43.707064402331156], [129.20408839655292, 43.78226907216072], [129.24719409410847, 43.81728235212962], [129.28223642195903, 43.79479377276197], [129.30127005921898, 43.80988076958773], [129.34056166392483, 43.795983890578604], [129.39895649271838, 43.8170929414544], [129.41003869965277, 43.84127537093445], [129.44210849944974, 43.848225671855495], [129.46001336852407, 43.87243201721648], [129.73538060371948, 43.87380937632017], [129.73168290913168, 43.89365385096983], [129.77235321316866, 43.890647597207405], [129.79517325580537, 43.96266761934684], [129.86061284105224, 44.01057967212886], [129.87357036977937, 43.998108190491294], [129.90006630327503, 44.021792298468824], [129.94372898924, 44.025180526607045], [129.97135582007965, 44.01348922409846], [130.01001776388262, 43.95954185765131], [130.01493443113395, 43.91556681414515], [130.00144095368034, 43.88714434129942], [130.01985686250396, 43.84955207687061], [130.07147457650552, 43.83261938908676], [130.10288295517734, 43.85031159266212], [130.1084280556855, 43.87577441095311], [130.1355786320123, 43.876238181683924], [130.14545104080096, 43.913345544669426], [130.20040601428497, 43.94619982953768], [130.25465405115338, 43.94708830945767], [130.26449510324835, 43.97939219491756], [130.29953687788608, 44.00044441175298], [130.31120414579686, 44.037437518214695], [130.35728694998443, 44.04165764991984], [130.3560681519915, 43.9900085192899], [130.33026317197965, 43.96162450389284], [130.37391762323443, 43.90768353664484], [130.36038976475515, 43.891741532630036], [130.37823470730322, 43.85159834449528], [130.35486651006562, 43.842560503949876], [130.3739351232663, 43.815337032556116], [130.37455808733853, 43.77473076197605], [130.41521664226198, 43.74274584374874], [130.38626537401146, 43.70078739894463], [130.40475356020227, 43.65015077424284], [130.48070800838906, 43.65375925449047], [130.4943163816915, 43.63431461195974], [130.62323425889045, 43.62017386367022], [130.6158629907364, 43.587686746883946], [130.6582590349796, 43.58155137063125], [130.6637890081032, 43.56290043053858], [130.71970134650334, 43.558043889857174], [130.81524146274222, 43.501291559777144], [130.83376816699737, 43.45226937048176], [130.85660036710954, 43.43580095411523], [130.89973370653826, 43.43235252634793], [130.95195510426757, 43.48395448206626], [131.0187925848274, 43.50632932236893], [131.1344608744843, 43.42332478514136], [131.16717055662454, 43.44249600308707], [131.19309430306046, 43.43993488651917], [131.22700663243194, 43.47297481184268], [131.2860823576468, 43.467732088388175], [131.29652268235108, 43.49983710686693], [131.26886407112892, 43.493365799304655], [131.19246016719632, 43.52978595295872], [131.2312824100253, 43.668049908011014], [131.21340545417726, 43.67972373607654], [131.20784695399848, 43.72514161160519], [131.2244905925955, 43.74029125758948], [131.20536538596156, 43.79904657366943], [131.2090587562977, 43.834030017812765], [131.246021549926, 43.89100840984303], [131.2546279962076, 43.94662025275722], [131.23738862526682, 43.953517467103794], [131.25768846513475, 44.032312072095], [131.30256110665113, 44.04430017112429], [131.10337636233086, 44.7075848720969], [131.08243793520205, 44.714810442403426], [131.0848940679848, 44.74371128613009], [131.06090530555971, 44.757325430623645], [131.0559846465475, 44.784512858442184], [131.0081192113713, 44.787172761107655], [131.00750094957408, 44.81264323114444], [130.9645846146322, 44.81786459547929], [130.95721763875602, 44.84842860632349], [131.07071631404145, 44.87910011906165], [131.0934819105205, 44.8964678028298], [131.08178028878754, 44.92188903396678], [131.15267606978261, 44.94566979519231], [131.19527162101377, 44.93050068970342], [131.1995939890165, 44.91144652834435], [131.25505006002052, 44.92756835076746], [131.26674075690735, 44.917394732818096], [131.30545265135203, 44.94825111693847], [131.30544954479376, 44.963490969486536], [131.34660142651586, 44.98753444051053], [131.3718097248226, 44.97565394366104], [131.4013607456447, 44.98326127211847], [131.4563047342009, 44.96091214056107], [131.493412001116, 44.97540640678047], [131.47608689458295, 44.993125453070164], [131.62484825893776, 45.072803662137304], [131.6875373591461, 45.12969709349883], [131.67954201844543, 45.14870094197434], [131.64266257459815, 45.15762972722821], [131.67338284103545, 45.21280982066206], [131.71335040470947, 45.23213109009014], [131.75093025550746, 45.2114679153815], [131.78549165536617, 45.20939146641682], [131.78054377534104, 45.24351568721942], [131.821926730376, 45.309263376960274], [131.87997860631359, 45.340055012271904], [131.90956546959657, 45.337108351552494], [131.9237336198298, 45.28533792183936], [131.96859876204246, 45.274715136534816], [131.99561274210743, 45.25189343177038], [132.8597212829198, 45.05965997666029], [132.9090144441077, 45.02882277273543], [132.94649815988254, 45.02073299308891], [133.02806071688713, 45.05178398723009], [133.09935503096432, 45.12181277509763], [133.1314166069355, 45.12479725012313], [133.12152929452117, 45.20872057717469], [133.08762902397234, 45.24409720635135], [133.10240711970678, 45.26389511665119], [133.0894684761064, 45.28199622967319], [133.12088696923323, 45.33419397309325], [133.1110178868495, 45.35016586219814], [133.13692224948068, 45.3644929363095], [133.1356749492697, 45.42793896101233], [133.1566605209833, 45.43469375463824], [133.1955341597279, 45.514075258664796], [133.238074798557, 45.51495050438931], [133.32535953350072, 45.55969875436047], [133.33457394910502, 45.55213735570172], [133.41516913598514, 45.58141197757645], [133.40468127169035, 45.615326750136155], [133.4633305568574, 45.62840027204456], [133.44046203693736, 45.64466978290121], [133.47754870845426, 45.656059872382826], [133.4769233376023, 45.68910161371929], [133.4373616559365, 45.70238386332344], [133.4460037930235, 45.72915119063937], [133.4787690877693, 45.737592456264565], [133.46144618940883, 45.77513535413335], [133.49731715750488, 45.78317064726495], [133.46144167541956, 45.79684320535216], [133.4595794096312, 45.83230597835147], [133.4861709134813, 45.837802394753844], [133.4836908010831, 45.86448287889473], [133.5041004639018, 45.88455035266265], [133.54675524668397, 45.89090625568561], [133.5757655684224, 45.866351846347925], [133.61025156371844, 45.90135432800844], [133.60716644219656, 45.940505671206694], [133.66863998229965, 45.94082609382969], [133.6735471342113, 45.984098660404385], [133.7325749971631, 46.04638843221405], [133.73749622674418, 46.07297539973991], [133.68273408825775, 46.13156762334403], [133.6980943740602, 46.16099060315905], [133.7565825121009, 46.17090890473232], [133.78681555395823, 46.19124977916593], [133.80657279769318, 46.228565927960325], [133.8417937555613, 46.20170524214302], [133.87142296182952, 46.23156759673147], [133.85969275882243, 46.2485304159658], [133.9022424611627, 46.25227747987524], [133.91085696168562, 46.278757283499004], [133.90038350503283, 46.3060623168127], [133.91515536847257, 46.32879034711719], [133.86152691510935, 46.33622022153268], [133.86892812522473, 46.3601922301965], [133.93298066470663, 46.37916811595268], [133.94096563358755, 46.3989690926946], [133.8948109795115, 46.443990208451815], [133.8442139065679, 46.44806849804791], [133.8417376386307, 46.47321304557029], [133.883082796826, 46.523106686420306], [133.91202318845507, 46.593873460195056], [134.00290724066596, 46.63558239462749], [134.0249744685867, 46.756572424194474], [134.04462290133722, 46.777425183833174], [134.01698402915417, 46.80821091078928], [134.03415676988422, 46.88426682381073], [134.06795369609574, 46.93569770200443], [134.05564284552645, 46.97735856649242], [134.093803223162, 47.0030358080852], [134.10982376908535, 47.059306793454155], [134.13450684906144, 47.090702127653955], [134.21417712618674, 47.102640057560215], [134.2221806086111, 47.179543923408936], [134.14867974243433, 47.245663242015326], [134.1690509773834, 47.32361148337458], [134.25541238342436, 47.368680405565435], [134.2584859128364, 47.38933877510413], [134.29906206778656, 47.426130480317894], [134.4820259943483, 47.443550558822906], [134.56050924364456, 47.47569778640406], [134.56851911050495, 47.5165343750417], [134.66995355107156, 47.58589709476103], [134.68160664352007, 47.63549200437296], [134.7713971510842, 47.713207978091695], [134.76460532731969, 47.76069128275166], [134.67051533068786, 47.81665319350669], [134.6692737864522, 47.88211670625675], [134.650852106959, 47.89860559133303], [134.59984615808395, 47.90669523427965], [134.59183689959053, 47.94519571411635], [134.5462037938786, 47.97961842246817], [134.54372224715382, 48.03006375615388], [134.62439882640342, 48.09687339014567], [134.66429788355762, 48.16789383291635], [134.6710307173673, 48.253611641881086], [134.8557892329681, 48.329713750012644], [135.0007541285152, 48.362924952555595], [135.090743, 48.403461], [135.09567, 48.437618], [135.068569, 48.459451], [135.0270898153224, 48.43791805354605], [134.91917648401014, 48.448908541342114], [134.87857339925927, 48.43502999072902], [134.81258111466352, 48.373375541363295], [134.7558400384329, 48.367338914451956], [134.69617136195754, 48.40273535347084], [134.57017206923317, 48.402879974558104], [134.49355950941495, 48.41621435024731], [134.36089992305202, 48.3799053339628], [134.1953736310177, 48.37964074217102], [134.1076831949447, 48.33020648872432], [134.06025369542607, 48.33578880137559], [133.9872018139139, 48.30095851670299], [133.93256568707815, 48.2995071455789], [133.73209094307, 48.251977751623414], [133.68474451815837, 48.18425551700414], [133.5888281742973, 48.19236845163549], [133.56478499473982, 48.179588692820396], [133.53762718110156, 48.11885874330341], [133.44300598759887, 48.11021680177325], [133.399196101634, 48.12175087758356], [133.2934828500066, 48.10031669568969], [133.23135193704147, 48.12393751993427], [133.12151020517234, 48.13216801464024], [133.0445890663134, 48.10742606329237], [132.98389694343285, 48.032814602651676], [132.87515155827597, 48.00014724870053], [132.81097922123524, 47.93433592768716], [132.76099509598382, 47.93587082804118], [132.71481101891462, 47.96033090976302], [132.68285279305204, 47.96037739857414], [132.6533753094477, 47.94239698888869], [132.65399452815146, 47.91994111786986], [132.67918508988464, 47.88258075646897], [132.61345332127104, 47.82607022744135], [132.59130286235987, 47.78990934187051], [132.59254592703647, 47.73842096439647], [132.54999374478854, 47.715846247826335], [132.4609236462123, 47.723663683444386], [132.3634421098497, 47.76262290682155], [132.31672139192193, 47.75948465293729], [132.26384640957937, 47.71610129438785], [132.23427483087625, 47.70725304944356], [132.07744195590732, 47.70023215262956], [131.99201938442363, 47.709677959775874], [131.9680918390397, 47.670676900893206], [131.89243763698417, 47.68328577834909], [131.81709685584698, 47.67473309685897], [131.73313457454708, 47.70405361386468], [131.68145238395942, 47.70451761621914], [131.6329084862915, 47.661501108557836], [131.5818173800188, 47.658313861196994], [131.53487955736733, 47.73356930611012], [131.4470398341333, 47.74460037937807], [131.35091280281736, 47.728074543432776], [131.22796719685107, 47.73064130993064], [131.17430253368192, 47.69997534104905], [131.10642451326655, 47.686983343933996], [131.02098525450467, 47.69191230504351], [130.97500948575976, 47.710574196944115], [130.95783855590236, 47.73075153234228], [130.95291102917938, 47.8256703287311], [130.88281992825944, 47.92489454330048], [130.7618828491427, 47.99565836664608], [130.72862333300057, 48.03168463278376], [130.6911260046246, 48.0417312668114], [130.6579558569579, 48.10257269937361], [130.66531777378628, 48.125730823641966], [130.7569094306499, 48.186717985057044], [130.76059751495833, 48.228592064372684], [130.77908853896565, 48.25411376379409], [130.8093254752071, 48.26292633127023], [130.8364806610102, 48.29403447199174], [130.81116010957854, 48.33894974408815], [130.77659774931206, 48.35480050150119], [130.73899944262624, 48.401668873707486], [130.737142172607, 48.44652853766718], [130.76793619536215, 48.47748083074504], [130.75868405196323, 48.50522361712194], [130.70269045082617, 48.508813396387836], [130.63883411378185, 48.482369431066694], [130.6124080960579, 48.493506889679836], [130.59700746692837, 48.59172481355867], [130.52977076813292, 48.609450819862545], [130.53038338252435, 48.633173009852584], [130.61357173520443, 48.78122089628913], [130.68111354443425, 48.846863449581114], [130.6718965362926, 48.87834991859091], [130.60063284102353, 48.878457247012264], [130.55071545707645, 48.858370284563314], [130.49322534901552, 48.862947393131506], [130.46228849155807, 48.90257226932811], [130.4030154106457, 48.902083192193366], [130.27084913386, 48.864114428979484], [130.22898103320642, 48.86570320200482], [130.2110899775968, 48.8908573354192], [130.05007901828685, 48.97596554843868], [130.0120087964422, 49.018031677331166], [129.9285571168643, 49.0374648060014], [129.91010337450447, 49.057865590344235], [129.92608938944653, 49.075868169540506], [129.9045537549689, 49.105648267727815], [129.8583198244061, 49.11110876031145], [129.84658527557974, 49.13065799660592], [129.85584007289563, 49.155705233975446], [129.83916269453502, 49.17835665814942], [129.7755545908248, 49.180986357738334], [129.7447209256111, 49.205585229063345], [129.75271904271005, 49.25439882970703], [129.72130884065535, 49.28523006022887], [129.6881133066679, 49.29541365059034], [129.59595787910723, 49.27604914137516], [129.5540446777861, 49.29669788187544], [129.53735177072417, 49.39212845599686], [129.50953255585387, 49.42046761694991], [129.43967614384047, 49.437785369408864], [129.3811367758209, 49.429185241942335], [129.3657742959989, 49.410911894432125], [129.37008776607422, 49.363800542075126], [129.34920597020218, 49.352530597122374], [129.31176858744618, 49.35532703852418], [129.25772370758222, 49.392787920070106], [129.20662678544983, 49.39588743791902], [129.1350792411165, 49.35410177070127], [129.07596142434568, 49.35640429286893], [129.05323321529775, 49.37084147781972], [129.00540344984245, 49.45384264747389], [128.92450962251237, 49.46493704970983], [128.86360087829556, 49.48942625321538], [128.78403169637195, 49.469863426793545], [128.7532204430123, 49.478775291012184], [128.75506017256583, 49.51257634670124], [128.80498416335527, 49.55495364306507], [128.79449133970797, 49.57899074204826], [128.73596392260737, 49.59174500809103], [128.70708365286447, 49.5615105600515], [128.52996003012922, 49.60116567375876], [128.38177064271258, 49.586536321473055], [128.3350761043669, 49.54158924656229], [128.2791820035634, 49.563033998020835], [128.2354935970477, 49.559954936262955], [128.1775000817375, 49.53621524111345], [128.06277284156698, 49.5531980897729], [127.99340821465933, 49.58905644989981], [127.94187440396507, 49.593076242504246], [127.89020803870677, 49.57606203126266], [127.80748209300683, 49.5906895229877], [127.7741308682831, 49.62746827405936], [127.69715309349813, 49.66196731254392], [127.67011581480163, 49.69453573124976], [127.66703020467381, 49.76106717235505], [127.64614628797186, 49.776952365263035], [127.57539857469976, 49.783190165435826], [127.52413944123333, 49.82288377056792], [127.52165749883072, 49.86108205756685], [127.53956874697016, 49.925504482877194], [127.48760648036665, 49.99120113621631], [127.49377973769113, 50.053507576454024], [127.57963592466604, 50.134689001355895], [127.599335763688, 50.17571656104963], [127.59562951425411, 50.23623423709633], [127.36353748541569, 50.29327478130443], [127.32422474539923, 50.33728259084718], [127.36166971373714, 50.40057609446918], [127.35613142146045, 50.434897398899416], [127.28551789386326, 50.46245506112503], [127.31497473192128, 50.52216181836187], [127.35303403744332, 50.544149721258286], [127.36224161515192, 50.577961537504954], [127.28670084905116, 50.660080419551214], [127.28055029604076, 50.69610204367186], [127.29773788228997, 50.73054337092735], [127.28729377468107, 50.751759547474975], [127.22824188569365, 50.777901720865074], [127.10543086371406, 50.93405899981827], [127.04393570882235, 50.959352722151785], [126.97772816282568, 51.02579963913569], [126.91514359787573, 51.05865596288491], [126.89235077177258, 51.19719798658021], [126.91878895420092, 51.24289686177927], [126.9684766032983, 51.288089366960314], [126.97582402573352, 51.315374809876225], [126.96295177097406, 51.32887329507164], [126.87938822967426, 51.318502878598785], [126.87014731442021, 51.29754971394132], [126.90094865769704, 51.28034813298271], [126.913869522161, 51.25638354381568], [126.90095703972047, 51.24328487703793], [126.85535575755871, 51.245130312203], [126.8127515921046, 51.277628577131296], [126.80533436521613, 51.308294134399496], [126.8294087607806, 51.34161464163078], [126.8966276083999, 51.33719982544922], [126.9224501559357, 51.35586767150709], [126.9009205602575, 51.40406281506256], [126.82754042893407, 51.41033558034748], [126.78370327148194, 51.42891913949799], [126.77629547325249, 51.444576586302574], [126.8361595576717, 51.518469303042636], [126.82936486383991, 51.5326066594874], [126.68764946841597, 51.57497582432765], [126.67106625944557, 51.59880678720503], [126.73311947398876, 51.63886185140199], [126.71588879593126, 51.67563576378187], [126.72633566340659, 51.70791029229057], [126.71649248667967, 51.7231243058332], [126.66489639598885, 51.72839864865339], [126.65076913379285, 51.759190980101316], [126.61513212576729, 51.77406409814314], [126.57325140513552, 51.82146275723288], [126.54731632308278, 51.87098977873824], [126.50215507959045, 51.91890884084097], [126.45449510973651, 51.94498502891596], [126.46005370638387, 51.97893956713371], [126.43964091538419, 52.00580599856559], [126.4427272345059, 52.02423627038274], [126.47984226151618, 52.03832744888228], [126.50646080867433, 52.03398619518528], [126.55590566021434, 52.11615951310754], [126.54849078405958, 52.133056540000304], [126.49095601448616, 52.15715818690163], [126.29862478765878, 52.20226875832389], [126.30476295699467, 52.23196697009181], [126.3926746569147, 52.27618742988039], [126.42845365098523, 52.27364872114525], [126.42474354398657, 52.29524923973366], [126.31948884925691, 52.3070376579106], [126.31272354869802, 52.33888189444147], [126.34036581978874, 52.35455301084525], [126.3452745616629, 52.38597489701258], [126.26042853794436, 52.47187621467604], [126.19690119389843, 52.46309969210698], [126.18453484701887, 52.4889630377246], [126.20491694949892, 52.52214241798525], [126.13876639871765, 52.56970683648429], [126.05796827585318, 52.600591410835605], [126.04690729900135, 52.579159879421915], [126.02234232213067, 52.57303458185969], [125.96036290239685, 52.627371672386005], [125.96281130266118, 52.650967597196534], [125.98734757462772, 52.67194573911475], [126.05303049839343, 52.66996102076827], [126.06409698960387, 52.687720537098286], [126.03580805597508, 52.73634314806006], [126.10351483826526, 52.75366695685], [126.10783209295089, 52.764894560329054], [126.04377821147882, 52.796781128388645], [126.01185373844328, 52.79252005641871], [125.97689806614565, 52.75534530760624], [125.95848877102755, 52.75684597811334], [125.91545409407443, 52.812652178906255], [125.84696692615601, 52.86321917593437], [125.84572428101868, 52.888493177317365], [125.81913736060567, 52.89602534060062], [125.76352588140782, 52.89486132679614], [125.66997530688336, 52.857748026282025], [125.65830044523587, 52.866800197921044], [125.6564459931049, 52.9104802456374], [125.72837228723509, 52.94030719052174], [125.73390304981713, 52.990748768955164], [125.67546705866972, 53.00486278160178], [125.63490868821279, 53.03660391213967], [125.63182938817243, 53.058905455261446], [125.60537649849338, 53.080503181662195], [125.52205574782153, 53.04806311189898], [125.49543570986548, 53.058056189904725], [125.49480746958426, 53.092196175277095], [125.30680016153077, 53.14167199965541], [125.18613106042541, 53.195130457510444], [125.13302322289645, 53.20077198019489], [124.96165965502976, 53.19097748050141], [124.87933586546681, 53.16131519155697], [124.90089856232036, 53.11502295422409], [124.86394055962653, 53.09597290243294], [124.82442409043342, 53.14222537250559], [124.72576009002069, 53.143567049285636], [124.70362722920305, 53.159375396521604], [124.71222288480666, 53.189125952634974], [124.67046084625552, 53.20388755126417], [124.55482921588181, 53.19859413460998], [124.42681237649363, 53.22049673456603], [124.4033620016264, 53.24518338931211], [124.36703748919227, 53.25557718823073], [124.31909783980205, 53.32860972476458], [124.23052575043918, 53.37655925927554], [124.11689064225646, 53.34461952177076], [124.04913264682193, 53.400684949658235], [124.00495114064731, 53.40008135470252], [123.97735533458331, 53.43119153896657], [123.85677620287476, 53.48653424510211], [123.68964694102608, 53.49533105104631], [123.66016382883629, 53.530613003270176], [123.620721, 53.550115], [123.57900660667784, 53.5438578540834], [123.5611338583587, 53.50221994008562], [123.5228294503815, 53.50392541326378], [123.54939770733208, 53.52888917490147], [123.546808, 53.551537], [123.517243, 53.558292], [123.48198603222941, 53.539385522281385], [123.50179576465554, 53.50600230089154], [123.4906605513067, 53.49458003443584], [123.46343670880641, 53.50589212851785], [123.44550137304547, 53.533244345622734], [123.274563, 53.563269], [123.12850776267159, 53.49480020695754], [123.04362065492313, 53.503362461722666], [122.88665641559173, 53.459892727565105], [122.60048237577014, 53.46239852382251], [122.42690227871805, 53.441396682177114], [122.36591094518438, 53.47131983848504], [122.34193979071463, 53.502330724859426], [122.21957339169163, 53.45866138467487], [122.15347432072828, 53.46532901834292], [122.10284635426399, 53.4235666795969], [121.8680354499943, 53.42357139647923], [121.74636462973731, 53.38630987001109], [121.68975313840174, 53.38957074187975], [121.58216991582384, 53.3479433293292], [121.49130730069001, 53.33418819755354], [121.49688216613092, 53.319911459536485], [121.5679981129552, 53.28860566194705], [121.60744254985629, 53.25605034861371], [121.63449827286065, 53.259596548212755], [121.6719744406767, 53.237690780568194], [121.67137001216675, 53.19649631491087], [121.65233058417202, 53.19223228842964], [121.65725077608047, 53.167484198890136], [121.71440474699355, 53.14263555297016], [121.74519049296069, 53.1444147454201], [121.77666306132996, 53.10135549729095], [121.76740720300906, 53.08661679686101], [121.81003694311127, 53.058643716098516], [121.77791861095207, 53.01542787153228], [121.70767492133803, 52.99491087976358], [121.65485447270939, 52.90958150645916], [121.60260511381284, 52.8894456198746], [121.59645322000117, 52.86959083507344], [121.61307528212991, 52.850435181193234], [121.5835259599032, 52.8218954421541], [121.50320370522539, 52.77616993756732], [121.46854144737304, 52.76919191801596], [121.44690157014776, 52.73219990981454], [121.36492382516806, 52.67995317636434], [121.30166944422947, 52.6731702400841], [121.28447682400332, 52.64888276082906], [121.17419236941946, 52.59617229757133], [121.2174060537153, 52.574417415411254], [121.2722008438416, 52.5838647110099], [121.31581479070904, 52.570701316618276], [121.34529690818471, 52.53171021960187], [121.40374086584347, 52.51892100079175], [121.40806095049149, 52.49633875749995], [121.4871773182175, 52.481922665955366], [121.51132510400926, 52.45391760799491], [121.55769673105257, 52.45766731689653], [121.58299647739507, 52.44054361149872], [121.63222958466696, 52.441602607613056], [121.67093795676703, 52.41707979591734], [121.6506745348652, 52.38753885911298], [121.70782815549924, 52.33991932563356], [121.70660386131195, 52.31504395064609], [121.83370426931612, 52.27962242383776], [121.8935865236017, 52.27785404452648], [121.94034196304094, 52.29538315742211], [121.96918024791857, 52.34068667068517], [122.02805208463296, 52.37451270071998], [122.03295453186647, 52.409932259955696], [122.08336565072187, 52.42409738805282], [122.0728963224503, 52.43724100350506], [122.09938159263285, 52.44927546468058], [122.13455293295185, 52.491967630980724], [122.13207840179075, 52.506901685676], [122.16111906160192, 52.51059335711372], [122.17039506314156, 52.4865636161514], [122.20005515431586, 52.46619755045736], [122.30288435529869, 52.472362264428604], [122.33421720846641, 52.41100803299906], [122.35940382807419, 52.41060144206495], [122.41111771711381, 52.37186080021574], [122.43950450902565, 52.39089828253082], [122.47661530576644, 52.33835457835577], [122.470438669645, 52.29296021553086], [122.55330230509443, 52.279625708841394], [122.5785924602992, 52.263533188520384], [122.67137596308079, 52.27368622949381], [122.70329944875242, 52.25311380847209], [122.75310698907221, 52.263713525990546], [122.77960994024811, 52.249443810974455], [122.75865773660014, 52.229627634502165], [122.76175055519772, 52.17679487524121], [122.73036242078854, 52.15035080148279], [122.62168607232542, 52.13361591273616], [122.63643070698808, 52.10859758999215], [122.61801429188016, 52.06447574018938], [122.64319477738827, 52.055972267637706], [122.65732424868634, 51.99552880054567], [122.67635227353539, 51.9715240991004], [122.71872079562324, 51.975518179676705], [122.72180771699742, 51.91609825916583], [122.69846885952555, 51.886941727909594], [122.71812870371389, 51.875090936973024], [122.72490027747051, 51.82922967936507], [122.76430611215436, 51.77629305300392], [122.74152796364693, 51.743306468022865], [122.80874298300614, 51.65210410372445], [122.81306886359475, 51.629823222360976], [122.84886938775355, 51.603499348038845], [122.82542522721307, 51.57854416322502], [122.86676310036046, 51.55814659348275], [122.87293201636788, 51.53470424019443], [122.85135507103266, 51.52164730891499], [122.87293784092155, 51.50789253024281], [122.8470465394438, 51.47432440874246], [122.86370447280896, 51.45197682693115], [122.89265857224828, 51.44192588074809], [122.8963574421721, 51.41207653817497], [122.9387475783271, 51.401953147845624], [122.9583710375549, 51.38361237104063], [122.95838008251128, 51.34251693018825], [122.99513803692365, 51.30875868590084], [123.06133827556141, 51.31757465562131], [123.28617667220311, 51.25071342906636], [123.33158933459917, 51.26897496400553], [123.43186878879426, 51.26743774607906], [123.45471885310401, 51.28320399077759], [123.57462088192393, 51.29133991114369], [123.57461807559613, 51.30368553379802], [123.65395288106951, 51.315957193469615], [123.65210504647102, 51.33951501043484], [123.70307148054977, 51.39471198699812], [123.78625142532432, 51.35773981421698], [123.83443819329464, 51.364175726411176], [123.87951771675984, 51.31751158214893], [123.91832307119792, 51.29730307180247], [123.98645983596157, 51.319212900075854], [124.06318143166345, 51.317154590552974], [124.08163894890454, 51.33770245852761], [124.11986518751274, 51.34369825529224], [124.23102658087056, 51.34124041181891], [124.26367650886323, 51.30496327227853], [124.39831116079112, 51.26848665510433], [124.4217375237747, 51.297691542619624], [124.4186444624286, 51.328354701198755], [124.43530784826153, 51.35454170438252], [124.46992754956699, 51.35873150048735], [124.48229828432531, 51.37707180980001], [124.57932464826679, 51.36046799696895], [124.61871940772468, 51.32419719206354], [124.68565007423472, 51.3293146399754], [124.74466300215626, 51.3546746990416], [124.75635983064011, 51.383814961001896], [124.77547016238418, 51.38868536756509], [124.85633633526407, 51.37649362764997], [124.93448962021637, 51.44403773305311], [124.90990828202914, 51.47091685567307], [124.92096652619414, 51.49512994440499], [124.97556005192435, 51.50506713660513], [124.99638534122862, 51.525859662906186], [125.03867854906346, 51.526115901637034], [125.06446090982284, 51.54989713348885], [125.05155071728822, 51.59306679804267], [125.09026874277707, 51.65471882539688], [125.11984982316946, 51.655478711798594], [125.12170647030423, 51.63170875209785], [125.28077986865239, 51.630350941859554], [125.30780981845895, 51.606521193338594], [125.34280498495787, 51.62020710247784], [125.37170022913926, 51.58187477621933], [125.51997231689747, 51.48495699598883], [125.61502221908584, 51.39477320365319], [125.61810153123334, 51.3768453269068], [125.69186342036996, 51.324026089656535], [125.75282775288574, 51.25850661230618], [125.753453031129, 51.22292500887714], [125.81089149403333, 51.22374551478506], [125.84242248568262, 51.21031187774226], [125.85665044548382, 51.14320165949587], [125.90169161890769, 51.135718918760226], [125.93861724680849, 51.1048851579588], [125.96256524717403, 51.12060165936653], [125.98588447538768, 51.115652397064345], [125.96809878626699, 51.081144192722945], [126.05097468391547, 51.03994051209763], [126.02579453272902, 51.00763830374434], [126.03378382998875, 50.978251935231455], [126.06021679525108, 50.96388927418525], [126.0344112174184, 50.92210173809897], [126.01231040737548, 50.9240454495055], [125.98838778574012, 50.90337565348416], [125.98962270817441, 50.869409543079904], [125.95402127867953, 50.897815014644806], [125.9054589047682, 50.822754616177285], [125.87031088351623, 50.81367781647442], [125.88265581803147, 50.802723780100024], [125.82830241119946, 50.79017680794164], [125.83881641735171, 50.766365916699414], [125.82089154571617, 50.75346872300088], [125.79616281141902, 50.770073376334324], [125.75048174108802, 50.74353657462132], [125.78752025800647, 50.735620324068805], [125.77270007598068, 50.72234858801564], [125.81781325586148, 50.700448714964054], [125.78135591597373, 50.676511996596965], [125.79618902487167, 50.655679757693925], [125.78507082466346, 50.64010982892936], [125.80670477494685, 50.61775541897412], [125.79990901007876, 50.60065853097667], [125.82155398852069, 50.558528423230776], [125.78694953300727, 50.52957388428666], [125.76225170059696, 50.52802618355937], [125.7462216400457, 50.503671524930986], [125.73266060595986, 50.52003302773382], [125.61954679819752, 50.44024804556674], [125.5721174628995, 50.446357789073204], [125.55421906265003, 50.43528678721234], [125.57521086334084, 50.406715973500376], [125.55916681659177, 50.399836083291454], [125.52826298187513, 50.416936986493965], [125.51403827060695, 50.40164663148498], [125.53878846353192, 50.355917641411324], [125.51219418419373, 50.34668710168814], [125.5227165843425, 50.32800141259293], [125.45527631345382, 50.29265377270476], [125.4577569467278, 50.2635962808715], [125.43365321382578, 50.25704112653401], [125.44045963170632, 50.213034076289915], [125.40898350342958, 50.19230795073471], [125.38249307536312, 50.196520598157356], [125.37450078978404, 50.16893502694563], [125.32718891285836, 50.15788857322065], [125.3677439239519, 50.134046900478694], [125.30324560223258, 50.13722547817928], [125.25039253605397, 50.10045246741527], [125.27929900636924, 50.09044470602613], [125.2756162855646, 50.06702311250119], [125.3198425558182, 50.062721840247576], [125.30756621007076, 50.042379296840394], [125.28176443171215, 50.05472031870845], [125.24486597191274, 50.038225399048436], [125.27562399211328, 50.032822193793635], [125.28976231853305, 50.01126994587733], [125.23379257782541, 49.98476706797025], [125.22332356488033, 49.954354078739755], [125.18198628443095, 49.95661219578713], [125.19125159270061, 49.93197969863031], [125.21778345748008, 49.91929904144877], [125.20483444900283, 49.904256338218694], [125.23751466783598, 49.86880750159369], [125.21717909232085, 49.86416842702002], [125.23135993333827, 49.84141364300688], [125.16966632876199, 49.82628219178096], [125.21472749842258, 49.795844137601705], [125.2135037618066, 49.75179004485598], [125.19623446546402, 49.7308884293458], [125.21721033954775, 49.72317715405518], [125.21167235281885, 49.66589107779956], [125.1771200118402, 49.63136437023677], [125.18143738628412, 49.64919462345141], [125.15673554733645, 49.66619098542078], [125.12402089141771, 49.668848976071715], [125.11908965214386, 49.65180289428816], [125.14625106616424, 49.61348007546054], [125.15983101116589, 49.62668294239308], [125.19749979335977, 49.590693895000506], [125.22217074015063, 49.59227209466612], [125.22588217710648, 49.53368449037234], [125.20306464187752, 49.536768872929606], [125.22034585202476, 49.48396347750223], [125.26284062586207, 49.45130970532061], [125.24869329324339, 49.43420614641814], [125.24808682357794, 49.392181027034695], [125.26962203025612, 49.37659273444719], [125.24871010928712, 49.35674370911017], [125.25364126089701, 49.3193324382662], [125.2068237855381, 49.27407499192781], [125.21978088089126, 49.24598880900414], [125.21177675152346, 49.186218523673794], [125.179687802878, 49.18382696459921], [125.15067583825966, 49.14193629043547], [125.10934128039898, 49.12310121673471], [125.02634370219657, 49.15408746155535], [125.03185894544488, 49.17323241433678], [124.97547154684132, 49.159712118216675], [124.89933488776018, 49.18135141592197], [124.85311705518072, 49.16372811676121], [124.84016413245436, 49.126940159448104], [124.80189031941357, 49.11317441953577], [124.82103668788429, 49.07523039544749], [124.80067531886421, 49.017974922630856], [124.74888507297074, 48.964561711466], [124.73658077114428, 48.91782638281775], [124.70153153195011, 48.91785717687001], [124.7082977895026, 48.88286516601401], [124.68987607084759, 48.83922793909166], [124.6468959899678, 48.83182950164916], [124.63707464000254, 48.805467328788275], [124.64874851640849, 48.78141733534351], [124.60512256892939, 48.745605667011816], [124.61743177240668, 48.699437478359194], [124.59468320912524, 48.630329449601994], [124.5718942642815, 48.59433888948044], [124.51322416175357, 48.55386019272602], [124.54166369004714, 48.5333382816525], [124.52621814754438, 48.51309853473429], [124.54847174845071, 48.4655721956262], [124.50025689397735, 48.44323456845171], [124.51757935914907, 48.42462940059464], [124.51140379931412, 48.37575752872319], [124.53984600587762, 48.3555571442812], [124.53367060728274, 48.33327491806356], [124.57256920747444, 48.295137308740614], [124.55159723203202, 48.26604441082067], [124.57195934884119, 48.260094580441475], [124.53987651767139, 48.1986621629935], [124.50526071232709, 48.16226481829729], [124.52258045664708, 48.144746572345056], [124.49846412309286, 48.12271349424101], [124.47062646459479, 48.121034598301065], [124.4582648065049, 48.09582839561477], [124.40825347126392, 48.08535477928507], [124.42243262245664, 48.11853701866659], [124.46382210834801, 48.13100195654919], [124.4675248633706, 48.171334997330746], [124.41131674987835, 48.179212635328874], [124.41438758722643, 48.243413800360074], [124.35773811386656, 48.2812753211982], [124.34605398828305, 48.313534429870394], [124.31041570596066, 48.34860533616704], [124.32392434686352, 48.3775965776132], [124.30241682403795, 48.41100536693654], [124.32268445660458, 48.433199256565985], [124.29503498041827, 48.45428300789609], [124.30669958757967, 48.501450665281574], [124.25196442309667, 48.53400819717055], [124.07120324628808, 48.43352787366029], [123.73883147095731, 48.19537625710129], [123.57221634761137, 48.043352703954696], [123.53024173182729, 48.01967192507238], [123.29301517842579, 47.95143592118619], [123.20690665056071, 47.82223499893764], [123.15447124989537, 47.77953703277691], [122.84224340549946, 47.67231593728627], [122.75836510265114, 47.6121196700013], [122.5875196589985, 47.54530294866967], [122.53694832840343, 47.49351964181045], [122.50049195970122, 47.39914900779049], [122.41152988179434, 47.34830980777143], [122.52464050407134, 47.19677249412436], [122.60913007529228, 47.12242603830908], [122.6730120897468, 47.092196774261865], [122.81458157201912, 47.06367789905625], [122.84605134064371, 47.07025316579807], [122.83926843836034, 47.044976532937014], [122.77141375802438, 47.00082820592832], [122.76772052690825, 46.97185296398562], [122.7917704969859, 46.95555232308589], [122.78437215559723, 46.93961568333939], [122.83311731926696, 46.93520629303998], [122.88859858511614, 46.958548747797366], [122.90031815925403, 46.80563102913747], [122.98991756413326, 46.75957086213445], [122.99666307754286, 46.72880191807168], [123.01933700180678, 46.71684093332774], [123.0696508087111, 46.74298704487474], [123.09610129344965, 46.73272554851811], [123.15651795279923, 46.73812828959893], [123.19167810982191, 46.80129428253602], [123.21634016895565, 46.81934147303646], [123.21448568810436, 46.84839700829635], [123.28830873128058, 46.86309868445158], [123.33374534346866, 46.824552692805106], [123.36691033347756, 46.83555171487159], [123.39950215810195, 46.90424105896728], [123.39703335852981, 46.9332503999091], [123.35275450926183, 46.96881054439031], [123.29688729745865, 46.962789630733035], [123.29442444899098, 46.997890950760656], [123.41613275954224, 46.93203441245593], [123.48035852794513, 46.95789699371579], [123.52117349422109, 46.94290621294573], [123.47605104606859, 46.84385076488571], [123.49955383594079, 46.825094669117696], [123.55578814768124, 46.82400174026256], [123.56873965490612, 46.84366145308809], [123.569964829777, 46.88946957380558], [123.59830510278962, 46.88947707663657], [123.59215293918484, 46.86657965290127], [123.61861488203083, 46.845700958004926], [123.57305962719305, 46.82565779727133], [123.62231040694934, 46.811724955493226], [123.62478498985445, 46.72689906431947], [123.59649554454967, 46.687537163555604], [123.35895211240485, 46.67570974860153], [123.26930012395289, 46.6590258810208], [123.27238135735324, 46.615063660990074], [123.22131267980784, 46.58629318280343], [123.17381952890243, 46.61212896191065], [123.09120090793932, 46.600924819743575], [123.07028780288306, 46.62025456931904], [123.0389771168397, 46.61578497521798], [123.04573244919564, 46.57794378440047], [122.99546511061318, 46.57273093449791], [123.00468012306116, 46.4330604309175], [123.17141653279396, 46.24622023342134], [123.24107617951006, 46.27113278101842], [123.27920595429364, 46.24834341655131], [123.31359256129429, 46.25242613186995], [123.34982014940991, 46.23000072714779], [123.42304525272483, 46.24157174677814], [123.44526482440112, 46.23125645545598], [123.49223643848894, 46.25787813698092], [123.56268269210672, 46.22202213089967]]]}}, {"type": "Feature", "properties": {"adcode": 310000, "name": "上海市", "count": 9}, "geometry": {"type": "Polygon", "coordinates": [[[120.89682471240351, 31.01567734468455], [120.93558613253538, 31.00846918532403], [120.94480204506715, 31.02843675332242], [120.98471187285189, 31.01244739485081], [120.99576476246973, 30.936537716696762], [120.98840520670697, 30.88782450384909], [121.01540911664709, 30.87029470229254], [120.9871822484136, 30.835472641537187], [121.03321761761083, 30.812232141553142], [121.05533136642364, 30.843507245814443], [121.09285834775294, 30.855281941221307], [121.13292686832528, 30.824508564237906], [121.11812964752455, 30.77723619651485], [121.16995639917006, 30.770124870368594], [121.21191145281512, 30.784064404482947], [121.22732626307065, 30.7542763105683], [121.26735607337675, 30.721891347135095], [121.26982137586934, 30.675609068848573], [121.3571119446775, 30.678035718033716], [121.42114280796332, 30.728407548048605], [121.51256216174656, 30.773853714855495], [121.67645795498917, 30.81702270643597], [121.90024271737843, 30.81250301743277], [121.93902003964217, 30.775479275871625], [121.9654451334361, 30.78774895428092], [121.95008105179785, 30.824252870795302], [121.9893885591412, 30.86110992714686], [121.98630897687872, 30.96679667693137], [121.97279576303546, 31.014506617706612], [121.94206975528498, 31.06427763337317], [121.80517610557075, 31.194724464366246], [121.71762191622472, 31.301534807821923], [121.59459708412945, 31.37271492929883], [121.51621641710973, 31.39250774782745], [121.33859532633117, 31.509692691526496], [121.24266616739871, 31.47462179734549], [121.23712019408296, 31.49094585071873], [121.16989592510797, 31.446982739796507], [121.13842776015804, 31.38975736728794], [121.1088297988568, 31.372362471636897], [121.1378213075822, 31.27328023286341], [121.08543108317424, 31.28959878794379], [121.05529557330414, 31.24311345727499], [121.07190589853938, 31.156135482961847], [121.0135445358442, 31.13220383744863], [120.87648053350306, 31.13294946846964], [120.85489750183473, 31.098625039849736], [120.88634543773281, 31.092512027654198], [120.89682471240351, 31.01567734468455]]]}}, {"type": "Feature", "properties": {"adcode": 310000, "name": "上海市", "count": 9}, "geometry": {"type": "Polygon", "coordinates": [[[121.97028619684853, 31.614883845197216], [121.59518429563195, 31.70107669392301], [121.49393124330503, 31.75076937494721], [121.42659980555955, 31.76689107362565], [121.37976649334261, 31.83096412399546], [121.31828268784875, 31.866136122578837], [121.260485744451, 31.86164309525342], [121.19516227524383, 31.83262924911354], [121.11372492232279, 31.756713341761323], [121.140245770524, 31.751657715761063], [121.36687227320853, 31.550951582653457], [121.390254117899, 31.58304647537318], [121.42908337183941, 31.588164039748953], [121.5427706694284, 31.52931844615037], [121.81441665244849, 31.435904534170515], [121.88601460848011, 31.42682037515633], [121.9770548315011, 31.461902222407222], [121.99117537200222, 31.490940164164904], [121.97028619684853, 31.614883845197216]]]}}, {"type": "Feature", "properties": {"adcode": 310000, "name": "上海市", "count": 9}, "geometry": {"type": "Polygon", "coordinates": [[[121.7909663153786, 31.328124633511656], [121.78787706327107, 31.361321896872294], [121.73731348008826, 31.405204201509132], [121.58103274624132, 31.45285597863101], [121.56252843778213, 31.481409803858906], [121.51620754636534, 31.49202162227373], [121.50508268811645, 31.48025750878013], [121.56746864402751, 31.433961869333157], [121.72315614670833, 31.352617354496235], [121.75950572431573, 31.31327577302103], [121.7804767509295, 31.309206663596086], [121.7909663153786, 31.328124633511656]]]}}, {"type": "Feature", "properties": {"adcode": 310000, "name": "上海市", "count": 9}, "geometry": {"type": "Polygon", "coordinates": [[[121.79713633133916, 31.354696825551734], [121.79899101046279, 31.32660414794772], [121.8360420608214, 31.29345894286357], [122.01145642862126, 31.280000298596537], [122.09263045280873, 31.253281058401456], [122.11790113343424, 31.30491473902013], [122.1117327813249, 31.318705494475118], [121.94696351505476, 31.335367452733834], [121.84097527341818, 31.372650250129684], [121.78787579236803, 31.37562058034716], [121.79713633133916, 31.354696825551734]]]}}, {"type": "Feature", "properties": {"adcode": 310000, "name": "上海市", "count": 9}, "geometry": {"type": "Polygon", "coordinates": [[[121.62229344893719, 31.443144705870765], [121.62721452477517, 31.454876042179585], [121.57486555556788, 31.477852584957233], [121.62229344893719, 31.443144705870765]]]}}, {"type": "Feature", "properties": {"adcode": 310000, "name": "上海市", "count": 9}, "geometry": {"type": "Polygon", "coordinates": [[[121.93898240291024, 31.21373230620232], [121.95496903017649, 31.157424827087578], [121.99120473769504, 31.158858809226], [122.00409365377618, 31.21918294265376], [121.94635821221237, 31.227014816559876], [121.93898240291024, 31.21373230620232]]]}}, {"type": "Feature", "properties": {"adcode": 310000, "name": "上海市", "count": 9}, "geometry": {"type": "Polygon", "coordinates": [[[121.8780149521766, 31.238821492810022], [121.90452264986651, 31.193310829068974], [121.91929567732166, 31.232170732816225], [121.8780149521766, 31.238821492810022]]]}}, {"type": "Feature", "properties": {"adcode": 320000, "name": "江苏省", "count": 15}, "geometry": {"type": "Polygon", "coordinates": [[[117.30544051193179, 34.5598090576598], [117.26671741728465, 34.554934152025815], [117.29745542560774, 34.54059691406776], [117.26179959916597, 34.530779665912874], [117.2667236179826, 34.49773069443115], [117.24641938479974, 34.48491275396767], [117.2421142077876, 34.44937916782393], [117.16010960048047, 34.43249059427785], [117.13295537901041, 34.52472046234178], [117.14528825117202, 34.55728097005747], [117.0978141830029, 34.64689134980506], [117.06705141901257, 34.637056443025344], [117.05537039055147, 34.67399518371393], [117.06396934954014, 34.71187066061869], [117.01607376225684, 34.75721843817834], [116.96332017015304, 34.77015653119516], [116.94551626158362, 34.80902189327499], [116.97313194187275, 34.81337400165521], [116.96024499711983, 34.842880663362145], [116.92339680360939, 34.841479494409846], [116.91662909759272, 34.893035949476186], [116.85257025365969, 34.926865907960426], [116.81617040698717, 34.9277834064573], [116.80999591143568, 34.963574180546786], [116.78347091015681, 34.97333877584769], [116.77546207795818, 34.91496437000839], [116.61679789573438, 34.93818023741609], [116.60818777963824, 34.92101778901609], [116.43905684455653, 34.893710595243256], [116.402055773965, 34.8489985050777], [116.3971377922486, 34.75416678013145], [116.36328557780274, 34.74730586008955], [116.35775459348885, 34.71337873323261], [116.38605769397823, 34.70843105788021], [116.36821860112762, 34.63806378941029], [116.42427200060426, 34.64889662291397], [116.42674209090598, 34.62821849648779], [116.47120657498905, 34.613045369721036], [116.48480735747484, 34.57169647260439], [116.58853090312087, 34.510276253622656], [116.58668473349104, 34.49202366135336], [116.76811336677831, 34.45187107857074], [116.77674622571438, 34.428182270759045], [116.82239656412189, 34.38726053150709], [116.90376163720457, 34.40661376977383], [116.96336034194782, 34.3872513499842], [116.95477128008751, 34.36207259693506], [116.97747568035624, 34.34619429456572], [116.96337127667245, 34.28194707058568], [117.04497768603444, 34.21935915766181], [117.01920496145642, 34.16543645599683], [117.1175856101227, 34.12618661358426], [117.12436904528285, 34.09942210006722], [117.1860624862346, 34.06679419611745], [117.2513891587368, 34.06387227298747], [117.27107428961156, 34.07675500159838], [117.30549407325853, 34.06579249418826], [117.35095703472146, 34.08604389559878], [117.39771488783815, 34.02994445449757], [117.42915140136294, 34.025997935490075], [117.50883970517326, 34.05894966393591], [117.53726517586138, 34.03669627244741], [117.56319595538702, 33.983133148542755], [117.60694542837349, 33.99853728262045], [117.62355561176115, 34.02681385325582], [117.66536588366303, 33.99050659981959], [117.66660137030246, 33.93289092822487], [117.70903138333009, 33.87715698935254], [117.74781802163692, 33.88906496338608], [117.73366320623916, 33.756250690955305], [117.71888989287818, 33.74729940530732], [117.74413975829968, 33.708447031730685], [117.78545491033034, 33.73138415861982], [117.83793933870876, 33.73396557438455], [117.89593624377078, 33.718090147054035], [117.96667249982366, 33.74736094370532], [118.01395744418939, 33.73626705384332], [118.05943309327377, 33.76354469963663], [118.11179541922664, 33.76402546371901], [118.15500943289736, 33.7332203661385], [118.16181040198606, 33.661006808108965], [118.10626095341485, 33.61457689853059], [118.10134262441068, 33.47288679378192], [118.04470369137653, 33.48941001107266], [118.02135713236787, 33.453019691432296], [118.01092172786372, 33.40060239029878], [118.0232084887878, 33.37258393981929], [117.98698113789372, 33.330702222008945], [117.9685637189724, 33.27724273074547], [117.933535546126, 33.260312975575964], [117.9366134961574, 33.222774464749996], [117.97164036443813, 33.2241917426138], [117.98269900496852, 33.17860022960892], [118.03121798420017, 33.14991067218113], [118.03244881166945, 33.13237399139339], [118.14333529200105, 33.16690755171214], [118.17235625619293, 33.21552822271307], [118.2112543712269, 33.189556504322866], [118.2137306392997, 33.11191691154588], [118.23902681435369, 32.99609998622235], [118.26366905143163, 32.966985425138674], [118.29812442078158, 32.96643962899216], [118.28582566505854, 32.943869666135384], [118.24642760236199, 32.9343629200975], [118.22732154181944, 32.912262677927956], [118.24458781129873, 32.84594899708967], [118.2956766844792, 32.84389024621971], [118.29445289290517, 32.781042570555364], [118.32827147204712, 32.75934875948768], [118.35717065580745, 32.768353776229084], [118.3694805665045, 32.71650724567482], [118.4051999866934, 32.71347327893759], [118.44468610910494, 32.74120427965024], [118.47805681359961, 32.719143669671595], [118.55468208042915, 32.72789991532239], [118.56702376338748, 32.71784971584497], [118.63721389615671, 32.74248557348072], [118.70175507797077, 32.71821183891022], [118.75098831505596, 32.73529100063409], [118.73251015819024, 32.77051377997184], [118.73742679329098, 32.850961963302424], [118.80463030570499, 32.85152309425164], [118.8157336339719, 32.91836049142113], [118.84103942532758, 32.91991338908819], [118.84350481955596, 32.95456084275633], [118.89037082267429, 32.95561574013988], [118.88729264373245, 32.939047422919664], [118.9285303892979, 32.936515168452054], [119.01509833931648, 32.953357931449034], [119.04888251553453, 32.87241763174826], [119.1073533552596, 32.820610976478335], [119.17892916870636, 32.82323322043015], [119.20609382892818, 32.70605782298434], [119.20301657313172, 32.639071551181715], [119.22522155852174, 32.60482702274133], [119.21474229333012, 32.574570751548656], [119.14685767791848, 32.555296161739825], [119.16229172106404, 32.53413930702042], [119.07905904809124, 32.450278637682246], [119.03540346492949, 32.51293888401707], [118.97034306250312, 32.50303474524292], [118.9168823252624, 32.55510404162763], [118.8854816440372, 32.5510760565225], [118.9027237098431, 32.59040859974682], [118.83737169233804, 32.5656423494229], [118.81514742862858, 32.60240451818259], [118.77935974829207, 32.58016679072183], [118.75161767360069, 32.60182310106329], [118.72945034972132, 32.586703795537474], [118.71345049553724, 32.611921669616706], [118.68332608733839, 32.58625949415051], [118.65321125309718, 32.59236654142391], [118.62739154692794, 32.576275925721276], [118.59169238181143, 32.59898706222186], [118.56333601131385, 32.58384570157419], [118.55901876722159, 32.56014094585427], [118.60339929381468, 32.53494311790401], [118.58677464002744, 32.479436021391486], [118.62309737081397, 32.46578596857479], [118.68579620723689, 32.470220052067255], [118.67965601990068, 32.401544389356395], [118.69748908178813, 32.32670178847754], [118.65201012788744, 32.29947240724321], [118.669222977518, 32.24833166861414], [118.6384950409889, 32.207884836025094], [118.50531000718408, 32.19207612841043], [118.48985769222071, 32.16315528670576], [118.49542555869854, 32.11958909217117], [118.38862882109558, 32.07377162251416], [118.38371084664455, 31.98294689986301], [118.35786969285445, 31.92813064775896], [118.46639537134719, 31.877395436037023], [118.46083620470341, 31.855525234713934], [118.49916218874186, 31.839366226080173], [118.47629442703702, 31.776236873940086], [118.52821900082319, 31.765193463653333], [118.5164795744531, 31.741246884433185], [118.55230897123386, 31.72809837094108], [118.56649925051687, 31.744404306181657], [118.63607806839376, 31.756593006423426], [118.64837598607812, 31.72807459930195], [118.69201591288433, 31.707632631957697], [118.63793086378311, 31.66954542961782], [118.63793290368655, 31.647645493207346], [118.73077392487914, 31.631200585358876], [118.74246817041804, 31.6734706431794], [118.76834697502233, 31.680609383599528], [118.79734447043164, 31.61697794146888], [118.8535054247908, 31.62166299626334], [118.88064868640875, 31.51719897628134], [118.84673993262085, 31.39163054552502], [118.76221307404464, 31.36188342002455], [118.74003333265125, 31.370560398826157], [118.7154200760357, 31.32051866850872], [118.72096044928502, 31.280142908197792], [118.75112888287346, 31.27757739876919], [118.7893590709473, 31.227508934490352], [118.86526110606607, 31.24042001033671], [119.09950067802515, 31.232906209211016], [119.1013477655594, 31.248757353383215], [119.1525375918963, 31.292779092002963], [119.1920411298534, 31.293361095344885], [119.19266069408665, 31.268318181581755], [119.2610823515772, 31.24841977394924], [119.28876613693404, 31.261170200998873], [119.33241391360285, 31.25700190328134], [119.34470540883163, 31.298890782082097], [119.36869554097616, 31.256432959853004], [119.35455238557655, 31.210943001130794], [119.38593920828033, 31.172033181971134], [119.43341228963166, 31.175129864247708], [119.45564855966515, 31.154196231961453], [119.52736273051029, 31.157467259732353], [119.59464429662226, 31.10739606283911], [119.67279151396285, 31.166151047164174], [119.70047427386176, 31.150751773889375], [119.71031925451344, 31.16762392673987], [119.77441687230653, 31.176826855679895], [119.80467575708664, 31.146680087760963], [119.82197153582766, 31.17229737098066], [119.87323238270882, 31.159073514081292], [119.9163874446319, 31.16828556006111], [119.94101246019365, 31.104273061167248], [119.99633157812845, 31.025246227386464], [120.04734415236234, 31.00358708970909], [120.10586529256699, 30.95381734113338], [120.14475758971639, 30.93540096034774], [120.21887130134283, 30.924749161564723], [120.36599983316762, 30.946646814047497], [120.35308350817662, 30.885106212331884], [120.4183761456268, 30.900983879368], [120.43009974602182, 30.91895357291608], [120.43689591159301, 30.858927686486965], [120.48448838979044, 30.761977824523257], [120.49994749405955, 30.75637111640547], [120.58516177420546, 30.852584046206907], [120.65039680082884, 30.845337431414134], [120.67805409576826, 30.880701493272326], [120.70879584040792, 30.88321690209222], [120.70448704149113, 30.931447936280126], [120.67989208776218, 30.953541258765387], [120.69341551232517, 30.968900051173378], [120.74140770944788, 30.96064836598336], [120.76543536673033, 30.995002666090564], [120.81602385892323, 31.00481259021629], [120.86107560417634, 30.98797544753324], [120.89682471240351, 31.01567734468455], [120.88634543773281, 31.092512027654198], [120.85489750183473, 31.098625039849736], [120.87648053350306, 31.13294946846964], [121.0135445358442, 31.13220383744863], [121.07190589853938, 31.156135482961847], [121.05529557330414, 31.24311345727499], [121.08543108317424, 31.28959878794379], [121.1378213075822, 31.27328023286341], [121.1088297988568, 31.372362471636897], [121.13842776015804, 31.38975736728794], [121.16989592510797, 31.446982739796507], [121.23712019408296, 31.49094585071873], [121.24266616739871, 31.47462179734549], [121.33859532633117, 31.509692691526496], [121.36687227320853, 31.550951582653457], [121.140245770524, 31.751657715761063], [121.11372492232279, 31.756713341761323], [121.19516227524383, 31.83262924911354], [121.260485744451, 31.86164309525342], [121.31828268784875, 31.866136122578837], [121.37976649334261, 31.83096412399546], [121.42659980555955, 31.76689107362565], [121.49393124330503, 31.75076937494721], [121.59518429563195, 31.70107669392301], [121.97028619684853, 31.614883845197216], [121.96536398425808, 31.71675001893818], [121.88474307196209, 31.864355030548168], [121.85141945004045, 31.953226844562025], [121.76745690106682, 32.03075742294217], [121.75450637630753, 32.057131047976945], [121.52047518264635, 32.13427937458017], [121.5377745217278, 32.15003356394735], [121.45372261274012, 32.175135080500475], [121.49450742383875, 32.209182544024785], [121.4889384531821, 32.26130887431156], [121.4450670386002, 32.27991842781483], [121.42036878323056, 32.42850943732597], [121.38524711212634, 32.45829592001322], [121.26473680238709, 32.48119200568921], [121.14819485246157, 32.526996116318074], [121.11673157063348, 32.5667992558718], [121.07177448607277, 32.57385724038932], [121.01525206510468, 32.603214417752255], [120.95694683446253, 32.6099356906009], [120.97474727473403, 32.63407644838536], [120.95878268635073, 32.68046263584662], [120.91145192209915, 32.6991711356654], [120.94833943116059, 32.71220678564368], [120.9673704125658, 32.75896180809247], [120.97656801118978, 32.85748985679177], [120.95262187770065, 32.89121709049076], [120.92803286672795, 33.003717333100184], [120.91326860617362, 33.02379961414836], [120.8670623804421, 33.04485315792627], [120.86952412648093, 33.09148186868646], [120.83866552615646, 33.20765109724541], [120.81458919251257, 33.2356376955775], [120.82878257752573, 33.27269179321018], [120.80902721507252, 33.301167278036054], [120.76460955250097, 33.304608771525054], [120.73626669594552, 33.3351068484156], [120.71225607026257, 33.43456763326897], [120.67535923536803, 33.518000330479836], [120.57874674906019, 33.66620534890536], [120.36200867176201, 34.08941605524541], [120.34231452613736, 34.177176626877255], [120.30909965539384, 34.253491313641725], [120.30663419255148, 34.30494869883892], [119.95729412270454, 34.457306289183926], [119.80620356961944, 34.48391768904692], [119.77593996575797, 34.51396514984903], [119.63555638522931, 34.56734821061912], [119.45961449897716, 34.67103068741533], [119.52020631360712, 34.73171864104637], [119.37571866655666, 34.75015732819354], [119.49113925763484, 34.752287322232995], [119.43365738237426, 34.783114122606655], [119.43489404204009, 34.76738750107923], [119.37263986144873, 34.7624503030407], [119.23239032192078, 34.79752135712509], [119.21142402205652, 34.825999717707376], [119.19660965066083, 34.888337750473774], [119.20894571669646, 34.923684251657754], [119.20523777284528, 34.97958659802027], [119.23236303012918, 35.0467461892238], [119.27915108444893, 35.066315738020364], [119.28592030370636, 35.02663009471728], [119.30129103105233, 35.03101430295965], [119.28653087025828, 35.0667955890913], [119.30005661546704, 35.07460811514634], [119.28099126021527, 35.113312432301434], [119.24406140102704, 35.12263737801545], [119.21139334950512, 35.104999467138285], [119.13177711607966, 35.094097954637476], [119.10834615193757, 35.05294076083009], [118.936919860842, 35.039067396909786], [118.92277931915339, 35.04937559804205], [118.85686780806809, 35.02388786005574], [118.85502544390168, 34.94250894510322], [118.79948423289743, 34.871260993453724], [118.76618331864884, 34.7926328831196], [118.73353253772521, 34.790661058963565], [118.71323146641288, 34.74348573291957], [118.75817530588351, 34.73855383418932], [118.77790615763834, 34.72135607911501], [118.68434240569, 34.67662565898749], [118.65852950271984, 34.69192978823063], [118.60195190116693, 34.69249782719265], [118.59579151874651, 34.712671496162834], [118.54028185251305, 34.70425134189416], [118.45498725791579, 34.65431143403454], [118.46796907474788, 34.62135351252825], [118.43337411618867, 34.62423111273615], [118.41856796110612, 34.59317884842434], [118.43338700369584, 34.50593931218416], [118.40994738898894, 34.471869824945905], [118.39885736473701, 34.425463208380116], [118.3736096651492, 34.41312806975912], [118.28444175481945, 34.42265902727435], [118.27152230853007, 34.40291903976605], [118.21421311908614, 34.403906551224146], [118.21174759742195, 34.37722610682366], [118.17346912225379, 34.37766072860325], [118.17160812012517, 34.45124420741748], [118.12652696322246, 34.48127321453599], [118.15863189340553, 34.50303363320779], [118.17900931760556, 34.54203125634095], [118.07288467406744, 34.567559821883385], [118.10861888058545, 34.6123952861236], [118.07780016619246, 34.65375920804663], [118.04765175555073, 34.64887556367911], [117.94568402778715, 34.67671741562433], [117.9038467425648, 34.66889615976866], [117.89707212243592, 34.64280657645078], [117.78782559887416, 34.65004340641507], [117.79586483277939, 34.517009524025966], [117.67821464639493, 34.545636480092085], [117.65301845061327, 34.49932712039414], [117.60381551221333, 34.48903177676041], [117.58657409519596, 34.46090715310499], [117.45873398874808, 34.48283351476194], [117.39642576505892, 34.54884016977666], [117.39642367203052, 34.56757116195762], [117.36442648000035, 34.582869038869724], [117.30544051193179, 34.5598090576598]]]}}, {"type": "Feature", "properties": {"adcode": 330000, "name": "浙江省", "count": 9}, "geometry": {"type": "Polygon", "coordinates": [[[118.42843177153681, 28.287446125615613], [118.43892747943313, 28.252673012394872], [118.48526543276483, 28.237498383580938], [118.48773618544476, 28.261758211481574], [118.58344855759024, 28.281990989973117], [118.59022810981318, 28.257744591808628], [118.64621944144778, 28.27666714175039], [118.66957717193878, 28.27082579445909], [118.69416180255214, 28.309252610941634], [118.714455612745, 28.3113324502414], [118.75078038545614, 28.25175697642338], [118.79702648208621, 28.239676265874113], [118.79887949159816, 28.206982227474537], [118.76619257251512, 28.187950445426686], [118.80073522294566, 28.15422517297312], [118.79703665401074, 28.1167423131362], [118.76250069105458, 28.105086471281094], [118.71386100776188, 28.06285183407833], [118.72863103770356, 28.02691434169072], [118.72494370270365, 27.969835952407184], [118.81309756675326, 27.915965448740252], [118.82421263723654, 27.847206051479546], [118.86864607910542, 27.732906223619267], [118.8748166009848, 27.667206476275936], [118.90870154191327, 27.6189718263274], [118.90439623144832, 27.56753089086405], [118.8643443380179, 27.539394622118934], [118.90255757811809, 27.46033747895361], [118.95052690963672, 27.449125517181873], [118.98122546369551, 27.47505597205583], [118.97815509549854, 27.49788852264018], [119.015597479663, 27.497245097194934], [119.03463458856659, 27.47755606787693], [119.08690471314407, 27.465272811823837], [119.12449594428881, 27.474316618584183], [119.11586601338765, 27.4371439941187], [119.14239171755024, 27.423904235564148], [119.26388149727487, 27.421377880907393], [119.2798765335656, 27.456936956435086], [119.32906242982945, 27.479147188231863], [119.35488313434554, 27.52368184534175], [119.4115287029423, 27.53850866220426], [119.43312332462351, 27.50775578886392], [119.46153190699086, 27.525326933225916], [119.49676077516504, 27.60976805119041], [119.4961392182942, 27.64900006358455], [119.60109828119963, 27.67408918301048], [119.63926560781124, 27.66291870287794], [119.62142307659187, 27.620002385723318], [119.62573490637705, 27.581815648418118], [119.67002629657797, 27.573783400794923], [119.65465286977468, 27.539861792449322], [119.68540536459047, 27.53662019206932], [119.70386445996355, 27.51324268751277], [119.698332227303, 27.445838942611246], [119.6804930053649, 27.437905067863905], [119.74575510365815, 27.373040711380877], [119.73466328899691, 27.361886450408168], [119.77721605734621, 27.329489477596596], [119.76364273847904, 27.30715564218803], [119.8383595716578, 27.299828536549], [119.93394380715058, 27.329090666603804], [119.95546840490324, 27.36517911596382], [120.0033983431245, 27.37460357636324], [120.02122011890079, 27.34320450886619], [120.04765708994411, 27.337827019782146], [120.09137050367838, 27.389314566633384], [120.13208835080196, 27.401560261656396], [120.1296171210219, 27.419082804962905], [120.2166929737446, 27.41922428115226], [120.25800317396146, 27.43198038039358], [120.26847696797242, 27.388424311570752], [120.33615137623208, 27.398937628795295], [120.33922979617753, 27.362278099924175], [120.42546623163373, 27.25805880929355], [120.39710002531008, 27.250066056249565], [120.39956906393174, 27.203262647355718], [120.45696850501137, 27.14161713379553], [120.48787404920054, 27.13531507343907], [120.54164434857134, 27.15621858869145], [120.57064875270471, 27.23393498933317], [120.55028250614886, 27.251454923301615], [120.57619238707673, 27.320597465119224], [120.6611251401431, 27.357188573814266], [120.66911144423604, 27.419320822499124], [120.69861621189614, 27.4776705506233], [120.63036526701254, 27.576483799584004], [120.68077579054707, 27.622000426320984], [120.70475099016888, 27.68186076585842], [120.7669348442437, 27.73376378068637], [120.77309686658896, 27.774022407732275], [120.8051763579674, 27.774596570780314], [120.83603728130295, 27.758235826556177], [120.93768131615312, 27.89589104054496], [120.96962309960598, 27.88629399509357], [121.0230276283154, 27.83163024309386], [121.06542146955022, 27.83313022462631], [121.10297096154643, 27.81246923543695], [121.14736954149862, 27.814638721910494], [121.1294814709999, 27.786020642613444], [121.147987067462, 27.809345095419033], [121.18748153205809, 27.821592756848087], [121.1887118169356, 27.87134353055701], [121.15785504630169, 27.878165243132006], [121.15785281788827, 27.90620428119698], [121.0949566960419, 27.893965301160865], [121.05127740715236, 27.899295347866044], [120.98741902765448, 27.949182875172262], [121.0107393518602, 27.98083260183188], [121.0543340375712, 28.095373308392123], [121.1035609944155, 28.138102728407276], [121.11650488324776, 28.124386968347633], [121.13624674485143, 28.030404614898007], [121.17142123346245, 28.02148380887286], [121.25650155459128, 28.033718469451582], [121.29525330894867, 28.066429125821177], [121.32352108132109, 28.133436377110343], [121.36901380924215, 28.132304789868847], [121.39732247445089, 28.196138052376863], [121.48433660397811, 28.30068055731416], [121.53439406379425, 28.298714016774785], [121.56711312680888, 28.278747033024622], [121.57575023246403, 28.239743800687396], [121.62317306493534, 28.251331123876007], [121.66498303660592, 28.33242078097012], [121.65575962117089, 28.35508653149605], [121.62993338216206, 28.34722960653185], [121.65452698309595, 28.391947909636997], [121.68834018518925, 28.406623415153895], [121.6299164808178, 28.561877147625733], [121.59174872572981, 28.574515039594747], [121.53621904123611, 28.654800229883396], [121.64159157048968, 28.682119526036857], [121.68462562979533, 28.71824429146526], [121.69999291601145, 28.80369226970072], [121.68276928391487, 28.862406667613968], [121.77019735731503, 28.86287424654595], [121.76772734685154, 28.897438346018017], [121.73875520568558, 28.95344417023288], [121.70674414860491, 28.984865922101182], [121.70797115028252, 29.02775569638963], [121.65447376742962, 29.057654525550785], [121.65569865307035, 29.117235347370453], [121.61202522529362, 29.142374755560965], [121.60402012045195, 29.167973410705088], [121.7110397501417, 29.12393116979944], [121.7455163772496, 29.135402753023627], [121.76338836170848, 29.165704129842624], [121.77572832639173, 29.108772267569563], [121.80658750360818, 29.108817200226856], [121.8553651210205, 29.085386280470814], [121.8800426346334, 29.104751083295767], [121.96190315347775, 29.051874951003814], [121.96558628918295, 29.091592522862776], [121.98400975246275, 29.10983041748169], [121.98216375631934, 29.153720181427712], [121.94407009792756, 29.1924636717163], [121.96742016096498, 29.192407521701593], [121.96250166037497, 29.248797507496366], [121.99750588302439, 29.259131743085273], [121.99566310210177, 29.277399507063993], [121.94037355835216, 29.283285082172558], [121.95389290583518, 29.333328733787752], [121.931758874153, 29.34692970655566], [121.93360137410043, 29.382898162117627], [121.97108822328231, 29.409914001549772], [121.98889376907984, 29.45102202323187], [121.96862563219646, 29.476602896029945], [121.9643231683348, 29.514626708651853], [121.99072840850624, 29.54370228699296], [121.99563801589366, 29.581156098601273], [121.96185573876262, 29.634833843251045], [121.90526694449292, 29.648963703207666], [121.86828029483185, 29.631266755995103], [121.82877195461658, 29.65200507352303], [121.9329566190247, 29.74717251866895], [121.99869245277999, 29.76103011838501], [122.03922552433914, 29.821158195781138], [122.13838886320524, 29.8761487218702], [122.13530155429353, 29.900009797975386], [122.00236613595939, 29.890286152096788], [121.99929329590395, 29.918826097929404], [121.96674326247967, 29.954186701454265], [121.91509807661292, 29.919537229867473], [121.7793568086823, 29.99197097722657], [121.71650485047543, 29.991448775914588], [121.64824263877581, 30.069795357226038], [121.63102336467968, 30.06878829252605], [121.49282702081273, 30.257462621081505], [121.39036687086792, 30.33684299384496], [121.3669788911616, 30.36938622619828], [121.3233314564622, 30.39577962585767], [121.22057659840083, 30.403089663127073], [121.08796324306071, 30.514297553133844], [121.05351221126769, 30.562243183113345], [121.23473006240077, 30.647325176445413], [121.26982137586934, 30.675609068848573], [121.26735607337675, 30.721891347135095], [121.22732626307065, 30.7542763105683], [121.21191145281512, 30.784064404482947], [121.16995639917006, 30.770124870368594], [121.11812964752455, 30.77723619651485], [121.13292686832528, 30.824508564237906], [121.09285834775294, 30.855281941221307], [121.05533136642364, 30.843507245814443], [121.03321761761083, 30.812232141553142], [120.9871822484136, 30.835472641537187], [121.01540911664709, 30.87029470229254], [120.98840520670697, 30.88782450384909], [120.99576476246973, 30.936537716696762], [120.98471187285189, 31.01244739485081], [120.94480204506715, 31.02843675332242], [120.93558613253538, 31.00846918532403], [120.89682471240351, 31.01567734468455], [120.86107560417634, 30.98797544753324], [120.81602385892323, 31.00481259021629], [120.76543536673033, 30.995002666090564], [120.74140770944788, 30.96064836598336], [120.69341551232517, 30.968900051173378], [120.67989208776218, 30.953541258765387], [120.70448704149113, 30.931447936280126], [120.70879584040792, 30.88321690209222], [120.67805409576826, 30.880701493272326], [120.65039680082884, 30.845337431414134], [120.58516177420546, 30.852584046206907], [120.49994749405955, 30.75637111640547], [120.48448838979044, 30.761977824523257], [120.43689591159301, 30.858927686486965], [120.43009974602182, 30.91895357291608], [120.4183761456268, 30.900983879368], [120.35308350817662, 30.885106212331884], [120.36599983316762, 30.946646814047497], [120.21887130134283, 30.924749161564723], [120.14475758971639, 30.93540096034774], [120.10586529256699, 30.95381734113338], [120.04734415236234, 31.00358708970909], [119.99633157812845, 31.025246227386464], [119.94101246019365, 31.104273061167248], [119.9163874446319, 31.16828556006111], [119.87323238270882, 31.159073514081292], [119.82197153582766, 31.17229737098066], [119.80467575708664, 31.146680087760963], [119.77441687230653, 31.176826855679895], [119.71031925451344, 31.16762392673987], [119.70047427386176, 31.150751773889375], [119.67279151396285, 31.166151047164174], [119.6186621226601, 31.128370458265277], [119.64389173535811, 31.10325003176587], [119.62420525143055, 31.083821775944244], [119.62851946703081, 31.017733993602455], [119.57492836502769, 30.96547062794282], [119.57678213000062, 30.93059974240803], [119.55827161947813, 30.91775633547542], [119.55210086096578, 30.872593315823153], [119.57062203442948, 30.82846984254903], [119.54901818504253, 30.824331394244616], [119.52183410463854, 30.77752765876867], [119.47422652082686, 30.77070957937024], [119.4773242778323, 30.702870829246702], [119.43901830141843, 30.648770107598416], [119.4026223407793, 30.6435869955778], [119.38475419337709, 30.684229065392643], [119.33738771337767, 30.662686158151615], [119.31772041689788, 30.628764874141293], [119.23342685926424, 30.60774697450919], [119.25991420121974, 30.5732485722381], [119.23158355393844, 30.545438028068325], [119.26669023371579, 30.508849957056515], [119.32080321654874, 30.531438336938283], [119.32941661041917, 30.446886361971504], [119.36201137946327, 30.38337638907504], [119.39710129453303, 30.373029165370564], [119.34356564680155, 30.347787442901723], [119.32081814180579, 30.370544056208885], [119.27162908427768, 30.339648056522655], [119.24146135231615, 30.33966225353908], [119.23099004809201, 30.295758731285186], [119.19583683899664, 30.289521969394418], [119.12116379975917, 30.303344931869354], [119.08603683596162, 30.322440663627592], [119.05712310153311, 30.303357026631225], [118.98343629411453, 30.330923755574908], [118.94905193990792, 30.358897149489387], [118.87521037973549, 30.31402588586915], [118.87274694364419, 30.28147847850385], [118.89986399746078, 30.21532923938314], [118.92448054873415, 30.201349856630614], [118.8474679899835, 30.165632557667642], [118.84685238601283, 30.148557492287956], [118.89001529153694, 30.147567658439783], [118.86844607369973, 30.113911925794785], [118.87338271043124, 30.063692604228972], [118.89741798057366, 30.027961493231974], [118.88941859485993, 29.936731553666764], [118.83329415556025, 29.933551039403863], [118.8357669257241, 29.889983501620698], [118.735250188571, 29.813573713077094], [118.73956629640702, 29.737740751507022], [118.641801827095, 29.642237049701052], [118.61473967395777, 29.653193205540195], [118.56853829121262, 29.637071369514267], [118.52717977846724, 29.58757668835486], [118.49504153269812, 29.57447756459665], [118.49071980985238, 29.51825263462391], [118.37594090479197, 29.503512433197198], [118.34210862848035, 29.47283465778713], [118.32427648834856, 29.49369882804165], [118.30091295647111, 29.478119911220983], [118.31075735168747, 29.421320600829116], [118.243058968282, 29.430252557215333], [118.18754169757091, 29.394242604620995], [118.19989225795202, 29.342652702896103], [118.16099514212695, 29.312859276202424], [118.17273009924436, 29.296711421817147], [118.13321352091059, 29.282556520226617], [118.07217938682965, 29.289316548681956], [118.06787684935266, 29.21574016400139], [118.03651294989817, 29.209008356002258], [118.02238379806315, 29.166749114474143], [118.03959085572384, 29.14790323184708], [118.03222022984171, 29.10089826065665], [118.07035175606377, 29.073651699458477], [118.06112275663222, 29.05275180727298], [118.09191433265899, 28.9978173456085], [118.10979102309447, 29.00880863975938], [118.12830192860385, 28.982670710042417], [118.15978874564112, 28.985861682653336], [118.22214014668127, 28.941478495956627], [118.19005348139797, 28.903221230044398], [118.26466142020944, 28.91792339988403], [118.29482024606726, 28.825177491611317], [118.35877288657984, 28.81248585546867], [118.39756564544977, 28.70180915103295], [118.42284456734725, 28.680308796409967], [118.42285010393707, 28.616257816742564], [118.40682238485111, 28.5558292469968], [118.42470988430256, 28.514318365297594], [118.40929358293725, 28.496426890235963], [118.46917584376078, 28.478125377827755], [118.45126346596163, 28.42389069067935], [118.42657074335568, 28.401213695857333], [118.45003149590106, 28.383356254766976], [118.47475034965804, 28.326540459280356], [118.42843177153681, 28.287446125615613]]]}}, {"type": "Feature", "properties": {"adcode": 330000, "name": "浙江省", "count": 9}, "geometry": {"type": "Polygon", "coordinates": [[[122.15875153347203, 29.98664756609546], [122.27468293373096, 29.93593059203503], [122.31772490973064, 29.93897386848293], [122.33677539976799, 29.97523082368935], [122.33923061704331, 30.018760180847554], [122.3054226968213, 30.038512010213054], [122.28635920124684, 30.07324582942942], [122.29681195426143, 30.08513985858847], [122.28943226422447, 30.099130394314148], [122.14824623039937, 30.11198083016149], [122.09087913331253, 30.156432994037942], [122.04411507157447, 30.145621350563324], [121.95074994915699, 30.182611517438374], [121.93046190688274, 30.160405648940635], [121.97901479776063, 30.099221545956265], [121.98515807900779, 30.07590301510516], [121.97349157501776, 30.057811577851993], [122.02323765185555, 29.989789652939223], [122.1019844094708, 30.004196886169265], [122.11370069824913, 29.98502766867552], [122.15875153347203, 29.98664756609546]]]}}, {"type": "Feature", "properties": {"adcode": 330000, "name": "浙江省", "count": 9}, "geometry": {"type": "Polygon", "coordinates": [[[122.20935253761077, 30.185043849435015], [122.17416972481091, 30.197917392818546], [122.14823956044371, 30.189595012029727], [122.13898167620151, 30.16164637150458], [122.1636786052869, 30.136852435340888], [122.20935253761077, 30.185043849435015]]]}}, {"type": "Feature", "properties": {"adcode": 330000, "name": "浙江省", "count": 9}, "geometry": {"type": "Polygon", "coordinates": [[[122.22481223022747, 29.710626782891506], [122.20630915458185, 29.699173227378516], [122.26547329908895, 29.68411738494764], [122.22481223022747, 29.710626782891506]]]}}, {"type": "Feature", "properties": {"adcode": 330000, "name": "浙江省", "count": 9}, "geometry": {"type": "Polygon", "coordinates": [[[122.42287828722326, 30.736608070547373], [122.42226613058507, 30.695991981684124], [122.52849565458546, 30.695227031816977], [122.5235524546533, 30.723492711222335], [122.47041451842908, 30.71254297309672], [122.44077015545945, 30.743316820542525], [122.42287828722326, 30.736608070547373]]]}}, {"type": "Feature", "properties": {"adcode": 330000, "name": "浙江省", "count": 9}, "geometry": {"type": "Polygon", "coordinates": [[[122.15810578278906, 30.32811829137577], [122.05332416190764, 30.290376111732666], [122.14946875177276, 30.24337132358202], [122.22723487846086, 30.233151270542912], [122.2426368048548, 30.299820900805187], [122.22352699434359, 30.3282191394202], [122.18650633387765, 30.32817040205532], [122.17168671530607, 30.350346179897723], [122.15810578278906, 30.32811829137577]]]}}, {"type": "Feature", "properties": {"adcode": 330000, "name": "浙江省", "count": 9}, "geometry": {"type": "Polygon", "coordinates": [[[122.3127809270517, 30.248072564711], [122.27342649260945, 30.24141337959441], [122.35396571234241, 30.234556534585757], [122.36072872604772, 30.253671904784333], [122.4124409717882, 30.237109133607255], [122.40257858347788, 30.271216099161517], [122.3287599480154, 30.27129817438897], [122.3127809270517, 30.248072564711]]]}}, {"type": "Feature", "properties": {"adcode": 330000, "name": "浙江省", "count": 9}, "geometry": {"type": "Polygon", "coordinates": [[[122.02146293695888, 29.177104790866736], [122.00856782026923, 29.15050601911429], [122.05219060027784, 29.157187570343094], [122.07125883456729, 29.17491681098568], [122.03190377410726, 29.206316955209445], [122.02146293695888, 29.177104790866736]]]}}, {"type": "Feature", "properties": {"adcode": 330000, "name": "浙江省", "count": 9}, "geometry": {"type": "Polygon", "coordinates": [[[122.36752494836298, 29.891687210324722], [122.38168177534448, 29.832512461087713], [122.41124445822166, 29.827319199083814], [122.39707000046619, 29.86831958165611], [122.42912102778473, 29.881832578588373], [122.42850104281021, 29.91762692879822], [122.40691965567811, 29.950279326677816], [122.39336863640821, 29.93783251991805], [122.34722696389494, 29.957584921453442], [122.32632979879921, 29.936364421049664], [122.33432204425003, 29.91041638700334], [122.36752494836298, 29.891687210324722]]]}}, {"type": "Feature", "properties": {"adcode": 330000, "name": "浙江省", "count": 9}, "geometry": {"type": "Polygon", "coordinates": [[[122.42537439271511, 30.40703113107327], [122.42783864789216, 30.443658939212316], [122.27340702049742, 30.470110304406795], [122.27710343494569, 30.41698626002491], [122.31399685563649, 30.405576677200813], [122.34780194121385, 30.420475856299188], [122.42537439271511, 30.40703113107327]]]}}, {"type": "Feature", "properties": {"adcode": 330000, "name": "浙江省", "count": 9}, "geometry": {"type": "Polygon", "coordinates": [[[121.83316628384371, 28.7696888896251], [121.85847563780129, 28.78126523780354], [121.85723863528996, 28.813239026535687], [121.83316628384371, 28.7696888896251]]]}}, {"type": "Feature", "properties": {"adcode": 330000, "name": "浙江省", "count": 9}, "geometry": {"type": "Polygon", "coordinates": [[[122.26053501609269, 29.84411132005528], [122.21678546779978, 29.831124313140815], [122.30544573046964, 29.765127507079885], [122.32081180110384, 29.78016112652769], [122.29498969616839, 29.818115651718347], [122.31466073834568, 29.827944884340475], [122.26053501609269, 29.84411132005528]]]}}, {"type": "Feature", "properties": {"adcode": 330000, "name": "浙江省", "count": 9}, "geometry": {"type": "Polygon", "coordinates": [[[121.78621976443657, 29.08108610937033], [121.82820360023565, 29.049269965550288], [121.83869782703749, 29.081177352294343], [121.81584982337314, 29.098382406241143], [121.78621976443657, 29.08108610937033]]]}}, {"type": "Feature", "properties": {"adcode": 330000, "name": "浙江省", "count": 9}, "geometry": {"type": "Polygon", "coordinates": [[[121.93902003964217, 30.775479275871625], [121.96361073044729, 30.687010005807146], [121.99247657190152, 30.657091625827487], [122.08221758908722, 30.600289251565208], [122.12845258015697, 30.59361743689633], [122.07051702000285, 30.646103375050718], [122.0065973433725, 30.667852364587745], [121.98817490711502, 30.693624586671884], [121.98325814310135, 30.75173078663689], [121.9654451334361, 30.78774895428092], [121.93902003964217, 30.775479275871625]]]}}, {"type": "Feature", "properties": {"adcode": 330000, "name": "浙江省", "count": 9}, "geometry": {"type": "Polygon", "coordinates": [[[121.88502503450286, 28.47093939445798], [121.91459643534183, 28.49670677259186], [121.87762325218529, 28.501963492870285], [121.88502503450286, 28.47093939445798]]]}}, {"type": "Feature", "properties": {"adcode": 330000, "name": "浙江省", "count": 9}, "geometry": {"type": "Polygon", "coordinates": [[[122.17792092744472, 29.64921887825719], [122.20692691046746, 29.690857315775983], [122.19581734609073, 29.71111230816536], [122.14210359676025, 29.747909063923256], [122.12667203564301, 29.78736361942815], [122.07920967310703, 29.781634107962642], [122.04292217387494, 29.71830461028653], [122.06936810595067, 29.700071591706656], [122.09091708556103, 29.715130289724893], [122.1334702791591, 29.66057969811888], [122.17792092744472, 29.64921887825719]]]}}, {"type": "Feature", "properties": {"adcode": 330000, "name": "浙江省", "count": 9}, "geometry": {"type": "Polygon", "coordinates": [[[122.4568913205976, 29.942575024069583], [122.44454287177625, 29.937880019560282], [122.45133571088553, 29.924929964890495], [122.46245174941859, 29.927030508946906], [122.4568913205976, 29.942575024069583]]]}}, {"type": "Feature", "properties": {"adcode": 330000, "name": "浙江省", "count": 9}, "geometry": {"type": "Polygon", "coordinates": [[[122.5661461792346, 30.64283147600374], [122.55504094828308, 30.67831167145822], [122.54208414782966, 30.65050874210472], [122.5661461792346, 30.64283147600374]]]}}, {"type": "Feature", "properties": {"adcode": 330000, "name": "浙江省", "count": 9}, "geometry": {"type": "Polygon", "coordinates": [[[121.86529154020421, 28.423043389977185], [121.90659522036509, 28.439375518278045], [121.8856432226233, 28.45042336397495], [121.86529154020421, 28.423043389977185]]]}}, {"type": "Feature", "properties": {"adcode": 330000, "name": "浙江省", "count": 9}, "geometry": {"type": "Polygon", "coordinates": [[[122.0607137256764, 30.178185467941713], [122.05087236682375, 30.19889100443015], [122.01278020328083, 30.185020398809655], [122.02076600208258, 30.160167717369394], [122.0607137256764, 30.178185467941713]]]}}, {"type": "Feature", "properties": {"adcode": 330000, "name": "浙江省", "count": 9}, "geometry": {"type": "Polygon", "coordinates": [[[122.3865937449762, 29.968945421355595], [122.40691327918758, 30.02439879245939], [122.3736651470703, 30.02233634689518], [122.36321161568098, 29.97881554372571], [122.3865937449762, 29.968945421355595]]]}}, {"type": "Feature", "properties": {"adcode": 330000, "name": "浙江省", "count": 9}, "geometry": {"type": "Polygon", "coordinates": [[[121.84603310315686, 29.97601532371138], [121.87010404530224, 29.96360754659089], [121.92863005576055, 29.993664862527147], [121.92001097173947, 30.051188288921942], [121.88119562206808, 30.093659749132865], [121.84417049084634, 30.09982587240199], [121.83553116407525, 30.04595337623594], [121.84603310315686, 29.97601532371138]]]}}, {"type": "Feature", "properties": {"adcode": 330000, "name": "浙江省", "count": 9}, "geometry": {"type": "Polygon", "coordinates": [[[121.06176078132533, 27.477460515662294], [121.06176211599761, 27.46047306594081], [121.10238510867971, 27.442931849634817], [121.06176078132533, 27.477460515662294]]]}}, {"type": "Feature", "properties": {"adcode": 330000, "name": "浙江省", "count": 9}, "geometry": {"type": "Polygon", "coordinates": [[[121.94775821286949, 29.18671233727727], [121.97479413008666, 29.158964655456636], [121.97233459370028, 29.19082776056946], [121.94775821286949, 29.18671233727727]]]}}, {"type": "Feature", "properties": {"adcode": 330000, "name": "浙江省", "count": 9}, "geometry": {"type": "Polygon", "coordinates": [[[122.0337009631191, 29.757814139322473], [122.0066760861706, 29.74490072811531], [122.02510385536436, 29.715230624707466], [122.0337009631191, 29.757814139322473]]]}}, {"type": "Feature", "properties": {"adcode": 330000, "name": "浙江省", "count": 9}, "geometry": {"type": "Polygon", "coordinates": [[[121.93600081328066, 30.11330367846957], [121.90584691556298, 30.08796782185882], [121.94153955644077, 30.063068442733478], [121.95813012764738, 30.104973401288333], [121.93600081328066, 30.11330367846957]]]}}, {"type": "Feature", "properties": {"adcode": 330000, "name": "浙江省", "count": 9}, "geometry": {"type": "Polygon", "coordinates": [[[121.95319969408757, 30.286513056374492], [121.99619002043951, 30.30705590214668], [121.98452174738912, 30.338594874661798], [121.93721260120776, 30.33200043446545], [121.91691198839587, 30.306204392569768], [121.95319969408757, 30.286513056374492]]]}}, {"type": "Feature", "properties": {"adcode": 330000, "name": "浙江省", "count": 9}, "geometry": {"type": "Polygon", "coordinates": [[[122.18838942218551, 29.963892770010855], [122.15875153347203, 29.98664756609546], [122.14764102244213, 29.96952145723249], [122.17974661348984, 29.954026994617344], [122.18838942218551, 29.963892770010855]]]}}, {"type": "Feature", "properties": {"adcode": 330000, "name": "浙江省", "count": 9}, "geometry": {"type": "Polygon", "coordinates": [[[122.28331305589218, 29.722559816234217], [122.29684040439372, 29.74696043588746], [122.25377013347766, 29.752201506522656], [122.23713495084714, 29.783367642604897], [122.20877139880507, 29.770360461831114], [122.24699742535319, 29.729861619867354], [122.28331305589218, 29.722559816234217]]]}}, {"type": "Feature", "properties": {"adcode": 330000, "name": "浙江省", "count": 9}, "geometry": {"type": "Polygon", "coordinates": [[[122.25988465667929, 30.26829991189459], [122.24941910243642, 30.23574120175791], [122.31093669190403, 30.248592923347942], [122.29556645422986, 30.269808699197206], [122.25988465667929, 30.26829991189459]]]}}, {"type": "Feature", "properties": {"adcode": 330000, "name": "浙江省", "count": 9}, "geometry": {"type": "Polygon", "coordinates": [[[122.27838109472272, 29.8591463606282], [122.30420915509919, 29.848207802847366], [122.33862946969376, 29.859042140491564], [122.33862757565082, 29.881355860898463], [122.2968290461278, 29.882471494346838], [122.27838109472272, 29.8591463606282]]]}}, {"type": "Feature", "properties": {"adcode": 330000, "name": "浙江省", "count": 9}, "geometry": {"type": "Polygon", "coordinates": [[[122.77652077877651, 30.69257278426532], [122.79501487149965, 30.714707740655705], [122.77405207922281, 30.728046547546505], [122.75249155095946, 30.712095478061975], [122.77652077877651, 30.69257278426532]]]}}, {"type": "Feature", "properties": {"adcode": 330000, "name": "浙江省", "count": 9}, "geometry": {"type": "Polygon", "coordinates": [[[121.09372146596725, 27.936279281343534], [121.14797502083795, 27.960656240921153], [121.11589953225169, 27.985459471637522], [121.06479446045996, 27.983353555350277], [121.0334570810881, 27.947991516458696], [121.09372146596725, 27.936279281343534]]]}}, {"type": "Feature", "properties": {"adcode": 330000, "name": "浙江省", "count": 9}, "geometry": {"type": "Polygon", "coordinates": [[[121.18130002097082, 27.962303735711238], [121.23310261921777, 27.98721377800001], [121.1930211684019, 27.999855611570457], [121.166487008744, 27.97760746725704], [121.18130002097082, 27.962303735711238]]]}}, {"type": "Feature", "properties": {"adcode": 330000, "name": "浙江省", "count": 9}, "geometry": {"type": "Polygon", "coordinates": [[[122.83140986342568, 30.69729043758022], [122.82647267974018, 30.7271016414502], [122.80303256872865, 30.712664406504455], [122.83140986342568, 30.69729043758022]]]}}, {"type": "Feature", "properties": {"adcode": 330000, "name": "浙江省", "count": 9}, "geometry": {"type": "Polygon", "coordinates": [[[122.19579578636406, 29.968052703323806], [122.26914579948819, 29.930750273851576], [122.23527125759465, 29.958760299455047], [122.19579578636406, 29.968052703323806]]]}}, {"type": "Feature", "properties": {"adcode": 330000, "name": "浙江省", "count": 9}, "geometry": {"type": "Polygon", "coordinates": [[[122.02446935328777, 29.953497951912766], [122.03921632990438, 29.929089018408206], [122.05396811688232, 29.954467958970152], [122.02446935328777, 29.953497951912766]]]}}, {"type": "Feature", "properties": {"adcode": 330000, "name": "浙江省", "count": 9}, "geometry": {"type": "Polygon", "coordinates": [[[121.03959726146026, 27.978113036540808], [121.08509678728134, 27.997607414736216], [121.0690980826122, 28.00660421299024], [121.03959726146026, 27.978113036540808]]]}}, {"type": "Feature", "properties": {"adcode": 340000, "name": "安徽省", "count": 9}, "geometry": {"type": "Polygon", "coordinates": [[[116.5941234380628, 34.01246987018693], [116.63595373918768, 33.97618850539836], [116.6378057629364, 33.89470817133047], [116.62551361084684, 33.885778848481486], [116.5614709756583, 33.906160401256685], [116.55283628518444, 33.879305366365514], [116.48055339663118, 33.86768145742556], [116.43176037116814, 33.84419667303927], [116.43114785860604, 33.79892794055798], [116.40216536443953, 33.803379662768556], [116.38800183668005, 33.780490673951796], [116.31113378378765, 33.76915648819945], [116.25762467580911, 33.72790668455696], [116.22434978553335, 33.73288284061354], [116.14965965276379, 33.7073710565678], [116.0941253678498, 33.78049749659423], [116.06826009454834, 33.77901791859399], [116.04980429646335, 33.80243360380104], [116.0534882512081, 33.85863313739723], [115.97670137472001, 33.915009647250436], [115.99450350854416, 33.96314526487737], [115.95212239306933, 34.00596711154408], [115.89859265547946, 34.00802149895077], [115.87084555190424, 34.02686958089013], [115.87146514069698, 34.00105918164458], [115.84430594565885, 34.00300842022491], [115.84059925830284, 34.02682686476702], [115.80354114293286, 34.06050022429846], [115.76280958059805, 34.05995215532254], [115.73014845352455, 34.074832285126156], [115.69999595510329, 34.0579977187765], [115.65265488190565, 34.0595727153011], [115.63667226545756, 34.030325464745275], [115.60159826698771, 34.02837762223933], [115.5417912652209, 33.872849887626465], [115.6262327906002, 33.86790802081002], [115.60839697109243, 33.77390789803053], [115.57080883209807, 33.78584841368318], [115.55723733294974, 33.770902120543425], [115.59608701828743, 33.71665984573282], [115.59547691921215, 33.656879805397146], [115.63425688621983, 33.58306430768151], [115.55910859291781, 33.574099884545184], [115.50536396527492, 33.55102946224131], [115.4577675688173, 33.564860746983605], [115.41641153631653, 33.55481241238126], [115.38868860786236, 33.50390961683666], [115.36038323410033, 33.52090292329906], [115.33948381036576, 33.50047461121133], [115.33948923948066, 33.447552928088776], [115.3185944394222, 33.45508341988644], [115.30937943066658, 33.42913133206717], [115.32290186165642, 33.40112970440314], [115.30754113579368, 33.374675245846355], [115.33581046336026, 33.36862437458079], [115.35917252802557, 33.33359435613024], [115.355487736705, 33.29609420695629], [115.32905728862602, 33.295640431752936], [115.33397781072875, 33.25861127503524], [115.29465226154, 33.20212759450734], [115.29773042510608, 33.14753635479101], [115.28359326111328, 33.12952277849339], [115.2392833233219, 33.1335596861664], [115.18872398699263, 33.11847790869492], [115.16218905251425, 33.086353675433166], [115.03531486346338, 33.084338659297956], [114.98498693096134, 33.100020632529265], [114.96043288597407, 33.14518781368018], [114.92725720623102, 33.151767022000165], [114.89710914465327, 33.12774204325443], [114.89156959074367, 33.08464241458865], [114.90757952757019, 33.081130746494594], [114.91989131473544, 33.01492608156844], [114.8860316515768, 33.018448841919195], [114.87740658820704, 32.98834050499545], [114.91066657640494, 32.96927204487514], [114.937727419043, 32.933093030078815], [115.02919032578214, 32.93033193157605], [115.02366711467461, 32.90473512246021], [115.13320488843135, 32.895624405329464], [115.14986763288829, 32.8624926733293], [115.1912187085256, 32.85402417091217], [115.18381825773928, 32.810276936072235], [115.20541446509853, 32.78365774471868], [115.1838223716497, 32.76853295920099], [115.17333488186068, 32.72423397672836], [115.19494608330373, 32.58977698929814], [115.2374883537818, 32.59132908497899], [115.26150295301458, 32.57619936434196], [115.29963063919264, 32.5811922765092], [115.29901889106462, 32.55093737836764], [115.40541534869035, 32.57299257565832], [115.40295286679405, 32.54676798024362], [115.49186794869476, 32.49043191209651], [115.51721804534101, 32.440017999313525], [115.5653905136987, 32.41738803940017], [115.59867605369483, 32.42396922499473], [115.62083874751383, 32.403240649948536], [115.65220042124885, 32.4269349242498], [115.66203844387935, 32.40772010106687], [115.698921268305, 32.49299349546306], [115.73646630235166, 32.47428101436959], [115.76604855988346, 32.50305804953228], [115.78332667945826, 32.46673281148955], [115.88578791527657, 32.57435335784432], [115.90489318066756, 32.56527733079057], [115.84013080059522, 32.4996415427541], [115.8777799218543, 32.48606371438536], [115.85989021722752, 32.45676340478959], [115.89381947838982, 32.389101259481244], [115.90738769755764, 32.2257173919224], [115.93631675545709, 32.16440015648348], [115.91663965470576, 32.04782038199139], [115.92341456329567, 32.00112887720631], [115.90371903523318, 31.941232635378867], [115.91480559250749, 31.91836932758993], [115.88955311721898, 31.8629884196482], [115.88832308253723, 31.830452417851582], [115.909273328919, 31.812651832064205], [115.88092962704246, 31.774503004129553], [115.84637157055279, 31.78463618309478], [115.80253021709795, 31.768277782296693], [115.76180049935442, 31.785523468873468], [115.72544936390338, 31.765176272532234], [115.67070516291928, 31.776449253781482], [115.54817716933134, 31.693553071705185], [115.52841177154014, 31.69656379052135], [115.48947325784744, 31.670994766879723], [115.47093299381032, 31.64089170379122], [115.47958895767455, 31.606781028618087], [115.43388047326812, 31.586288931067337], [115.40983148232485, 31.52355718558182], [115.3655048432481, 31.49348183309841], [115.3839682752859, 31.448058361386376], [115.36797303304377, 31.403666109636184], [115.38705237601577, 31.38782367694181], [115.36613389538968, 31.346985383685425], [115.40122200226733, 31.335729555212364], [115.43760729818857, 31.342406147074417], [115.46726126073689, 31.26326949940646], [115.50187474775728, 31.26592534310211], [115.53401447158926, 31.230224496883487], [115.53463567168006, 31.192889843507004], [115.58030900815437, 31.142302425061573], [115.5981752435353, 31.171985114236875], [115.64985485485111, 31.209267789992367], [115.69535205331229, 31.199465102930635], [115.77296502125475, 31.110394458873273], [115.79209389314993, 31.126288980673934], [115.83223013213205, 31.12533613725337], [115.8618619790045, 31.14585741814131], [115.88222308577389, 31.107485809270756], [115.93457196815035, 31.07007590206659], [115.93334396610074, 31.04549061163281], [116.0009243629246, 31.033018571972235], [116.00952336250924, 31.009933305724775], [116.0531504371187, 31.010851383978437], [116.0660740726557, 30.954955951144342], [116.03409947201746, 30.956040100658946], [115.97084339273023, 30.93006833704676], [115.92720585563181, 30.888095410982434], [115.86003545643877, 30.862944040896647], [115.84337155985563, 30.826980796739313], [115.85818801191192, 30.81416617325903], [115.845846774809, 30.75558186541506], [115.77731573639895, 30.750327674455214], [115.75696859927632, 30.68399027669625], [115.80818983952979, 30.635694476477546], [115.8137513506445, 30.596586754863985], [115.84339150466221, 30.60075947166193], [115.87116719361099, 30.58123357823633], [115.8822727985894, 30.541584315571175], [115.90507794664951, 30.5178868626649], [115.88967865547482, 30.451389238829186], [115.9161696334884, 30.415275494793484], [115.8798199999253, 30.378641611721935], [115.91001995197351, 30.336827718716375], [115.89770226094222, 30.312559388960768], [115.98011222463595, 30.289685974305733], [115.99239739986422, 30.251408849961923], [116.05998892919854, 30.20315897720967], [116.05015066519678, 30.179383637307993], [116.08277175382757, 30.108969636562314], [116.07292452354736, 30.06082163093581], [116.08585825956428, 30.034913251766973], [116.06800829276689, 29.968590912744318], [116.12286099628923, 29.896509230565037], [116.12965527184446, 29.81815019554233], [116.16731481835083, 29.827039653463434], [116.22224554882627, 29.815700316754576], [116.24505482552243, 29.784552639692347], [116.27522268143227, 29.787650426909536], [116.33731934530125, 29.834273898918713], [116.46238829790357, 29.895017576189606], [116.52047367407579, 29.896222247526975], [116.54702634784171, 29.90873555664451], [116.58031837851797, 30.044592670325475], [116.61540801221535, 30.072034981039007], [116.6615075675018, 30.075588098612624], [116.71497599358946, 30.05271142841091], [116.74204704255024, 30.05580249468438], [116.77839705107279, 30.02940279383198], [116.79751766345146, 29.995229416032657], [116.82527851663163, 30.00357197725791], [116.82775071690978, 29.956405538684255], [116.86352238704475, 29.9792739252405], [116.89494690262406, 29.948188678919493], [116.8777061557655, 29.892683852045664], [116.77533608007006, 29.791308608593827], [116.75684885659734, 29.801160699829566], [116.66829678425803, 29.70878108978793], [116.693489854884, 29.706655285222702], [116.69963718180378, 29.687414371283477], [116.6750582110101, 29.68017941348363], [116.64679770004453, 29.636035758908438], [116.71132607727858, 29.58962867757766], [116.71624815214228, 29.563605735015788], [116.75501826675949, 29.5979333407166], [116.77535521256476, 29.568810382909593], [116.84382271703286, 29.575168670069854], [116.8684861199153, 29.60850191481404], [116.969332750519, 29.656252247987467], [116.9908043640994, 29.682184341558287], [117.03621177527249, 29.67945580020022], [117.10693036158563, 29.710577545099618], [117.10261539447012, 29.75058542090082], [117.13096290100664, 29.773987768331715], [117.1173978033766, 29.79734244256311], [117.0675309731059, 29.830572598483258], [117.12170718895216, 29.86016172158348], [117.12416882522051, 29.89804268504951], [117.21113747937095, 29.925676600598504], [117.2407134951626, 29.91376632482038], [117.25610547446601, 29.87952317480461], [117.24749294729223, 29.83333546510435], [117.2868615720479, 29.821362115488533], [117.33294547695495, 29.846715397013572], [117.3532285922113, 29.811379394761154], [117.37659270706128, 29.839384991683175], [117.40922440226818, 29.849241348835964], [117.40306800968457, 29.800958109377422], [117.44932907137373, 29.748038772736386], [117.44809974088432, 29.686714255814852], [117.48454978140234, 29.658735960745826], [117.52471778574854, 29.653132125411013], [117.51792404161706, 29.629192488109368], [117.53769493096468, 29.587626835832783], [117.60305803210741, 29.590289583789566], [117.64242910398738, 29.613654401834513], [117.6731679469652, 29.594348383637403], [117.68485216406923, 29.5547797973699], [117.72422180239859, 29.549002221376565], [117.78956153548037, 29.569325772659727], [117.86734993934238, 29.546556594322126], [117.9283475548661, 29.548111777863824], [117.99839373913747, 29.577077548748477], [118.03709477105431, 29.56500197158004], [118.04508882180049, 29.541563944969518], [118.08940145993212, 29.532664536130422], [118.13813299978868, 29.488448754425196], [118.12208780079392, 29.47072007562026], [118.13073225388067, 29.417593436756476], [118.18754169757091, 29.394242604620995], [118.243058968282, 29.430252557215333], [118.31075735168747, 29.421320600829116], [118.30091295647111, 29.478119911220983], [118.32427648834856, 29.49369882804165], [118.34210862848035, 29.47283465778713], [118.37594090479197, 29.503512433197198], [118.49071980985238, 29.51825263462391], [118.49504153269812, 29.57447756459665], [118.52717977846724, 29.58757668835486], [118.56853829121262, 29.637071369514267], [118.61473967395777, 29.653193205540195], [118.641801827095, 29.642237049701052], [118.73956629640702, 29.737740751507022], [118.735250188571, 29.813573713077094], [118.8357669257241, 29.889983501620698], [118.83329415556025, 29.933551039403863], [118.88941859485993, 29.936731553666764], [118.89741798057366, 30.027961493231974], [118.87338271043124, 30.063692604228972], [118.86844607369973, 30.113911925794785], [118.89001529153694, 30.147567658439783], [118.84685238601283, 30.148557492287956], [118.8474679899835, 30.165632557667642], [118.92448054873415, 30.201349856630614], [118.89986399746078, 30.21532923938314], [118.87274694364419, 30.28147847850385], [118.87521037973549, 30.31402588586915], [118.94905193990792, 30.358897149489387], [118.98343629411453, 30.330923755574908], [119.05712310153311, 30.303357026631225], [119.08603683596162, 30.322440663627592], [119.12116379975917, 30.303344931869354], [119.19583683899664, 30.289521969394418], [119.23099004809201, 30.295758731285186], [119.24146135231615, 30.33966225353908], [119.27162908427768, 30.339648056522655], [119.32081814180579, 30.370544056208885], [119.34356564680155, 30.347787442901723], [119.39710129453303, 30.373029165370564], [119.36201137946327, 30.38337638907504], [119.32941661041917, 30.446886361971504], [119.32080321654874, 30.531438336938283], [119.26669023371579, 30.508849957056515], [119.23158355393844, 30.545438028068325], [119.25991420121974, 30.5732485722381], [119.23342685926424, 30.60774697450919], [119.31772041689788, 30.628764874141293], [119.33738771337767, 30.662686158151615], [119.38475419337709, 30.684229065392643], [119.4026223407793, 30.6435869955778], [119.43901830141843, 30.648770107598416], [119.4773242778323, 30.702870829246702], [119.47422652082686, 30.77070957937024], [119.52183410463854, 30.77752765876867], [119.54901818504253, 30.824331394244616], [119.57062203442948, 30.82846984254903], [119.55210086096578, 30.872593315823153], [119.55827161947813, 30.91775633547542], [119.57678213000062, 30.93059974240803], [119.57492836502769, 30.96547062794282], [119.62851946703081, 31.017733993602455], [119.62420525143055, 31.083821775944244], [119.64389173535811, 31.10325003176587], [119.6186621226601, 31.128370458265277], [119.59464429662226, 31.10739606283911], [119.52736273051029, 31.157467259732353], [119.45564855966515, 31.154196231961453], [119.43341228963166, 31.175129864247708], [119.38593920828033, 31.172033181971134], [119.35455238557655, 31.210943001130794], [119.36869554097616, 31.256432959853004], [119.34470540883163, 31.298890782082097], [119.33241391360285, 31.25700190328134], [119.28876613693404, 31.261170200998873], [119.2610823515772, 31.24841977394924], [119.19266069408665, 31.268318181581755], [119.1920411298534, 31.293361095344885], [119.1525375918963, 31.292779092002963], [119.1013477655594, 31.248757353383215], [119.09950067802515, 31.232906209211016], [118.86526110606607, 31.24042001033671], [118.7893590709473, 31.227508934490352], [118.75112888287346, 31.27757739876919], [118.72096044928502, 31.280142908197792], [118.7154200760357, 31.32051866850872], [118.74003333265125, 31.370560398826157], [118.76221307404464, 31.36188342002455], [118.84673993262085, 31.39163054552502], [118.87818568978865, 31.498326656893095], [118.85166521831529, 31.504416027041586], [118.86030077248185, 31.517178540377625], [118.88064868640875, 31.51719897628134], [118.8535054247908, 31.62166299626334], [118.79734447043164, 31.61697794146888], [118.76834697502233, 31.680609383599528], [118.74246817041804, 31.6734706431794], [118.73077392487914, 31.631200585358876], [118.63793290368655, 31.647645493207346], [118.63793086378311, 31.66954542961782], [118.69201591288433, 31.707632631957697], [118.64837598607812, 31.72807459930195], [118.63607806839376, 31.756593006423426], [118.56649925051687, 31.744404306181657], [118.55230897123386, 31.72809837094108], [118.5164795744531, 31.741246884433185], [118.52821900082319, 31.765193463653333], [118.47629442703702, 31.776236873940086], [118.49916218874186, 31.839366226080173], [118.46083620470341, 31.855525234713934], [118.46639537134719, 31.877395436037023], [118.35786969285445, 31.92813064775896], [118.38371084664455, 31.98294689986301], [118.38862882109558, 32.07377162251416], [118.49542555869854, 32.11958909217117], [118.48985769222071, 32.16315528670576], [118.50531000718408, 32.19207612841043], [118.6384950409889, 32.207884836025094], [118.669222977518, 32.24833166861414], [118.65201012788744, 32.29947240724321], [118.69748908178813, 32.32670178847754], [118.67965601990068, 32.401544389356395], [118.68579620723689, 32.470220052067255], [118.62309737081397, 32.46578596857479], [118.58677464002744, 32.479436021391486], [118.60339929381468, 32.53494311790401], [118.55901876722159, 32.56014094585427], [118.56333601131385, 32.58384570157419], [118.59169238181143, 32.59898706222186], [118.62739154692794, 32.576275925721276], [118.65321125309718, 32.59236654142391], [118.68332608733839, 32.58625949415051], [118.71345049553724, 32.611921669616706], [118.72945034972132, 32.586703795537474], [118.75161767360069, 32.60182310106329], [118.77935974829207, 32.58016679072183], [118.81514742862858, 32.60240451818259], [118.83737169233804, 32.5656423494229], [118.9027237098431, 32.59040859974682], [118.8854816440372, 32.5510760565225], [118.9168823252624, 32.55510404162763], [118.97034306250312, 32.50303474524292], [119.03540346492949, 32.51293888401707], [119.07905904809124, 32.450278637682246], [119.16229172106404, 32.53413930702042], [119.14685767791848, 32.555296161739825], [119.21474229333012, 32.574570751548656], [119.22522155852174, 32.60482702274133], [119.20301657313172, 32.639071551181715], [119.20609382892818, 32.70605782298434], [119.17892916870636, 32.82323322043015], [119.1073533552596, 32.820610976478335], [119.04888251553453, 32.87241763174826], [119.01509833931648, 32.953357931449034], [118.9285303892979, 32.936515168452054], [118.88729264373245, 32.939047422919664], [118.89037082267429, 32.95561574013988], [118.84350481955596, 32.95456084275633], [118.84103942532758, 32.91991338908819], [118.8157336339719, 32.91836049142113], [118.80463030570499, 32.85152309425164], [118.73742679329098, 32.850961963302424], [118.73251015819024, 32.77051377997184], [118.75098831505596, 32.73529100063409], [118.70175507797077, 32.71821183891022], [118.63721389615671, 32.74248557348072], [118.56702376338748, 32.71784971584497], [118.55468208042915, 32.72789991532239], [118.47805681359961, 32.719143669671595], [118.44468610910494, 32.74120427965024], [118.4051999866934, 32.71347327893759], [118.3694805665045, 32.71650724567482], [118.35717065580745, 32.768353776229084], [118.32827147204712, 32.75934875948768], [118.29445289290517, 32.781042570555364], [118.2956766844792, 32.84389024621971], [118.24458781129873, 32.84594899708967], [118.22732154181944, 32.912262677927956], [118.24642760236199, 32.9343629200975], [118.28582566505854, 32.943869666135384], [118.29812442078158, 32.96643962899216], [118.26366905143163, 32.966985425138674], [118.23902681435369, 32.99609998622235], [118.2137306392997, 33.11191691154588], [118.2112543712269, 33.189556504322866], [118.17235625619293, 33.21552822271307], [118.14333529200105, 33.16690755171214], [118.03244881166945, 33.13237399139339], [118.03121798420017, 33.14991067218113], [117.98269900496852, 33.17860022960892], [117.97164036443813, 33.2241917426138], [117.9366134961574, 33.222774464749996], [117.933535546126, 33.260312975575964], [117.9685637189724, 33.27724273074547], [117.98698113789372, 33.330702222008945], [118.0232084887878, 33.37258393981929], [118.01092172786372, 33.40060239029878], [118.02135713236787, 33.453019691432296], [118.04470369137653, 33.48941001107266], [118.10134262441068, 33.47288679378192], [118.10626095341485, 33.61457689853059], [118.16181040198606, 33.661006808108965], [118.15500943289736, 33.7332203661385], [118.11179541922664, 33.76402546371901], [118.05943309327377, 33.76354469963663], [118.01395744418939, 33.73626705384332], [117.96667249982366, 33.74736094370532], [117.89593624377078, 33.718090147054035], [117.83793933870876, 33.73396557438455], [117.78545491033034, 33.73138415861982], [117.74413975829968, 33.708447031730685], [117.71888989287818, 33.74729940530732], [117.73366320623916, 33.756250690955305], [117.74781802163692, 33.88906496338608], [117.70903138333009, 33.87715698935254], [117.66660137030246, 33.93289092822487], [117.66536588366303, 33.99050659981959], [117.62355561176115, 34.02681385325582], [117.60694542837349, 33.99853728262045], [117.56319595538702, 33.983133148542755], [117.53726517586138, 34.03669627244741], [117.50883970517326, 34.05894966393591], [117.42915140136294, 34.025997935490075], [117.39771488783815, 34.02994445449757], [117.35095703472146, 34.08604389559878], [117.30549407325853, 34.06579249418826], [117.27107428961156, 34.07675500159838], [117.2513891587368, 34.06387227298747], [117.1860624862346, 34.06679419611745], [117.12436904528285, 34.09942210006722], [117.1175856101227, 34.12618661358426], [117.01920496145642, 34.16543645599683], [117.04497768603444, 34.21935915766181], [116.96337127667245, 34.28194707058568], [116.97747568035624, 34.34619429456572], [116.95477128008751, 34.36207259693506], [116.96336034194782, 34.3872513499842], [116.90376163720457, 34.40661376977383], [116.82239656412189, 34.38726053150709], [116.77674622571438, 34.428182270759045], [116.76811336677831, 34.45187107857074], [116.58668473349104, 34.49202366135336], [116.58853090312087, 34.510276253622656], [116.48480735747484, 34.57169647260439], [116.47120657498905, 34.613045369721036], [116.42674209090598, 34.62821849648779], [116.42427200060426, 34.64889662291397], [116.36821860112762, 34.63806378941029], [116.32825685518971, 34.61892196415723], [116.31903972119274, 34.59923580985609], [116.28030576145868, 34.60718416901427], [116.24214238522153, 34.550044137430675], [116.1909433335156, 34.57414856904028], [116.1853913392996, 34.53371652273061], [116.19835881922496, 34.506612698106736], [116.17242767660397, 34.494235680494754], [116.15637553552891, 34.457689210703144], [116.17305211825284, 34.42859325208015], [116.21009437017976, 34.4014885833123], [116.20762916971964, 34.380242787263064], [116.25016870467739, 34.374830109001365], [116.3516466105033, 34.31783533218276], [116.36641227794196, 34.26389602724], [116.45085481848564, 34.26690936924676], [116.51079628578185, 34.29428684604907], [116.55649772806112, 34.28400479014875], [116.57684925655428, 34.264731041469375], [116.5398371466651, 34.239931423694465], [116.53737073084989, 34.20180249545219], [116.56021127417094, 34.16766746244704], [116.53058262354415, 34.14927565074517], [116.52255469656964, 34.12100339255001], [116.57070512632701, 34.06704274491022], [116.5941234380628, 34.01246987018693]]]}}, {"type": "Feature", "properties": {"adcode": 340000, "name": "安徽省", "count": 9}, "geometry": {"type": "Polygon", "coordinates": [[[118.86030077248185, 31.517178540377625], [118.85166521831529, 31.504416027041586], [118.87818568978865, 31.498326656893095], [118.88064868640875, 31.51719897628134], [118.86030077248185, 31.517178540377625]]]}}, {"type": "Feature", "properties": {"adcode": 340000, "name": "安徽省", "count": 9}, "geometry": {"type": "Polygon", "coordinates": [[[116.693489854884, 29.706655285222702], [116.66829678425803, 29.70878108978793], [116.64863654715047, 29.69374542170014], [116.6750582110101, 29.68017941348363], [116.69963718180378, 29.687414371283477], [116.693489854884, 29.706655285222702]]]}}, {"type": "Feature", "properties": {"adcode": 350000, "name": "福建省", "count": 6}, "geometry": {"type": "Polygon", "coordinates": [[[118.99983534980986, 24.97065255587139], [118.98448871560466, 24.974493004654637], [119.0188604459284, 25.044274478655318], [119.01149228964277, 25.058918339932962], [118.96975145970227, 25.025463669540297], [118.9402663080159, 25.02932580764296], [118.88733980066978, 25.093264543264965], [118.96974477806184, 25.115889929116893], [118.94701662390955, 25.152208141803403], [118.98017773871209, 25.169436698097805], [118.98017580461661, 25.195405160674124], [118.89533715962536, 25.243143528668817], [118.91442132016147, 25.248544148362253], [118.91072792344482, 25.25719808532152], [118.95130777257127, 25.273358082716708], [118.99183270043174, 25.266758012330357], [118.97034976103086, 25.23816234820062], [118.98508567993034, 25.202423101532002], [119.05017519877977, 25.21955488600022], [119.06923745163341, 25.21141400586032], [119.04894973547671, 25.16870669959978], [119.02744716339825, 25.174707694531904], [119.02376488893408, 25.1400868092577], [119.07047649167762, 25.099941651445977], [119.12900287640556, 25.106451543556265], [119.10187884704047, 25.075568808291717], [119.11420948500853, 25.013293229320062], [119.14134555944999, 25.057199684880523], [119.16046981987915, 25.146014515730773], [119.13208374271109, 25.155165627173744], [119.10310125246369, 25.19409341743651], [119.12652647653202, 25.22332227248659], [119.18515482124697, 25.176361471198835], [119.22648181877842, 25.189398655822274], [119.2640588837188, 25.16018159026527], [119.30957224505676, 25.190416133938218], [119.28989263262763, 25.23750690637211], [119.32678206140208, 25.230950152662253], [119.37536854906963, 25.25034335477846], [119.29419090436365, 25.328863239765067], [119.24249365631054, 25.333770271446916], [119.23571689620005, 25.317015485939447], [119.21352093164748, 25.368334691425687], [119.13946898193855, 25.38819956365318], [119.14625330022412, 25.426560880685283], [119.18637034135497, 25.42447384211345], [119.22707916705251, 25.442345796532525], [119.2147458195688, 25.468792865204], [119.2511047789039, 25.488782403465187], [119.270188917362, 25.476894583851674], [119.25788217562959, 25.428307182825634], [119.28311418838744, 25.41100052970906], [119.34828720718662, 25.411965308162923], [119.33844455322144, 25.47246294840949], [119.35381408940572, 25.521557564983848], [119.39567003918347, 25.493453399168157], [119.4474861362708, 25.493508645386957], [119.43329147403631, 25.41248890185418], [119.45799083715674, 25.448722324491158], [119.4864215180642, 25.44340094940322], [119.48085912520983, 25.4190820908157], [119.50249858086242, 25.396461297670733], [119.48148109120464, 25.369927602712778], [119.54390724963622, 25.36631702883936], [119.57415016797094, 25.4009358582812], [119.55069546242356, 25.42952989266296], [119.57291299847797, 25.44630094388137], [119.59265151321512, 25.33502963538474], [119.64436496044156, 25.343084903173576], [119.66035569518684, 25.372232566783254], [119.65174213662233, 25.39709930429575], [119.6652707606304, 25.435960799295355], [119.61789809507421, 25.43441592455811], [119.67018913104323, 25.46834820802316], [119.68372208024753, 25.441325614738403], [119.76872608320389, 25.395904174958382], [119.75947037593573, 25.433704739584925], [119.80020373654142, 25.45805093306581], [119.86196523016177, 25.45545788628934], [119.85825922143421, 25.47489009780633], [119.8063756383904, 25.507187417997443], [119.8119331474443, 25.53256399873315], [119.85640263991137, 25.531563287973178], [119.87923857456455, 25.546697861856185], [119.82675386216094, 25.580073316613834], [119.83848878232315, 25.597896295901293], [119.78537275571362, 25.614524416230278], [119.78104829602378, 25.667903661407006], [119.69539764528302, 25.61669823354152], [119.67879047134966, 25.592994099606443], [119.7120190927305, 25.55139992772383], [119.71079082597032, 25.512005822850142], [119.67572191305013, 25.498029819839005], [119.67018860860667, 25.475366945352626], [119.62958955086083, 25.47543818969851], [119.60680816621962, 25.520264129762488], [119.61173154259241, 25.55695546305201], [119.58215302729552, 25.592567790266624], [119.52968107410781, 25.585472383294032], [119.53647544459368, 25.624863229779777], [119.47342556509876, 25.63169659781199], [119.46786118026479, 25.66241629832098], [119.53894234220647, 25.684719263594104], [119.59817199334499, 25.685320347190654], [119.59816978698838, 25.71496579355292], [119.62156946220115, 25.723572531332007], [119.6234050717872, 25.872231128131908], [119.63325007057537, 25.889980756039918], [119.69045463568635, 25.904409312758442], [119.71875593023508, 26.01142232621729], [119.69536618641538, 26.03242237532659], [119.66399629206327, 26.026028302891977], [119.64984577881563, 26.090018257730478], [119.61415262064942, 26.119619881349596], [119.59936803730936, 26.16904187161014], [119.65967822854425, 26.202253044947614], [119.67135935007022, 26.262875096536508], [119.76619071729729, 26.28532673580901], [119.79767233283921, 26.268735495465666], [119.80199276758356, 26.307363914103583], [119.84028787476231, 26.322985795862262], [119.85819763751154, 26.307462569819887], [119.8995327696296, 26.308564615325363], [119.95001133707706, 26.352470271290972], [119.94139920916231, 26.374465328757015], [119.88904805991875, 26.355747563722648], [119.83101429584293, 26.43391064528203], [119.78344686545661, 26.58317289818062], [119.73533897953865, 26.610425718364], [119.66518108150991, 26.618009839526092], [119.60056676150636, 26.59563639313631], [119.57282419995732, 26.622367681525464], [119.61472796404338, 26.6490982514245], [119.63257273371383, 26.703053092841674], [119.65963789639231, 26.725978283307782], [119.7063920499821, 26.68635964485737], [119.82914134377766, 26.69071063238658], [119.85940509752517, 26.67098876604164], [119.86928402138979, 26.642671276265038], [119.90382095956343, 26.66139446869014], [119.89457275705475, 26.6929266353732], [119.93398842981216, 26.746850743389093], [119.93829204292216, 26.78422182987316], [120.04770062003811, 26.786067190998008], [120.05693140983533, 26.76843068074187], [119.98931803154493, 26.720004781308194], [119.9647414379534, 26.686415648003432], [119.96781628901739, 26.654340276279488], [119.94445626164817, 26.624458771951808], [119.8970431488969, 26.624508692203104], [119.84706073047498, 26.59504995544375], [119.8235950775502, 26.523849495197005], [119.86250452472348, 26.508928085186927], [119.9432308112167, 26.560279179926873], [119.93338590048371, 26.57634632513779], [119.96290401385413, 26.597677783689225], [120.0028445161553, 26.59542077220655], [120.05878774635339, 26.627369049194222], [120.08896603662048, 26.61344065275399], [120.13338321059673, 26.637531102534492], [120.10560785851791, 26.692020458254923], [120.15746347471512, 26.717200463077194], [120.14634290292908, 26.75029666864107], [120.10190226691734, 26.752382178824952], [120.13151839313468, 26.797259305605635], [120.09881541717203, 26.794028706321352], [120.09758059673116, 26.82605396665149], [120.06862133082075, 26.822864758223844], [120.04954019572797, 26.862913274014097], [120.11299558189414, 26.88208243354613], [120.12163193352352, 26.919956201441813], [120.22845477022939, 26.9073193154001], [120.25495698389925, 26.981957378287348], [120.27528008545252, 26.98673875399826], [120.27096694341758, 27.026703639504436], [120.29127775266639, 27.03520202817689], [120.27835050892726, 27.089008486326676], [120.38725551898902, 27.080323740878065], [120.45696850501137, 27.14161713379553], [120.39956906393174, 27.203262647355718], [120.39710002531008, 27.250066056249565], [120.42546623163373, 27.25805880929355], [120.33922979617753, 27.362278099924175], [120.33615137623208, 27.398937628795295], [120.26847696797242, 27.388424311570752], [120.25800317396146, 27.43198038039358], [120.2166929737446, 27.41922428115226], [120.1296171210219, 27.419082804962905], [120.13208835080196, 27.401560261656396], [120.09137050367838, 27.389314566633384], [120.04765708994411, 27.337827019782146], [120.02122011890079, 27.34320450886619], [120.0033983431245, 27.37460357636324], [119.95546840490324, 27.36517911596382], [119.93394380715058, 27.329090666603804], [119.8383595716578, 27.299828536549], [119.76364273847904, 27.30715564218803], [119.77721605734621, 27.329489477596596], [119.73466328899691, 27.361886450408168], [119.74575510365815, 27.373040711380877], [119.6804930053649, 27.437905067863905], [119.698332227303, 27.445838942611246], [119.70386445996355, 27.51324268751277], [119.68540536459047, 27.53662019206932], [119.65465286977468, 27.539861792449322], [119.67002629657797, 27.573783400794923], [119.62573490637705, 27.581815648418118], [119.62142307659187, 27.620002385723318], [119.63926560781124, 27.66291870287794], [119.60109828119963, 27.67408918301048], [119.4961392182942, 27.64900006358455], [119.49676077516504, 27.60976805119041], [119.46153190699086, 27.525326933225916], [119.43312332462351, 27.50775578886392], [119.4115287029423, 27.53850866220426], [119.35488313434554, 27.52368184534175], [119.32906242982945, 27.479147188231863], [119.2798765335656, 27.456936956435086], [119.26388149727487, 27.421377880907393], [119.14239171755024, 27.423904235564148], [119.11586601338765, 27.4371439941187], [119.12449594428881, 27.474316618584183], [119.08690471314407, 27.465272811823837], [119.03463458856659, 27.47755606787693], [119.015597479663, 27.497245097194934], [118.97815509549854, 27.49788852264018], [118.98122546369551, 27.47505597205583], [118.95052690963672, 27.449125517181873], [118.90255757811809, 27.46033747895361], [118.8643443380179, 27.539394622118934], [118.90439623144832, 27.56753089086405], [118.90870154191327, 27.6189718263274], [118.8748166009848, 27.667206476275936], [118.86864607910542, 27.732906223619267], [118.82421263723654, 27.847206051479546], [118.81309756675326, 27.915965448740252], [118.72494370270365, 27.969835952407184], [118.72863103770356, 28.02691434169072], [118.71386100776188, 28.06285183407833], [118.76250069105458, 28.105086471281094], [118.79703665401074, 28.1167423131362], [118.80073522294566, 28.15422517297312], [118.76619257251512, 28.187950445426686], [118.79887949159816, 28.206982227474537], [118.79702648208621, 28.239676265874113], [118.75078038545614, 28.25175697642338], [118.714455612745, 28.3113324502414], [118.69416180255214, 28.309252610941634], [118.66957717193878, 28.27082579445909], [118.64621944144778, 28.27666714175039], [118.59022810981318, 28.257744591808628], [118.58344855759024, 28.281990989973117], [118.48773618544476, 28.261758211481574], [118.48526543276483, 28.237498383580938], [118.43892747943313, 28.252673012394872], [118.41856070466038, 28.29059671605863], [118.30901596156771, 28.221114280975392], [118.33361144780524, 28.193112575721464], [118.3699016712145, 28.18566998288004], [118.35083879289948, 28.090688174139633], [118.2370119409848, 28.074991378241666], [118.19444804816249, 28.04906717054849], [118.14813680019834, 28.061133526309863], [118.11542685684226, 28.041014113920692], [118.12344926465208, 28.016189266382618], [118.08891970759574, 28.002958890598656], [118.09138741371153, 27.969657624829285], [117.99361830913335, 27.99046424377518], [117.95983731306863, 27.962015737933992], [117.93770713674206, 27.9736950605485], [117.90570649720337, 27.94888216011235], [117.85082330505067, 27.94514286133388], [117.781683863072, 27.895308145881838], [117.78292141634397, 27.855097729581345], [117.73484023721927, 27.799493890893757], [117.69914400428046, 27.83341008827161], [117.67700897595327, 27.82286188579439], [117.64442429909033, 27.850975335070345], [117.60443607123511, 27.86266553206414], [117.55079781297847, 27.96577264103302], [117.51621240980265, 27.98155040564401], [117.47234241506779, 27.930134546863517], [117.44825403337657, 27.939064888072114], [117.40200552244589, 27.892991696630144], [117.36077617888552, 27.881377165786144], [117.33619327503222, 27.8549610386377], [117.32881631714334, 27.886722414563728], [117.27473498561153, 27.870411171253565], [117.27104657275555, 27.847131182453833], [117.2974831297762, 27.832274743339234], [117.29072840008342, 27.763456276152514], [117.23967090167947, 27.71846959870408], [117.19961285726697, 27.71366688917836], [117.19899863982191, 27.682932125256674], [117.1693897020232, 27.676520944278042], [117.10895438024623, 27.691270618105108], [117.09048157402077, 27.666356095917934], [117.10649376711261, 27.64462737462722], [117.08863811445048, 27.626597612758175], [117.05972771833454, 27.664790564150902], [117.03515608741385, 27.66907867031361], [116.9983391325366, 27.62465354738435], [117.0192036090851, 27.591714395467058], [117.01122891936431, 27.56256482780726], [117.04929208319395, 27.541779778180622], [117.0714170172929, 27.56509033552943], [117.0978805440574, 27.532188719998786], [117.10466109188161, 27.457887152711802], [117.12746657713623, 27.4212712727438], [117.10158750940161, 27.392569952602596], [117.09912901455397, 27.329876738621532], [117.13487383609636, 27.32193878850067], [117.13117621700346, 27.30226766858559], [117.1663364784077, 27.28957120718944], [117.144131659122, 27.24061559445309], [117.03949738613854, 27.145933648775962], [117.0474851538271, 27.09960700282013], [116.96218041516691, 27.061504365585552], [116.93147553906026, 27.0189565206775], [116.90503147576149, 27.03443135302512], [116.84649731959259, 27.008813009581488], [116.81256622026669, 27.017808763383403], [116.6740468856677, 26.977853327641746], [116.54356790249776, 26.839787208001024], [116.53863138616528, 26.803485041701926], [116.55283022839696, 26.77361704462012], [116.51022489903885, 26.720641616431326], [116.51516992904097, 26.68432407216894], [116.56147607282236, 26.650219278988974], [116.5485248756234, 26.575867598319757], [116.5343280900014, 26.559252952674214], [116.59230160817305, 26.512769060819142], [116.6058481575155, 26.476896176240384], [116.63352578467273, 26.47740258585563], [116.60338957886897, 26.429767860482208], [116.59662161860597, 26.372971072816373], [116.54854045582859, 26.365424167859214], [116.54853788540815, 26.40026018325037], [116.51457358702338, 26.41035765265081], [116.49480329783276, 26.36153179492005], [116.45402886374406, 26.344799695354094], [116.43181052216858, 26.307758560578666], [116.40776161816883, 26.297543611070914], [116.38005140082977, 26.237995721391794], [116.39483047097158, 26.20256485087393], [116.38682772478258, 26.17088894874414], [116.43058770545827, 26.159635022030344], [116.4713377185978, 26.17261247364482], [116.48431678774503, 26.11356755088981], [116.37945157429044, 26.030656492857577], [116.35484549955521, 25.991431194672902], [116.36468862214946, 25.962911269093244], [116.32103436239981, 25.956530468294755], [116.29828879199896, 25.924290512320034], [116.25337010907806, 25.90281307561665], [116.22009013225924, 25.908723982409228], [116.17257008990572, 25.89412118076188], [116.12689176530016, 25.86013145838068], [116.12627738510535, 25.824054038574346], [116.17566600196437, 25.77889488672563], [116.1244310775718, 25.758875143097722], [116.10161656023946, 25.70119513880421], [116.06220252842117, 25.703909806768966], [116.06343751150126, 25.64622301511069], [116.03638273406803, 25.624163404210012], [116.0579062564534, 25.563166453038633], [116.03515908474529, 25.54810359806803], [116.03147398267816, 25.514653984558667], [116.00014735925149, 25.490453098214843], [116.01796297154051, 25.43586871064046], [115.98787270452577, 25.374382107875135], [116.0032308724023, 25.31975858353538], [115.98235166933948, 25.290633686826844], [115.94487068061349, 25.292894428455636], [115.92580788383543, 25.236695408527346], [115.85060855912327, 25.210172031951643], [115.85554905869196, 25.166359739506458], [115.88331361097907, 25.12959065455099], [115.87529945654485, 25.092775332363736], [115.90365457340619, 25.085204208690904], [115.92335930142546, 25.051075358606834], [115.86851829540484, 25.0207439761696], [115.92028804127698, 24.961689020643306], [115.86543732636319, 24.960597875094436], [115.90304980673704, 24.92429927000799], [115.98053682950128, 24.900300906892525], [116.01001639736589, 24.90671860517712], [116.06288075594425, 24.850736406855674], [116.14795125124895, 24.847516349591036], [116.18684408299885, 24.87796253015499], [116.21646716731506, 24.830811143773058], [116.24605653979127, 24.82594182479297], [116.2392814546098, 24.794467407133485], [116.29221992243646, 24.802568188392126], [116.34078907223417, 24.829610590104775], [116.35861844009798, 24.871893836971864], [116.39000262726897, 24.878374000754185], [116.4128012836244, 24.84149307788898], [116.37646304309628, 24.82576275644148], [116.37031147164852, 24.80460602673319], [116.41403860436951, 24.768231606587893], [116.41095885321546, 24.744884024025872], [116.44118485151137, 24.715054688998496], [116.48009331947395, 24.72112540874679], [116.51284684301297, 24.65331493444059], [116.50172730159336, 24.622302634705566], [116.52520416416405, 24.606060212949572], [116.56593767928445, 24.62299360036583], [116.59612912838416, 24.65561968402699], [116.61828349929995, 24.643106563112166], [116.77265486491015, 24.68043934187638], [116.81027307131534, 24.656042943065447], [116.75602573938622, 24.58422190483642], [116.75418039404354, 24.546694921855], [116.79177981477055, 24.503205320979124], [116.82817571734593, 24.497827599721237], [116.85593457483425, 24.461406932873995], [116.83434822803804, 24.44340424439586], [116.89907171677828, 24.371032064723163], [116.89106829407832, 24.351960437985838], [116.9144580240574, 24.322522653221714], [116.90953942677731, 24.28927114663607], [116.93352000748267, 24.28270042627717], [116.92860788300274, 24.221619099493363], [116.95133921241361, 24.218303646817397], [116.99369164000149, 24.180532493008013], [116.92984379943353, 24.128284512496382], [116.92554471207441, 24.066027095348904], [116.94828377084107, 24.009704604374853], [116.97652326270776, 24.000886234489183], [116.97161783328401, 23.933103301055052], [116.95074650467916, 23.92385909288384], [116.97653330251221, 23.857048975474843], [117.00721409682328, 23.85640847708238], [117.01396777391871, 23.803299044829224], [117.04282464880727, 23.75997081223374], [117.05020145577093, 23.69532536146344], [117.11851071051244, 23.64872275231189], [117.14193989860003, 23.65533129265279], [117.18759038546192, 23.63075145203032], [117.18759516456711, 23.563321187228365], [117.2861326640856, 23.572665686323425], [117.29719895846631, 23.55181107646627], [117.38203025611905, 23.556612314414895], [117.45847503144934, 23.586296641531412], [117.44921043349426, 23.629580880544154], [117.48812403049801, 23.643935007138257], [117.49615226592064, 23.705875198772013], [117.53939467090548, 23.717495600063963], [117.59674737004141, 23.70331504475378], [117.65518725050269, 23.790868122718642], [117.64657799234536, 23.816613485906398], [117.66686188275865, 23.879509031960964], [117.68592011462405, 23.890414849524227], [117.7573256544381, 23.888169175825155], [117.78754643975878, 23.907891933789685], [117.8023569110401, 23.948933311037436], [117.85976530954048, 24.006437822304413], [117.9053901484267, 24.013568492262507], [117.92262803985221, 24.04142553180528], [117.93123789473138, 24.101505619455484], [117.9951455325947, 24.15376223218415], [118.01418295175658, 24.198460572278425], [118.0695137350841, 24.22671662455432], [118.11017779918633, 24.230528921143833], [118.15337481318902, 24.27095061867767], [118.10708573377858, 24.358110221702407], [118.076276557121, 24.357567643716127], [118.0830464357505, 24.409862688138972], [118.04366346347561, 24.419172874053757], [118.07872602000691, 24.529622312880292], [118.11632091773973, 24.57096899128924], [118.14532555530735, 24.584603481925367], [118.23790567149315, 24.51347628880952], [118.37019139552622, 24.5372433046226], [118.35849846294778, 24.56880556212087], [118.43921589875852, 24.615575874611665], [118.50779948544739, 24.609234898413014], [118.55227620787969, 24.574001175065096], [118.5535150191148, 24.51362146575667], [118.60960097417407, 24.522899861617333], [118.67539382276945, 24.58317357253803], [118.68215138241007, 24.634807144584208], [118.65633626945026, 24.623442184356243], [118.64772693465096, 24.65498107750354], [118.66555216756718, 24.681028765599873], [118.69874824091323, 24.66629852988207], [118.77385920427996, 24.744490478717257], [118.78125655032322, 24.777616295750693], [118.64587227669807, 24.809749148536767], [118.64279542861394, 24.84447947911491], [118.69750377231178, 24.866078199727003], [118.6938164670767, 24.849810779730458], [118.74365606159525, 24.84325409892459], [118.80284194722174, 24.871516083179493], [118.82937964382461, 24.855292484070514], [118.85961121329528, 24.88842796925303], [118.92859720831736, 24.871620165477477], [118.98388180763243, 24.87962438563067], [118.98203858534906, 24.899152429287078], [118.92797961954963, 24.907412671669004], [118.91382887647303, 24.933450034748024], [118.94088538313116, 24.955095065615293], [119.00904522982866, 24.941899992893358], [119.02746318835784, 24.962444004049697], [118.99983534980986, 24.97065255587139]]]}}, {"type": "Feature", "properties": {"adcode": 350000, "name": "福建省", "count": 6}, "geometry": {"type": "Polygon", "coordinates": [[[118.40714567542543, 24.515467391475116], [118.36958165296765, 24.459967413458244], [118.31361288770034, 24.48782226737844], [118.29331915028267, 24.47860538984804], [118.30685368805952, 24.425771085930226], [118.27732796703266, 24.414380405386797], [118.32468836105201, 24.383252939126262], [118.34805311692186, 24.41643700165769], [118.40037304403022, 24.428916365390997], [118.45281572067815, 24.413189662325237], [118.47196563475757, 24.43883311022148], [118.44663249849083, 24.507901180610393], [118.40714567542543, 24.515467391475116]]]}}, {"type": "Feature", "properties": {"adcode": 350000, "name": "福建省", "count": 6}, "geometry": {"type": "Polygon", "coordinates": [[[119.46604258886502, 25.19743071299373], [119.50251457775323, 25.183471394752935], [119.52044292408081, 25.158093064316738], [119.5445400210409, 25.162479767894997], [119.5618237803474, 25.210658580113517], [119.53588903960976, 25.20249630055867], [119.4963301361112, 25.2175312424978], [119.46850904573104, 25.260173072931426], [119.43824260347563, 25.2390149606871], [119.43886284402866, 25.20223800626205], [119.46604258886502, 25.19743071299373]]]}}, {"type": "Feature", "properties": {"adcode": 350000, "name": "福建省", "count": 6}, "geometry": {"type": "Polygon", "coordinates": [[[119.5753671206772, 25.62762166417431], [119.60679708644187, 25.66968330886469], [119.5759822823918, 25.650271113068918], [119.5753671206772, 25.62762166417431]]]}}, {"type": "Feature", "properties": {"adcode": 350000, "name": "福建省", "count": 6}, "geometry": {"type": "Polygon", "coordinates": [[[119.97215367953898, 26.190932538395103], [120.01147525511125, 26.21711899229488], [119.99427054157874, 26.235419010046325], [119.96600620614419, 26.21778960355042], [119.97215367953898, 26.190932538395103]]]}}, {"type": "Feature", "properties": {"adcode": 350000, "name": "福建省", "count": 6}, "geometry": {"type": "Polygon", "coordinates": [[[118.22558316271618, 24.40241061104826], [118.2687092644374, 24.442161339265628], [118.22866338946284, 24.447068546223548], [118.22558316271618, 24.40241061104826]]]}}, {"type": "Feature", "properties": {"adcode": 350000, "name": "福建省", "count": 6}, "geometry": {"type": "Polygon", "coordinates": [[[119.9019697899281, 26.689720234231395], [119.92229967609853, 26.664588151892445], [119.94629545237693, 26.69233834070782], [119.9019697899281, 26.689720234231395]]]}}, {"type": "Feature", "properties": {"adcode": 350000, "name": "福建省", "count": 6}, "geometry": {"type": "Polygon", "coordinates": [[[118.19904673245345, 24.505823197433006], [118.18669814132355, 24.537903659943872], [118.13977066831038, 24.561753644511167], [118.08796412155961, 24.541586284580823], [118.06334219445087, 24.46433236062543], [118.07873297006404, 24.436549927714466], [118.13793000573679, 24.421880948069514], [118.18855581506723, 24.46444181191955], [118.19904673245345, 24.505823197433006]]]}}, {"type": "Feature", "properties": {"adcode": 350000, "name": "福建省", "count": 6}, "geometry": {"type": "Polygon", "coordinates": [[[119.92480221070922, 26.134109546228423], [119.95556116959767, 26.146943149090102], [119.91494716662268, 26.172251492255974], [119.92480221070922, 26.134109546228423]]]}}, {"type": "Feature", "properties": {"adcode": 350000, "name": "福建省", "count": 6}, "geometry": {"type": "Polygon", "coordinates": [[[119.63815465306249, 26.129258214376808], [119.66029688644073, 26.15553747712381], [119.6221512493109, 26.173320921585834], [119.60121663265227, 26.152930164236135], [119.63815465306249, 26.129258214376808]]]}}, {"type": "Feature", "properties": {"adcode": 350000, "name": "福建省", "count": 6}, "geometry": {"type": "Polygon", "coordinates": [[[120.02927693160646, 26.488323664707696], [120.06187537745562, 26.497893642209842], [120.06679866628907, 26.520904008363235], [120.03111918584435, 26.515619837817955], [120.02927693160646, 26.488323664707696]]]}}, {"type": "Feature", "properties": {"adcode": 350000, "name": "福建省", "count": 6}, "geometry": {"type": "Polygon", "coordinates": [[[119.65725971920573, 25.646968267950726], [119.66894665044646, 25.632925327016917], [119.71385873664472, 25.635008505407203], [119.7120105715625, 25.66466731403068], [119.65725971920573, 25.646968267950726]]]}}, {"type": "Feature", "properties": {"adcode": 350000, "name": "福建省", "count": 6}, "geometry": {"type": "Polygon", "coordinates": [[[119.75567977242807, 26.613099102741486], [119.77171987761912, 26.599740442434197], [119.81370357391715, 26.61638107652524], [119.79146996421929, 26.630245224973986], [119.75567977242807, 26.613099102741486]]]}}, {"type": "Feature", "properties": {"adcode": 350000, "name": "福建省", "count": 6}, "geometry": {"type": "Polygon", "coordinates": [[[120.13092005442608, 26.550348561323194], [120.16241581882394, 26.57126735647194], [120.1488238934473, 26.604404225546414], [120.11302000281339, 26.568519236648005], [120.13092005442608, 26.550348561323194]]]}}, {"type": "Feature", "properties": {"adcode": 350000, "name": "福建省", "count": 6}, "geometry": {"type": "Polygon", "coordinates": [[[120.35587310935216, 26.91623587544927], [120.38973115290725, 26.933265273202725], [120.35833059896544, 26.966878511764662], [120.32326938991793, 26.963209168634595], [120.3146606984567, 26.944035553865966], [120.35587310935216, 26.91623587544927]]]}}, {"type": "Feature", "properties": {"adcode": 350000, "name": "福建省", "count": 6}, "geometry": {"type": "Polygon", "coordinates": [[[119.66333503426328, 26.6281724415262], [119.71562904147662, 26.6355716212768], [119.7538260844053, 26.65907707884061], [119.74396065148608, 26.680988227255757], [119.70762450868166, 26.66818839374627], [119.6688667448697, 26.680545855937275], [119.64672649711618, 26.65707198034825], [119.66333503426328, 26.6281724415262]]]}}, {"type": "Feature", "properties": {"adcode": 360000, "name": "江西省", "count": 15}, "geometry": {"type": "Polygon", "coordinates": [[[118.18754169757091, 29.394242604620995], [118.13073225388067, 29.417593436756476], [118.12208780079392, 29.47072007562026], [118.13813299978868, 29.488448754425196], [118.08940145993212, 29.532664536130422], [118.04508882180049, 29.541563944969518], [118.03709477105431, 29.56500197158004], [117.99839373913747, 29.577077548748477], [117.9283475548661, 29.548111777863824], [117.86734993934238, 29.546556594322126], [117.78956153548037, 29.569325772659727], [117.72422180239859, 29.549002221376565], [117.68485216406923, 29.5547797973699], [117.6731679469652, 29.594348383637403], [117.64242910398738, 29.613654401834513], [117.60305803210741, 29.590289583789566], [117.53769493096468, 29.587626835832783], [117.51792404161706, 29.629192488109368], [117.52471778574854, 29.653132125411013], [117.48454978140234, 29.658735960745826], [117.44809974088432, 29.686714255814852], [117.44932907137373, 29.748038772736386], [117.40306800968457, 29.800958109377422], [117.40922440226818, 29.849241348835964], [117.37659270706128, 29.839384991683175], [117.3532285922113, 29.811379394761154], [117.33294547695495, 29.846715397013572], [117.2868615720479, 29.821362115488533], [117.24749294729223, 29.83333546510435], [117.25610547446601, 29.87952317480461], [117.2407134951626, 29.91376632482038], [117.21113747937095, 29.925676600598504], [117.12416882522051, 29.89804268504951], [117.12170718895216, 29.86016172158348], [117.0675309731059, 29.830572598483258], [117.1173978033766, 29.79734244256311], [117.13096290100664, 29.773987768331715], [117.10261539447012, 29.75058542090082], [117.10693036158563, 29.710577545099618], [117.03621177527249, 29.67945580020022], [116.9908043640994, 29.682184341558287], [116.969332750519, 29.656252247987467], [116.8684861199153, 29.60850191481404], [116.84382271703286, 29.575168670069854], [116.77535521256476, 29.568810382909593], [116.75501826675949, 29.5979333407166], [116.71624815214228, 29.563605735015788], [116.71132607727858, 29.58962867757766], [116.64679770004453, 29.636035758908438], [116.6750582110101, 29.68017941348363], [116.64863654715047, 29.69374542170014], [116.75684885659734, 29.801160699829566], [116.77533608007006, 29.791308608593827], [116.8777061557655, 29.892683852045664], [116.89494690262406, 29.948188678919493], [116.86352238704475, 29.9792739252405], [116.82775071690978, 29.956405538684255], [116.82527851663163, 30.00357197725791], [116.79751766345146, 29.995229416032657], [116.77839705107279, 30.02940279383198], [116.74204704255024, 30.05580249468438], [116.71497599358946, 30.05271142841091], [116.6615075675018, 30.075588098612624], [116.61540801221535, 30.072034981039007], [116.58031837851797, 30.044592670325475], [116.54702634784171, 29.90873555664451], [116.52047367407579, 29.896222247526975], [116.46238829790357, 29.895017576189606], [116.33731934530125, 29.834273898918713], [116.27522268143227, 29.787650426909536], [116.24505482552243, 29.784552639692347], [116.22224554882627, 29.815700316754576], [116.16731481835083, 29.827039653463434], [116.12965527184446, 29.81815019554233], [116.04403985786246, 29.76053012634892], [115.96050518313861, 29.72335594493069], [115.90452974649857, 29.722923365319144], [115.83173309957873, 29.747273582975495], [115.70100941719677, 29.836521623189874], [115.66226999913272, 29.849048266509747], [115.50632981729692, 29.839124124243114], [115.47357231073288, 29.809954677708923], [115.46492755993697, 29.738252829734733], [115.3496855929597, 29.648273955282498], [115.29928783201885, 29.635885259773566], [115.2802298037064, 29.617191015850914], [115.24514900384479, 29.658819079478043], [115.17115050756732, 29.65353686938961], [115.10760868059789, 29.683598092166076], [115.11192598899135, 29.65448603649348], [115.13782736677312, 29.644637102027552], [115.1143960370775, 29.596235125604704], [115.1514077780543, 29.58328030510658], [115.14832850507472, 29.50884482251453], [115.08052475884996, 29.52441091096244], [115.08175280493485, 29.558763449836515], [115.02766169461037, 29.545319630228725], [114.99512820227984, 29.570915177939003], [114.9423312206582, 29.54191347546614], [114.96137342875329, 29.52104747327481], [114.93496105984043, 29.492989310400045], [114.89558391571656, 29.504998848067917], [114.8549011645833, 29.475282614238683], [114.88326817211075, 29.43520317723938], [114.91282482184658, 29.453433641033968], [114.89989772946204, 29.47219066542305], [114.93065927707325, 29.485705738103682], [114.94172318154854, 29.464332842372116], [114.92574533366744, 29.42163964024143], [114.8900496507052, 29.396644718514814], [114.86107529745163, 29.403396021773762], [114.80677245605285, 29.3824540993514], [114.77900745610968, 29.385018785615266], [114.75435094604468, 29.362062802130332], [114.73525525327598, 29.3855205465087], [114.66760222034281, 29.394994679738694], [114.514174811435, 29.32458173428666], [114.46039320930109, 29.322863169895587], [114.43444859887668, 29.340538699637843], [114.37034407972695, 29.32174794631292], [114.33589224611994, 29.326494151126496], [114.30145022099994, 29.364101243512895], [114.25344212503815, 29.342780336423083], [114.24667381674593, 29.233749398358142], [114.05727147136624, 29.203840524268454], [114.0289877698501, 29.151156688255703], [113.9466564400191, 29.091823914757246], [113.93620471291047, 29.04636544380524], [113.96818305979782, 28.936952795531933], [114.00319892651477, 28.954643740059108], [113.99951599542857, 28.916967305996575], [114.02225040868646, 28.890197369220306], [114.054221044159, 28.90164553065717], [114.05053221968613, 28.87127736894303], [114.07084440570424, 28.833529360003304], [114.11892708579332, 28.842440230547485], [114.14794698505477, 28.82833452908766], [114.13189532195399, 28.779039146961235], [114.15165785782537, 28.760720222590436], [114.11647826656234, 28.622656186582986], [114.12635444639204, 28.606386336785402], [114.08010606784858, 28.55750646174061], [114.13253370208027, 28.53283182553739], [114.14859189715614, 28.506570859947054], [114.21281708670828, 28.484064704504227], [114.21158420842548, 28.46565391235165], [114.16651016889914, 28.43190866842716], [114.20912146259276, 28.402505706795345], [114.24674363733455, 28.395157798949466], [114.24736619243484, 28.318793714297453], [114.19246142758936, 28.29029371712392], [114.17640808793739, 28.24915014779445], [114.13811532278389, 28.24591710788387], [114.10355853712888, 28.204218820151752], [114.101710128037, 28.182061697929136], [114.00633647613758, 28.174296599820035], [113.98667890707523, 28.16063704812571], [114.01924593035118, 28.079768447760273], [114.04137611597123, 28.056471983316605], [114.01986453512272, 28.030639405320308], [113.96457091318935, 28.0408404686102], [113.96088502308719, 28.017073140289025], [113.93075266935654, 28.018193891854267], [113.90859071490095, 27.990735453277857], [113.85863508257391, 28.004453359759857], [113.8394960322456, 27.971121886545806], [113.81725963099083, 27.981654150909215], [113.74629113132922, 27.93292815900639], [113.72227110380591, 27.874220357239018], [113.75061257822297, 27.859395992585835], [113.75739949721863, 27.79852630253246], [113.69335692258224, 27.740314571888607], [113.6908989100085, 27.71912831794888], [113.64662484475527, 27.663038379084814], [113.6017037103391, 27.62492347911344], [113.60293886628452, 27.584620167210396], [113.5733595145362, 27.54483157082234], [113.57767838576007, 27.524141285118336], [113.62141470136835, 27.49918572546462], [113.58569718992307, 27.467355688006162], [113.5918627789812, 27.42806693076025], [113.62634571674104, 27.40467655444352], [113.59987569480532, 27.388765019611785], [113.610963852798, 27.345193999006224], [113.65218488098202, 27.346730055798282], [113.69400548956592, 27.331242349429708], [113.72231412185364, 27.349804597821212], [113.86732599875803, 27.384492523668737], [113.86732901970568, 27.346240841691046], [113.84881257037634, 27.304762983494555], [113.86733350267086, 27.289373991935534], [113.84140907492379, 27.22180592841335], [113.77349112891123, 27.136564439100972], [113.76609118070341, 27.096101229300952], [113.7975683724666, 27.098801884473218], [113.81857117934035, 27.03599922186447], [113.8574787978614, 27.017953308552112], [113.88709994728787, 26.96469182712945], [113.92160521395988, 26.948687496770887], [113.83032468934145, 26.806200784455257], [113.84823696790978, 26.76939551844092], [113.8550365509526, 26.664163141477815], [113.90746651893939, 26.613939935278346], [113.99110301911074, 26.615369647893335], [114.01383638967334, 26.586956188036872], [114.10307466227422, 26.569176937797252], [114.06672894671065, 26.479810014645036], [114.10431501602123, 26.48247553760717], [114.08459099161584, 26.455699068115447], [114.07966582157943, 26.405882901517256], [114.05688741761809, 26.405907780629597], [114.0249138254311, 26.376503455577982], [114.04212945136933, 26.33732932991803], [114.01570303243373, 26.28859517162797], [114.02369311301683, 26.26604150249157], [113.97331552283242, 26.237751441396846], [113.96717243967434, 26.206100985167193], [113.94381377330082, 26.19273702264109], [113.95734285673616, 26.150822255712253], [114.0077229619496, 26.183968808006437], [114.08276486877914, 26.168252628941232], [114.09693881170425, 26.187581101768096], [114.17595181747652, 26.214529246407043], [114.21114557601368, 26.203311159368432], [114.23212412786927, 26.152318651770003], [114.18336984947193, 26.121106092228068], [114.10002790345105, 26.097345885669164], [114.11544966398185, 26.08553408098319], [114.08215662576339, 26.066178190377553], [114.03845992875439, 26.076452013280015], [114.00282143447943, 26.01580493971326], [114.02248574578125, 25.981329838890847], [114.02249247111276, 25.89309127904275], [113.96597205826876, 25.83619151849341], [113.95614225425471, 25.77751115520868], [113.91492389973803, 25.741482303896696], [113.908151026356, 25.70160602733547], [113.9518506657057, 25.612036651875318], [113.97766389358361, 25.599561800911456], [113.98074139337857, 25.529413344461524], [113.95738924506792, 25.528397700654793], [113.93956365960499, 25.442062815896303], [113.99794925960701, 25.442986876106467], [113.97767751291606, 25.415506136304497], [114.04466381962293, 25.364540413707587], [114.01209271958369, 25.274364663124718], [114.03421932726643, 25.25105493203917], [114.05020546487451, 25.278054867023588], [114.07790527638414, 25.275857608257297], [114.10995613483091, 25.30234734763393], [114.18466508070817, 25.317058316369685], [114.1994857934098, 25.299785672657144], [114.2549926272746, 25.292250991149967], [114.29008345454601, 25.30032395035821], [114.30976492008145, 25.338663491461116], [114.37743508201955, 25.317477915511454], [114.4248916270797, 25.343967696429903], [114.43353034314596, 25.376398277181604], [114.47244680290852, 25.371624844680177], [114.53610213226376, 25.41717918909766], [114.59470856744946, 25.38645989970632], [114.63164152024677, 25.32483146312291], [114.70910965683822, 25.31605059805728], [114.7380380130688, 25.27494394156825], [114.73003716665184, 25.22628110039809], [114.68882386166995, 25.21443284722267], [114.68083496763732, 25.173874734145038], [114.7300421593791, 25.15649535114335], [114.73066022267521, 25.12239993316291], [114.65993996961704, 25.101935545990028], [114.63534951249368, 25.074907757519586], [114.59965649996383, 25.08468878104115], [114.55650135288597, 25.078164138275422], [114.52748132503876, 25.02340480084103], [114.50090784297579, 25.00057638950367], [114.4508475630197, 24.997187487901737], [114.44961348947677, 24.977678603193986], [114.39039515994203, 24.951605422327752], [114.39779382586812, 24.878412335937746], [114.33686283186458, 24.807952547840863], [114.33071734226014, 24.749882550099258], [114.27658579860434, 24.72499598791383], [114.26735303985328, 24.70165075172565], [114.16371189784594, 24.690698031319503], [114.18533052049482, 24.657595260394782], [114.25319081781005, 24.64243562498891], [114.28459387563723, 24.620123133081936], [114.29567179738918, 24.579872822858054], [114.35840882864275, 24.583566528445985], [114.38611091335984, 24.564505530544878], [114.39782118869105, 24.498673950285614], [114.42371956929688, 24.48726066942211], [114.52936724856129, 24.56043355842238], [114.5849090607856, 24.538759580184692], [114.62246632571134, 24.5779040425645], [114.65997597463122, 24.584912468880987], [114.69994000635768, 24.527185003410523], [114.7331621557676, 24.56631602308898], [114.72454179033576, 24.609821769802153], [114.77629045619156, 24.614180410191086], [114.82256601403486, 24.589244594161006], [114.84169583667338, 24.603960520782827], [114.86390744133051, 24.56375404326785], [114.88856339747954, 24.583896178751186], [114.90457001930884, 24.662715314684714], [114.93532859045199, 24.65127165644131], [114.99857776613979, 24.68044862824855], [115.01944948652142, 24.670063457231954], [115.05200259478829, 24.704212743304183], [115.07844753181227, 24.700377591870645], [115.09938410667422, 24.668863133323928], [115.17894705078027, 24.712434879545345], [115.25354095461783, 24.729882248402767], [115.26461878701588, 24.750509669521232], [115.3015186036466, 24.75969102791792], [115.35315421154593, 24.736248860875335], [115.3672970123314, 24.775320104531367], [115.40731520245694, 24.793759173699904], [115.47150313155367, 24.763474319862464], [115.51785795106316, 24.703876546807297], [115.55059340858519, 24.684940568724432], [115.56479137627892, 24.623555552710997], [115.60054153689023, 24.62683256117065], [115.66636752576466, 24.606085082073502], [115.68420255259034, 24.5462315256132], [115.74759742536, 24.54725663215438], [115.78027736337224, 24.56849110496345], [115.83892449385685, 24.563695824465995], [115.83583562500557, 24.585443831346627], [115.775334507836, 24.664161776323983], [115.79631286062903, 24.706564630746886], [115.76422929707722, 24.70924273574625], [115.75128097502912, 24.749964806483508], [115.77162607033979, 24.775493083175554], [115.75929117122587, 24.79285309109307], [115.78519271192472, 24.85690402730991], [115.80247541942197, 24.863439738709094], [115.81914192252967, 24.910107820451216], [115.85865459065414, 24.892281895795374], [115.85680487517023, 24.864620469630836], [115.90243675472856, 24.88092124929034], [115.88024633835806, 24.89989640658459], [115.88764221459176, 24.937851313997488], [115.86543732636319, 24.960597875094436], [115.92028804127698, 24.961689020643306], [115.86851829540484, 25.0207439761696], [115.92335930142546, 25.051075358606834], [115.90365457340619, 25.085204208690904], [115.87529945654485, 25.092775332363736], [115.88331361097907, 25.12959065455099], [115.85554905869196, 25.166359739506458], [115.85060855912327, 25.210172031951643], [115.92580788383543, 25.236695408527346], [115.94487068061349, 25.292894428455636], [115.98235166933948, 25.290633686826844], [116.0032308724023, 25.31975858353538], [115.98787270452577, 25.374382107875135], [116.01796297154051, 25.43586871064046], [116.00014735925149, 25.490453098214843], [116.03147398267816, 25.514653984558667], [116.03515908474529, 25.54810359806803], [116.0579062564534, 25.563166453038633], [116.03638273406803, 25.624163404210012], [116.06343751150126, 25.64622301511069], [116.06220252842117, 25.703909806768966], [116.10161656023946, 25.70119513880421], [116.1244310775718, 25.758875143097722], [116.17566600196437, 25.77889488672563], [116.12627738510535, 25.824054038574346], [116.12689176530016, 25.86013145838068], [116.17257008990572, 25.89412118076188], [116.22009013225924, 25.908723982409228], [116.25337010907806, 25.90281307561665], [116.29828879199896, 25.924290512320034], [116.32103436239981, 25.956530468294755], [116.36468862214946, 25.962911269093244], [116.35484549955521, 25.991431194672902], [116.37945157429044, 26.030656492857577], [116.48431678774503, 26.11356755088981], [116.4713377185978, 26.17261247364482], [116.43058770545827, 26.159635022030344], [116.38682772478258, 26.17088894874414], [116.39483047097158, 26.20256485087393], [116.38005140082977, 26.237995721391794], [116.40776161816883, 26.297543611070914], [116.43181052216858, 26.307758560578666], [116.45402886374406, 26.344799695354094], [116.49480329783276, 26.36153179492005], [116.51457358702338, 26.41035765265081], [116.54853788540815, 26.40026018325037], [116.54854045582859, 26.365424167859214], [116.59662161860597, 26.372971072816373], [116.60338957886897, 26.429767860482208], [116.63352578467273, 26.47740258585563], [116.6058481575155, 26.476896176240384], [116.59230160817305, 26.512769060819142], [116.5343280900014, 26.559252952674214], [116.5485248756234, 26.575867598319757], [116.56147607282236, 26.650219278988974], [116.51516992904097, 26.68432407216894], [116.51022489903885, 26.720641616431326], [116.55283022839696, 26.77361704462012], [116.53863138616528, 26.803485041701926], [116.54356790249776, 26.839787208001024], [116.6740468856677, 26.977853327641746], [116.81256622026669, 27.017808763383403], [116.84649731959259, 27.008813009581488], [116.90503147576149, 27.03443135302512], [116.93147553906026, 27.0189565206775], [116.96218041516691, 27.061504365585552], [117.0474851538271, 27.09960700282013], [117.03949738613854, 27.145933648775962], [117.144131659122, 27.24061559445309], [117.1663364784077, 27.28957120718944], [117.13117621700346, 27.30226766858559], [117.13487383609636, 27.32193878850067], [117.09912901455397, 27.329876738621532], [117.10158750940161, 27.392569952602596], [117.12746657713623, 27.4212712727438], [117.10466109188161, 27.457887152711802], [117.0978805440574, 27.532188719998786], [117.0714170172929, 27.56509033552943], [117.04929208319395, 27.541779778180622], [117.01122891936431, 27.56256482780726], [117.0192036090851, 27.591714395467058], [116.9983391325366, 27.62465354738435], [117.03515608741385, 27.66907867031361], [117.05972771833454, 27.664790564150902], [117.08863811445048, 27.626597612758175], [117.10649376711261, 27.64462737462722], [117.09048157402077, 27.666356095917934], [117.10895438024623, 27.691270618105108], [117.1693897020232, 27.676520944278042], [117.19899863982191, 27.682932125256674], [117.19961285726697, 27.71366688917836], [117.23967090167947, 27.71846959870408], [117.29072840008342, 27.763456276152514], [117.2974831297762, 27.832274743339234], [117.27104657275555, 27.847131182453833], [117.27473498561153, 27.870411171253565], [117.32881631714334, 27.886722414563728], [117.33619327503222, 27.8549610386377], [117.36077617888552, 27.881377165786144], [117.40200552244589, 27.892991696630144], [117.44825403337657, 27.939064888072114], [117.47234241506779, 27.930134546863517], [117.51621240980265, 27.98155040564401], [117.55079781297847, 27.96577264103302], [117.60443607123511, 27.86266553206414], [117.64442429909033, 27.850975335070345], [117.67700897595327, 27.82286188579439], [117.69914400428046, 27.83341008827161], [117.73484023721927, 27.799493890893757], [117.78292141634397, 27.855097729581345], [117.781683863072, 27.895308145881838], [117.85082330505067, 27.94514286133388], [117.90570649720337, 27.94888216011235], [117.93770713674206, 27.9736950605485], [117.95983731306863, 27.962015737933992], [117.99361830913335, 27.99046424377518], [118.09138741371153, 27.969657624829285], [118.08891970759574, 28.002958890598656], [118.12344926465208, 28.016189266382618], [118.11542685684226, 28.041014113920692], [118.14813680019834, 28.061133526309863], [118.19444804816249, 28.04906717054849], [118.2370119409848, 28.074991378241666], [118.35083879289948, 28.090688174139633], [118.3699016712145, 28.18566998288004], [118.33361144780524, 28.193112575721464], [118.30901596156771, 28.221114280975392], [118.42843177153681, 28.287446125615613], [118.47475034965804, 28.326540459280356], [118.45003149590106, 28.383356254766976], [118.42657074335568, 28.401213695857333], [118.45126346596163, 28.42389069067935], [118.46917584376078, 28.478125377827755], [118.40929358293725, 28.496426890235963], [118.42470988430256, 28.514318365297594], [118.40682238485111, 28.5558292469968], [118.42285010393707, 28.616257816742564], [118.42284456734725, 28.680308796409967], [118.39756564544977, 28.70180915103295], [118.35877288657984, 28.81248585546867], [118.29482024606726, 28.825177491611317], [118.26466142020944, 28.91792339988403], [118.19005348139797, 28.903221230044398], [118.22214014668127, 28.941478495956627], [118.15978874564112, 28.985861682653336], [118.12830192860385, 28.982670710042417], [118.10979102309447, 29.00880863975938], [118.09191433265899, 28.9978173456085], [118.06112275663222, 29.05275180727298], [118.07035175606377, 29.073651699458477], [118.03222022984171, 29.10089826065665], [118.03959085572384, 29.14790323184708], [118.02238379806315, 29.166749114474143], [118.03651294989817, 29.209008356002258], [118.06787684935266, 29.21574016400139], [118.07217938682965, 29.289316548681956], [118.13321352091059, 29.282556520226617], [118.17273009924436, 29.296711421817147], [118.16099514212695, 29.312859276202424], [118.19989225795202, 29.342652702896103], [118.18754169757091, 29.394242604620995]]]}}, {"type": "Feature", "properties": {"adcode": 370000, "name": "山东省", "count": 16}, "geometry": {"type": "Polygon", "coordinates": [[[116.36821860112762, 34.63806378941029], [116.38605769397823, 34.70843105788021], [116.35775459348885, 34.71337873323261], [116.36328557780274, 34.74730586008955], [116.3971377922486, 34.75416678013145], [116.402055773965, 34.8489985050777], [116.43905684455653, 34.893710595243256], [116.60818777963824, 34.92101778901609], [116.61679789573438, 34.93818023741609], [116.77546207795818, 34.91496437000839], [116.78347091015681, 34.97333877584769], [116.80999591143568, 34.963574180546786], [116.81617040698717, 34.9277834064573], [116.85257025365969, 34.926865907960426], [116.91662909759272, 34.893035949476186], [116.92339680360939, 34.841479494409846], [116.96024499711983, 34.842880663362145], [116.97313194187275, 34.81337400165521], [116.94551626158362, 34.80902189327499], [116.96332017015304, 34.77015653119516], [117.01607376225684, 34.75721843817834], [117.06396934954014, 34.71187066061869], [117.05537039055147, 34.67399518371393], [117.06705141901257, 34.637056443025344], [117.0978141830029, 34.64689134980506], [117.14528825117202, 34.55728097005747], [117.13295537901041, 34.52472046234178], [117.16010960048047, 34.43249059427785], [117.2421142077876, 34.44937916782393], [117.24641938479974, 34.48491275396767], [117.2667236179826, 34.49773069443115], [117.26179959916597, 34.530779665912874], [117.29745542560774, 34.54059691406776], [117.26671741728465, 34.554934152025815], [117.36442648000035, 34.582869038869724], [117.39642367203052, 34.56757116195762], [117.39642576505892, 34.54884016977666], [117.45873398874808, 34.48283351476194], [117.5322776901408, 34.46527365870327], [117.58657409519596, 34.46090715310499], [117.60381551221333, 34.48903177676041], [117.65301845061327, 34.49932712039414], [117.67821464639493, 34.545636480092085], [117.79586483277939, 34.517009524025966], [117.78782559887416, 34.65004340641507], [117.89707212243592, 34.64280657645078], [117.9038467425648, 34.66889615976866], [117.94568402778715, 34.67671741562433], [118.04765175555073, 34.64887556367911], [118.07780016619246, 34.65375920804663], [118.10861888058545, 34.6123952861236], [118.07288467406744, 34.567559821883385], [118.17900931760556, 34.54203125634095], [118.15863189340553, 34.50303363320779], [118.12652696322246, 34.48127321453599], [118.17160812012517, 34.45124420741748], [118.17346912225379, 34.37766072860325], [118.21174759742195, 34.37722610682366], [118.21421311908614, 34.403906551224146], [118.27152230853007, 34.40291903976605], [118.28444175481945, 34.42265902727435], [118.3736096651492, 34.41312806975912], [118.39885736473701, 34.425463208380116], [118.40994738898894, 34.471869824945905], [118.43338700369584, 34.50593931218416], [118.41856796110612, 34.59317884842434], [118.43337411618867, 34.62423111273615], [118.46796907474788, 34.62135351252825], [118.45498725791579, 34.65431143403454], [118.54028185251305, 34.70425134189416], [118.59579151874651, 34.712671496162834], [118.60195190116693, 34.69249782719265], [118.65852950271984, 34.69192978823063], [118.68434240569, 34.67662565898749], [118.77790615763834, 34.72135607911501], [118.75817530588351, 34.73855383418932], [118.71323146641288, 34.74348573291957], [118.73353253772521, 34.790661058963565], [118.76618331864884, 34.7926328831196], [118.79948423289743, 34.871260993453724], [118.85502544390168, 34.94250894510322], [118.85686780806809, 35.02388786005574], [118.92277931915339, 35.04937559804205], [118.936919860842, 35.039067396909786], [119.10834615193757, 35.05294076083009], [119.13177711607966, 35.094097954637476], [119.21139334950512, 35.104999467138285], [119.24406140102704, 35.12263737801545], [119.28099126021527, 35.113312432301434], [119.30005661546704, 35.07460811514634], [119.3676817042787, 35.076450775416696], [119.42189301229968, 35.119036973326416], [119.39168352988064, 35.1356607650223], [119.40522953103475, 35.229556747707235], [119.4447174260401, 35.28335231442561], [119.48736723215447, 35.316671856898445], [119.53250930741412, 35.29482409279439], [119.53806634416708, 35.346102975259164], [119.58435962699616, 35.3710535866173], [119.57387160998228, 35.404710369193424], [119.61330669530541, 35.45785850141217], [119.65759196457704, 35.561075472318166], [119.65635907536979, 35.58736537196652], [119.74559404008535, 35.61596372579073], [119.76656826762371, 35.577037306706316], [119.81843725062483, 35.64426530848341], [119.8246186023118, 35.61849299271484], [119.86292039402043, 35.606876902464045], [119.91964742811425, 35.6355932817086], [119.90670999364127, 35.658950924031686], [119.94486616447622, 35.72793302695097], [119.91470960187985, 35.73818265903246], [119.9208658969045, 35.75809509837354], [119.95285561216316, 35.75852448068997], [120.00815258962852, 35.71220426479036], [120.04378940686848, 35.78449997018324], [120.0265735093758, 35.81027473712448], [120.05854282817394, 35.871352419036384], [120.1066030525808, 35.882971973368555], [120.11955950386667, 35.90480581825134], [120.14735130569078, 35.905330639617404], [120.20233044403827, 35.945661900540806], [120.1640352685404, 35.88644751326454], [120.1967788132882, 35.88990006954472], [120.20356881088242, 35.91560944864553], [120.26030510257124, 35.964586776641916], [120.29969567703394, 35.96986794541357], [120.31076181242821, 36.00036613230349], [120.28431001374668, 36.01542225937187], [120.24366543000686, 35.99026851568951], [120.25167386257009, 36.023197233965774], [120.19306134204338, 35.99361419347348], [120.22947800881083, 36.029004442114555], [120.23379257209935, 36.06046945999307], [120.17575584376276, 36.064751361649556], [120.14671273888521, 36.09324406770008], [120.11089725422725, 36.10093703857375], [120.10287432365915, 36.125595431130904], [120.1368236649784, 36.14158471354988], [120.13496720936223, 36.17154763757491], [120.17574078176048, 36.2020556217992], [120.2146500033864, 36.20742755530168], [120.21897270795807, 36.1895597326954], [120.25535242542234, 36.196814247519185], [120.25781868805744, 36.18038724564463], [120.30459252006996, 36.183228197883984], [120.29167059261411, 36.22382200580841], [120.31442691040276, 36.23054212526106], [120.35686550211547, 36.19424384297157], [120.28061405861482, 36.045442925412374], [120.4240384073571, 36.0549741958749], [120.46357071681136, 36.086019049602356], [120.54147629676905, 36.09010365045009], [120.54147463719727, 36.106065360118734], [120.58898668737513, 36.09886637384334], [120.61053986532895, 36.11868825618216], [120.707065960392, 36.12481847548891], [120.6757030044488, 36.236963437355755], [120.68122969033239, 36.277495867927875], [120.65234438108673, 36.27465546151423], [120.65786971063696, 36.330115724853286], [120.73904380321405, 36.32614557074157], [120.68920824395694, 36.388374841400655], [120.75442990984155, 36.46103167905782], [120.82352716218377, 36.46497274633893], [120.85377584523145, 36.423144551887304], [120.84390425170491, 36.401456003517055], [120.86673714552664, 36.36535416456641], [120.91293635727708, 36.41594954191551], [120.90370115065969, 36.4486952452714], [120.93322655401747, 36.44625921030806], [120.9602512895654, 36.46449126453091], [120.94919455658169, 36.505892535408734], [120.97804068849858, 36.544283316929246], [120.95717109140665, 36.56116333430452], [120.90492004204414, 36.567008811742255], [120.87966012116011, 36.59967506711424], [120.84202968430601, 36.61691644111237], [120.87719238218455, 36.625605347839894], [120.92152783131421, 36.610232965474296], [120.95041469078612, 36.57415470537953], [121.02344174976439, 36.5710628773059], [121.15579459887476, 36.64930989356292], [121.24646093117833, 36.66957776264065], [121.2932118599897, 36.700239230491405], [121.35220421172878, 36.71116279830318], [121.39527267374972, 36.699132999547466], [121.38849430146209, 36.73605844534848], [121.44892798875, 36.750495553901], [121.5014614004866, 36.80190710587843], [121.56015482619524, 36.82886361081594], [121.54348802942049, 36.8058481820714], [121.47982326447418, 36.78411907492322], [121.52681478429868, 36.73441196649326], [121.57003633929249, 36.73832719232757], [121.55090278606174, 36.762745418948384], [121.64637901488351, 36.7219815206699], [121.62669356969307, 36.79917089622343], [121.72076706408235, 36.82439814046792], [121.75710689179132, 36.84449675034513], [121.76265254136884, 36.872736921706455], [122.00352541804597, 36.9602111866464], [122.0373093423092, 36.86973348869382], [122.04652327228133, 36.90272383327055], [122.08774657203406, 36.91176365898856], [122.11918357830028, 36.941900290494964], [122.13584715910031, 36.936184513312035], [122.11425501656215, 36.889769399715306], [122.17043008299325, 36.89224770686059], [122.1834011294626, 36.86404133965295], [122.169200597265, 36.84056289358013], [122.2154975219434, 36.846857859830855], [122.3391822444015, 36.82615907286702], [122.37299571604343, 36.8423876528711], [122.37853127667718, 36.86344251761072], [122.41055549095503, 36.8572169483729], [122.44942264035474, 36.87689254965961], [122.42904903319938, 36.91225386659467], [122.4778384034114, 36.91188579981077], [122.48402163356609, 36.88463854815445], [122.52728111890252, 36.89959213108238], [122.55258944415652, 36.966583477530705], [122.53962238608086, 37.002868873687135], [122.57848105933465, 37.035400050842505], [122.57046691097761, 37.052580725010515], [122.46175879591885, 37.03512874912652], [122.47905075650996, 37.126796303410785], [122.52848931104515, 37.151256094799464], [122.57600391011283, 37.14561569913953], [122.56860399941795, 37.17421160960582], [122.619087897661, 37.188983369341216], [122.58769729581755, 37.2594940415516], [122.56242871990301, 37.25757042866914], [122.56859094349342, 37.29423098663208], [122.60615530654337, 37.33753583459923], [122.60246139076746, 37.36226841988619], [122.6454919349336, 37.38646588068807], [122.68725939741618, 37.37164933487151], [122.70876229203283, 37.39015718963926], [122.69646913997185, 37.41631494638633], [122.67067199682397, 37.41113459446698], [122.63627185241107, 37.42640319609091], [122.54883845532403, 37.40501521749746], [122.4901446926112, 37.41151460996243], [122.4821071587616, 37.43239861936857], [122.41110892256715, 37.412301450764986], [122.33174120658082, 37.41189717278678], [122.27580225104272, 37.428623832425345], [122.28195109483396, 37.44286957261022], [122.24748330195395, 37.46569483158538], [122.16110575617564, 37.436618171300665], [122.12652547801889, 37.49687602990378], [122.15800855432163, 37.51686362626466], [122.1450374192537, 37.554802524795804], [122.08336269686579, 37.551907907667314], [122.06982082511337, 37.53815854767202], [122.01205606340437, 37.52879154995245], [121.99241661159627, 37.49230124921215], [121.91868770130978, 37.47110380646464], [121.66043478809374, 37.47151817319527], [121.63030720544235, 37.49198756046871], [121.5705744599096, 37.45829117040404], [121.56625897335863, 37.439285887010975], [121.47170885422382, 37.47372583081279], [121.45440005465062, 37.52020630214254], [121.39517388956926, 37.555249423332214], [121.39024319286065, 37.58750304878361], [121.42969273359914, 37.590371807813874], [121.38531442023286, 37.6230642331486], [121.34349371121803, 37.63306968718879], [121.35271748340375, 37.59512852995966], [121.29925815400561, 37.58052546629481], [121.21184811176744, 37.5805601614473], [121.1686502764707, 37.59519249196155], [121.1433397736809, 37.62406609770009], [121.15629886557566, 37.64399520692596], [121.13716532932204, 37.659126056827304], [121.1544408328522, 37.69657789602739], [121.13037182640691, 37.721161773892455], [121.03190597135942, 37.716480271414], [120.98895029439927, 37.75731336516223], [120.9379984340868, 37.78346910381592], [120.93553650735574, 37.81752906323365], [120.86966214471852, 37.831260982820254], [120.83387407475945, 37.822223793320504], [120.7277966280241, 37.83157413043314], [120.65156599434539, 37.791022865124866], [120.62881811256565, 37.79437105263622], [120.58572771889483, 37.7622258487874], [120.51224480376654, 37.74789875885634], [120.4491686713217, 37.755296766521], [120.3622324547735, 37.69561037012609], [120.22188935235248, 37.69150426880126], [120.21448605104786, 37.66970769943611], [120.26381320909366, 37.65645013390513], [120.26689505252222, 37.63464778931998], [120.20955278722701, 37.618994939527795], [120.2027648073152, 37.58627121357508], [120.24102589120574, 37.55452109639504], [120.1385229177528, 37.479388865863164], [119.94406384633284, 37.41791997578437], [119.92130190690152, 37.38468661875714], [119.83801583410931, 37.37465702204588], [119.83122276099152, 37.34468622648455], [119.87754640338531, 37.309071737480586], [119.88680605187544, 37.2619560947095], [119.85965289843278, 37.2319321028088], [119.8244388758766, 37.22377663504161], [119.73432762596867, 37.131697973988445], [119.68139506894914, 37.141777310311774], [119.6727841547072, 37.15609669553937], [119.5705936509636, 37.12567591309147], [119.48344632608065, 37.132626244593645], [119.3213324409046, 37.11349254156984], [119.29489937032346, 37.13738645827588], [119.2924340072146, 37.195067692598336], [119.20066067568906, 37.221282558268946], [119.18460899939832, 37.25745145623316], [119.19818526336822, 37.27794346445106], [119.13029212585425, 37.228783364933356], [119.12165278638173, 37.252583775453246], [119.08467676515107, 37.2554243443664], [119.07790854841015, 37.2373328989787], [119.04777701318082, 37.25261003627991], [119.03364378875516, 37.30214654031456], [118.99497915640204, 37.31653143278226], [118.93356635441965, 37.52529606901283], [118.98267182664148, 37.618614698800215], [119.01764261775902, 37.63983911324736], [119.2560815159676, 37.65838094913572], [119.3028097968378, 37.8031818704861], [119.28558747351754, 37.867506182315815], [119.23388070388921, 37.87604402609824], [119.2061378924442, 37.836791480657965], [119.15490661592263, 37.81684609550415], [119.12157881723823, 37.84563478648253], [119.10430499798241, 37.919328657356395], [118.9955099259414, 37.99408742907839], [118.96788766922157, 38.09223803393887], [118.90212314942372, 38.13756501765376], [118.80527900005583, 38.15580875829099], [118.62002603325321, 38.13661721227954], [118.60156631446084, 38.127213577895084], [118.59171923987547, 38.077279371366124], [118.5460792619273, 38.05366769345616], [118.52816263336567, 38.06164166026061], [118.49848081195765, 38.11197660810246], [118.44346090628618, 38.12219242034332], [118.42494109532795, 38.10426221161422], [118.3978065356719, 38.11884630961476], [118.21069455266044, 38.144916698885595], [118.17117073584971, 38.18439264809314], [118.10572307567968, 38.208291658370754], [118.03862188525854, 38.21211341840342], [118.01221168728453, 38.20042270952857], [117.89049162583119, 38.27777741513889], [117.8892559396208, 38.299860572960455], [117.80222323404988, 38.226413040923205], [117.76026671580726, 38.15672535711069], [117.76458597041456, 38.13271654159881], [117.73993237924076, 38.12329073789142], [117.69808955573541, 38.07433207623145], [117.58061293137985, 38.069768816760885], [117.55100764824049, 38.044280411353945], [117.51765772077862, 37.987604989030054], [117.50653702817472, 37.94131994809289], [117.43178419471049, 37.851843798316054], [117.39418466165837, 37.842361588579706], [117.31365348155492, 37.8594867465395], [117.26510527799634, 37.83781447567004], [117.06790371544514, 37.8466383163406], [117.02062602660646, 37.830187674305506], [116.91322571744016, 37.8441583507263], [116.83188819757976, 37.83322224185879], [116.79856647072907, 37.846870896392495], [116.74741167925566, 37.79102317913672], [116.74741439407426, 37.76831380333083], [116.71849669923998, 37.74229784301984], [116.67302511362922, 37.72674589298986], [116.65705926218884, 37.68415785054503], [116.59866354103701, 37.6231058758433], [116.44185007681378, 37.50087483413258], [116.42765665583418, 37.47093767415415], [116.37343059428703, 37.51982688866865], [116.36112345371112, 37.563969015800396], [116.3297700272328, 37.57919973279166], [116.2892055007019, 37.55223495874987], [116.27260108593511, 37.5228371598646], [116.28429362985716, 37.48199659722302], [116.27014637614869, 37.464917924049765], [116.23442475416432, 37.48772414051649], [116.21839442557727, 37.47774250090097], [116.2368952563735, 37.445931826752016], [116.2202500819608, 37.42596853652585], [116.27938300131855, 37.40219320138217], [116.23012416181345, 37.35942590674559], [116.18693112585507, 37.3636555258274], [116.16284327129166, 37.3821550509378], [116.01807654046628, 37.35793793513303], [115.96957724122974, 37.33525309663898], [115.96344759973218, 37.23769797478561], [115.90379737836255, 37.20492712861263], [115.90626363413219, 37.17538121969879], [115.87359754927002, 37.14915518471363], [115.88223686898155, 37.11053302780997], [115.85015406286148, 37.05896359560203], [115.77050858746631, 36.991023781524], [115.7908777327375, 36.96715835281259], [115.75140247766166, 36.900663636396786], [115.7058390514227, 36.88155450272515], [115.67756231385874, 36.80644590613486], [115.47348544775659, 36.75841124420017], [115.44506835494053, 36.70032710125547], [115.41359815122834, 36.6849309164112], [115.35942666649251, 36.62015531745252], [115.34897479289312, 36.6254527279509], [115.32501751502426, 36.54863009895676], [115.26662692059581, 36.495828384174345], [115.28508203588099, 36.45875727938251], [115.31089590245624, 36.45245687802717], [115.29123452721343, 36.41156573558041], [115.33363755129321, 36.396555608482586], [115.3625342636867, 36.34060777116569], [115.36007816368445, 36.30733870556423], [115.41672435770917, 36.320343164464596], [115.41056149702267, 36.29091681005898], [115.45623702441864, 36.27458421487223], [115.46859904484334, 36.24662437114029], [115.47788629222048, 36.123935214444536], [115.4426739304066, 36.045474306607666], [115.44144282829825, 36.010613408630064], [115.35642746390742, 35.96991227963316], [115.34721018978941, 35.93697354394861], [115.35766611756065, 35.892352036018146], [115.32878989716717, 35.79486228297464], [115.35706422399667, 35.77781724352111], [115.48903983514445, 35.89442983551542], [115.50697152419285, 35.88866296225531], [115.5779869891639, 35.920320906179846], [115.64262193270956, 35.921245375399494], [115.69302700099152, 35.96477214789858], [115.76877339991813, 35.97297315954405], [115.77370622792778, 35.99187028564751], [115.81136329445252, 36.01129927024929], [115.85397647614032, 36.00217325671795], [115.89283763653619, 36.0249651356004], [115.98384588054094, 36.043688351548994], [116.05140106899559, 36.103021490591864], [116.09325711995564, 36.11023827476362], [116.04280999129247, 35.96846078059015], [115.9789414069788, 35.97251630294295], [115.90578242245773, 35.9586045948615], [115.90209092428441, 35.92516354911097], [115.86756367657006, 35.91739091517399], [115.87682192154121, 35.87811924822981], [115.8539923041655, 35.85626188741878], [115.81076416514875, 35.842599256842], [115.76755296545026, 35.8522432836503], [115.7287291352688, 35.831371573482336], [115.6899728205901, 35.78723979982908], [115.68751698682732, 35.75227288341276], [115.52244253753065, 35.73190076920496], [115.47978682415352, 35.70844915960232], [115.37677055999312, 35.566754983159335], [115.33864933705816, 35.55171415985806], [115.34971979838596, 35.48836841395797], [115.30117349148767, 35.47822466972641], [115.2310362180954, 35.421239410546725], [115.11998637862703, 35.41620026320584], [115.11135708644034, 35.39814554870105], [115.08548196059586, 35.41423464088909], [115.06764329076235, 35.37229350974187], [115.03691719521115, 35.37478693374234], [114.95162195079702, 35.25930785215749], [114.92335797515149, 35.24323359851998], [114.92643744007994, 35.19679206414254], [114.85560367554598, 35.180645013803], [114.83585956876885, 35.14930752666462], [114.8771971728304, 35.096999512709715], [114.82969423637891, 35.07489938751564], [114.81303057191542, 35.04989170371139], [114.84636291955081, 35.04015502053857], [114.81859074135978, 35.01070719902241], [114.87474092571051, 35.00197244307958], [114.91785208766616, 34.96716452333407], [114.9448948411775, 34.98820368957033], [115.00197411171807, 34.986574320169574], [115.0228403961444, 34.96984509251044], [115.06891455322503, 34.998676637391426], [115.12188215810559, 35.00260331002532], [115.15088448203046, 34.956074481066686], [115.21320977447076, 34.9586287201177], [115.19902778085884, 34.912502396459665], [115.24587549841365, 34.904686081327824], [115.23294374754938, 34.87621798241881], [115.25019262768924, 34.84332288171741], [115.31107373204298, 34.85748813713703], [115.42059512008855, 34.80335831626953], [115.44281907767153, 34.74244247442127], [115.4273894063848, 34.72323625817327], [115.45518364325439, 34.63519586900521], [115.5095848840183, 34.58067024081261], [115.54727892337563, 34.566964333851594], [115.61693253796535, 34.57290786700009], [115.67965291860361, 34.55456550430459], [115.69133098660535, 34.59249212504481], [115.78188144450668, 34.57916366058148], [115.82140043657637, 34.55655679827922], [115.97847504165694, 34.587556136265235], [115.98522711042395, 34.613646747115304], [116.03128446932371, 34.5913436707133], [116.09527176230516, 34.60407204645502], [116.1285814853261, 34.55777648525817], [116.15080740763115, 34.55189569894205], [116.1909433335156, 34.57414856904028], [116.24214238522153, 34.550044137430675], [116.28030576145868, 34.60718416901427], [116.31903972119274, 34.59923580985609], [116.32825685518971, 34.61892196415723], [116.36821860112762, 34.63806378941029]]]}}, {"type": "Feature", "properties": {"adcode": 370000, "name": "山东省", "count": 16}, "geometry": {"type": "Polygon", "coordinates": [[[120.72409183340936, 37.94496372176119], [120.71609689936507, 37.91522397092447], [120.75920135357038, 37.89301035304838], [120.759198073016, 37.92182284853773], [120.72409183340936, 37.94496372176119]]]}}, {"type": "Feature", "properties": {"adcode": 370000, "name": "山东省", "count": 16}, "geometry": {"type": "Polygon", "coordinates": [[[120.68718922387181, 37.98182816551735], [120.72716654118727, 37.959595595674266], [120.71916424239005, 37.98555844359315], [120.68718922387181, 37.98182816551735]]]}}, {"type": "Feature", "properties": {"adcode": 370000, "name": "山东省", "count": 16}, "geometry": {"type": "Polygon", "coordinates": [[[120.98480391755832, 36.41146402716301], [120.97314372467652, 36.4269081280602], [120.94551882929399, 36.413013318797795], [120.98480391755832, 36.41146402716301]]]}}, {"type": "Feature", "properties": {"adcode": 370000, "name": "山东省", "count": 16}, "geometry": {"type": "Polygon", "coordinates": [[[120.74500109999805, 38.14815250024158], [120.78198760906099, 38.15664968965061], [120.73698872411933, 38.19709899695737], [120.74500109999805, 38.14815250024158]]]}}, {"type": "Feature", "properties": {"adcode": 370000, "name": "山东省", "count": 16}, "geometry": {"type": "Polygon", "coordinates": [[[120.9133417248028, 38.343434803722545], [120.90964623022053, 38.371601013047524], [120.88994386674328, 38.36127892809209], [120.9133417248028, 38.343434803722545]]]}}, {"type": "Feature", "properties": {"adcode": 370000, "name": "山东省", "count": 16}, "geometry": {"type": "Polygon", "coordinates": [[[120.15354473069515, 35.76314177966268], [120.16405136582415, 35.738384241117515], [120.18752812278836, 35.754945276719155], [120.16651828268415, 35.78356457774439], [120.15354473069515, 35.76314177966268]]]}}, {"type": "Feature", "properties": {"adcode": 370000, "name": "山东省", "count": 16}, "geometry": {"type": "Polygon", "coordinates": [[[120.62142069113342, 37.94371169200733], [120.62633721623038, 37.97910515877348], [120.59679459998704, 37.976768653205944], [120.62142069113342, 37.94371169200733]]]}}, {"type": "Feature", "properties": {"adcode": 370000, "name": "山东省", "count": 16}, "geometry": {"type": "Polygon", "coordinates": [[[120.7967831601549, 38.28224729843646], [120.84307886248502, 38.30394232635766], [120.81097589086868, 38.31609621383931], [120.7967831601549, 38.28224729843646]]]}}, {"type": "Feature", "properties": {"adcode": 370000, "name": "山东省", "count": 16}, "geometry": {"type": "Polygon", "coordinates": [[[115.48903983514445, 35.89442983551542], [115.48162265264268, 35.87888774495833], [115.50697152419285, 35.88866296225531], [115.48903983514445, 35.89442983551542]]]}}, {"type": "Feature", "properties": {"adcode": 410000, "name": "河南省", "count": 7}, "geometry": {"type": "Polygon", "coordinates": [[[112.71055448014516, 32.355662026008865], [112.77027386217017, 32.35666423302077], [112.85478939093599, 32.39420161986975], [112.88253305390697, 32.375026508973875], [112.90593130257315, 32.38917839709225], [112.98578879442545, 32.376382400981534], [112.99437438325972, 32.414759337985934], [113.01953184650533, 32.42327240888165], [113.07236900457244, 32.39235097388823], [113.10130308958453, 32.396387149163296], [113.11239775123082, 32.37365230720652], [113.14940484625446, 32.37875711695942], [113.15248768114905, 32.408576012949524], [113.20555327048079, 32.42988398515159], [113.32741356984438, 32.33428487836598], [113.31143655300261, 32.325213309922326], [113.34708623084143, 32.29277451392385], [113.36984010196143, 32.296284087033214], [113.42220550508635, 32.268456485757206], [113.6185222894898, 32.3593261902895], [113.64435478292712, 32.41083589518428], [113.69416408422657, 32.418827752655005], [113.72924813770227, 32.408683120114496], [113.7613029362051, 32.36825678956164], [113.74774120067389, 32.32628808702076], [113.76192832241684, 32.282284700976014], [113.73234257371574, 32.25394290707977], [113.746519378606, 32.21394590902907], [113.77612844958635, 32.182563074820806], [113.74406354148636, 32.11413407520038], [113.71634564848772, 32.12225968871533], [113.72250583692279, 32.081186154290116], [113.78540185149161, 32.03403241975521], [113.75147378126124, 31.987820342024985], [113.8113466201711, 31.962506241963787], [113.79961458024454, 31.92744359003768], [113.82617584589744, 31.916823959522638], [113.82494405542666, 31.877188343413874], [113.84841913408603, 31.84114070010651], [113.88791618958989, 31.845248639380426], [113.90886832189625, 31.875235927598887], [113.95194366397641, 31.850772671897], [113.94641548857298, 31.791798229279962], [113.9826764464341, 31.74794899744222], [114.0115443178807, 31.76872340483923], [114.08042879151245, 31.779783302579265], [114.11557172531714, 31.807258531506776], [114.12791325984331, 31.840832544150466], [114.18597111875313, 31.85008311278257], [114.22979693074956, 31.831325012887564], [114.28708841930492, 31.750417931708807], [114.34428307204276, 31.753368349586985], [114.43793851034489, 31.72587366787462], [114.52508828994117, 31.740865226551673], [114.54423890125533, 31.76482527653808], [114.58064332870678, 31.760293629682344], [114.5658516345888, 31.658979424965132], [114.5423988936513, 31.62175550798639], [114.55537004794482, 31.559094643564162], [114.5670951718632, 31.55197386089774], [114.61145608089555, 31.583582930506093], [114.63606319345703, 31.580494825818587], [114.69077511699501, 31.523806235317572], [114.7732705428814, 31.518669819758713], [114.78375916254626, 31.478387215581662], [114.82449096828272, 31.45702758381329], [114.86459764274966, 31.47750100013731], [114.87877983739182, 31.467311127830385], [114.95690360429657, 31.492745075265734], [114.98943748114921, 31.469185719060544], [115.01704768498578, 31.525720143863797], [115.09019373461395, 31.506221819557094], [115.10867265222052, 31.52815594238225], [115.10065876333067, 31.56536949210974], [115.11914584460908, 31.596982542462293], [115.15862985760258, 31.602648812324478], [115.20676591632966, 31.553290702916247], [115.2301937264604, 31.55331181587774], [115.21232066447334, 31.513014484008416], [115.20554277646976, 31.440052756323453], [115.24683805917444, 31.419662746419114], [115.24499418037807, 31.390053564169868], [115.29544300044746, 31.38183613714669], [115.33293014133218, 31.402189312990657], [115.36797303304377, 31.403666109636184], [115.3839682752859, 31.448058361386376], [115.3655048432481, 31.49348183309841], [115.40983148232485, 31.52355718558182], [115.43388047326812, 31.586288931067337], [115.47958895767455, 31.606781028618087], [115.47093299381032, 31.64089170379122], [115.48947325784744, 31.670994766879723], [115.52841177154014, 31.69656379052135], [115.54817716933134, 31.693553071705185], [115.67070516291928, 31.776449253781482], [115.72544936390338, 31.765176272532234], [115.76180049935442, 31.785523468873468], [115.80253021709795, 31.768277782296693], [115.84637157055279, 31.78463618309478], [115.88092962704246, 31.774503004129553], [115.909273328919, 31.812651832064205], [115.88832308253723, 31.830452417851582], [115.88955311721898, 31.8629884196482], [115.91480559250749, 31.91836932758993], [115.90371903523318, 31.941232635378867], [115.92341456329567, 32.00112887720631], [115.91663965470576, 32.04782038199139], [115.93631675545709, 32.16440015648348], [115.90738769755764, 32.2257173919224], [115.89381947838982, 32.389101259481244], [115.85989021722752, 32.45676340478959], [115.8777799218543, 32.48606371438536], [115.84013080059522, 32.4996415427541], [115.90489318066756, 32.56527733079057], [115.88578791527657, 32.57435335784432], [115.78332667945826, 32.46673281148955], [115.76604855988346, 32.50305804953228], [115.73646630235166, 32.47428101436959], [115.698921268305, 32.49299349546306], [115.66203844387935, 32.40772010106687], [115.65220042124885, 32.4269349242498], [115.62083874751383, 32.403240649948536], [115.59867605369483, 32.42396922499473], [115.5653905136987, 32.41738803940017], [115.51721804534101, 32.440017999313525], [115.49186794869476, 32.49043191209651], [115.40295286679405, 32.54676798024362], [115.40541534869035, 32.57299257565832], [115.29901889106462, 32.55093737836764], [115.29963063919264, 32.5811922765092], [115.26150295301458, 32.57619936434196], [115.2374883537818, 32.59132908497899], [115.19494608330373, 32.58977698929814], [115.17333488186068, 32.72423397672836], [115.1838223716497, 32.76853295920099], [115.20541446509853, 32.78365774471868], [115.18381825773928, 32.810276936072235], [115.1912187085256, 32.85402417091217], [115.14986763288829, 32.8624926733293], [115.13320488843135, 32.895624405329464], [115.02366711467461, 32.90473512246021], [115.02919032578214, 32.93033193157605], [114.937727419043, 32.933093030078815], [114.91066657640494, 32.96927204487514], [114.87740658820704, 32.98834050499545], [114.8860316515768, 33.018448841919195], [114.91989131473544, 33.01492608156844], [114.90757952757019, 33.081130746494594], [114.89156959074367, 33.08464241458865], [114.89710914465327, 33.12774204325443], [114.92725720623102, 33.151767022000165], [114.96043288597407, 33.14518781368018], [114.98498693096134, 33.100020632529265], [115.03531486346338, 33.084338659297956], [115.16218905251425, 33.086353675433166], [115.18872398699263, 33.11847790869492], [115.2392833233219, 33.1335596861664], [115.28359326111328, 33.12952277849339], [115.29773042510608, 33.14753635479101], [115.29465226154, 33.20212759450734], [115.33397781072875, 33.25861127503524], [115.32905728862602, 33.295640431752936], [115.355487736705, 33.29609420695629], [115.35917252802557, 33.33359435613024], [115.33581046336026, 33.36862437458079], [115.30754113579368, 33.374675245846355], [115.32290186165642, 33.40112970440314], [115.30937943066658, 33.42913133206717], [115.3185944394222, 33.45508341988644], [115.33948923948066, 33.447552928088776], [115.33948381036576, 33.50047461121133], [115.36038323410033, 33.52090292329906], [115.38868860786236, 33.50390961683666], [115.41641153631653, 33.55481241238126], [115.4577675688173, 33.564860746983605], [115.50536396527492, 33.55102946224131], [115.55910859291781, 33.574099884545184], [115.63425688621983, 33.58306430768151], [115.59547691921215, 33.656879805397146], [115.59608701828743, 33.71665984573282], [115.55723733294974, 33.770902120543425], [115.57080883209807, 33.78584841368318], [115.60839697109243, 33.77390789803053], [115.6262327906002, 33.86790802081002], [115.5417912652209, 33.872849887626465], [115.60159826698771, 34.02837762223933], [115.63667226545756, 34.030325464745275], [115.65265488190565, 34.0595727153011], [115.69999595510329, 34.0579977187765], [115.73014845352455, 34.074832285126156], [115.76280958059805, 34.05995215532254], [115.80354114293286, 34.06050022429846], [115.84059925830284, 34.02682686476702], [115.84430594565885, 34.00300842022491], [115.87146514069698, 34.00105918164458], [115.87084555190424, 34.02686958089013], [115.89859265547946, 34.00802149895077], [115.95212239306933, 34.00596711154408], [115.99450350854416, 33.96314526487737], [115.97670137472001, 33.915009647250436], [116.0534882512081, 33.85863313739723], [116.04980429646335, 33.80243360380104], [116.06826009454834, 33.77901791859399], [116.0941253678498, 33.78049749659423], [116.14965965276379, 33.7073710565678], [116.22434978553335, 33.73288284061354], [116.25762467580911, 33.72790668455696], [116.31113378378765, 33.76915648819945], [116.38800183668005, 33.780490673951796], [116.40216536443953, 33.803379662768556], [116.43114785860604, 33.79892794055798], [116.43176037116814, 33.84419667303927], [116.48055339663118, 33.86768145742556], [116.55283628518444, 33.879305366365514], [116.5614709756583, 33.906160401256685], [116.62551361084684, 33.885778848481486], [116.6378057629364, 33.89470817133047], [116.63595373918768, 33.97618850539836], [116.5941234380628, 34.01246987018693], [116.57070512632701, 34.06704274491022], [116.52255469656964, 34.12100339255001], [116.53058262354415, 34.14927565074517], [116.56021127417094, 34.16766746244704], [116.53737073084989, 34.20180249545219], [116.5398371466651, 34.239931423694465], [116.57684925655428, 34.264731041469375], [116.55649772806112, 34.28400479014875], [116.51079628578185, 34.29428684604907], [116.45085481848564, 34.26690936924676], [116.36641227794196, 34.26389602724], [116.3516466105033, 34.31783533218276], [116.25016870467739, 34.374830109001365], [116.20762916971964, 34.380242787263064], [116.21009437017976, 34.4014885833123], [116.17305211825284, 34.42859325208015], [116.15637553552891, 34.457689210703144], [116.17242767660397, 34.494235680494754], [116.19835881922496, 34.506612698106736], [116.1853913392996, 34.53371652273061], [116.1909433335156, 34.57414856904028], [116.15080740763115, 34.55189569894205], [116.1285814853261, 34.55777648525817], [116.09527176230516, 34.60407204645502], [116.03128446932371, 34.5913436707133], [115.98522711042395, 34.613646747115304], [115.97847504165694, 34.587556136265235], [115.82140043657637, 34.55655679827922], [115.78188144450668, 34.57916366058148], [115.69133098660535, 34.59249212504481], [115.67965291860361, 34.55456550430459], [115.61693253796535, 34.57290786700009], [115.54727892337563, 34.566964333851594], [115.5095848840183, 34.58067024081261], [115.45518364325439, 34.63519586900521], [115.4273894063848, 34.72323625817327], [115.44281907767153, 34.74244247442127], [115.42059512008855, 34.80335831626953], [115.31107373204298, 34.85748813713703], [115.25019262768924, 34.84332288171741], [115.23294374754938, 34.87621798241881], [115.24587549841365, 34.904686081327824], [115.19902778085884, 34.912502396459665], [115.21320977447076, 34.9586287201177], [115.15088448203046, 34.956074481066686], [115.12188215810559, 35.00260331002532], [115.06891455322503, 34.998676637391426], [115.0228403961444, 34.96984509251044], [115.00197411171807, 34.986574320169574], [114.9448948411775, 34.98820368957033], [114.91785208766616, 34.96716452333407], [114.87474092571051, 35.00197244307958], [114.81859074135978, 35.01070719902241], [114.84636291955081, 35.04015502053857], [114.81303057191542, 35.04989170371139], [114.82969423637891, 35.07489938751564], [114.8771971728304, 35.096999512709715], [114.83585956876885, 35.14930752666462], [114.85560367554598, 35.180645013803], [114.92643744007994, 35.19679206414254], [114.92335797515149, 35.24323359851998], [114.95162195079702, 35.25930785215749], [115.03691719521115, 35.37478693374234], [115.06764329076235, 35.37229350974187], [115.08548196059586, 35.41423464088909], [115.11135708644034, 35.39814554870105], [115.11998637862703, 35.41620026320584], [115.2310362180954, 35.421239410546725], [115.30117349148767, 35.47822466972641], [115.34971979838596, 35.48836841395797], [115.33864933705816, 35.55171415985806], [115.37677055999312, 35.566754983159335], [115.47978682415352, 35.70844915960232], [115.52244253753065, 35.73190076920496], [115.68751698682732, 35.75227288341276], [115.6899728205901, 35.78723979982908], [115.7287291352688, 35.831371573482336], [115.76755296545026, 35.8522432836503], [115.81076416514875, 35.842599256842], [115.8539923041655, 35.85626188741878], [115.87682192154121, 35.87811924822981], [115.86756367657006, 35.91739091517399], [115.90209092428441, 35.92516354911097], [115.90578242245773, 35.9586045948615], [115.9789414069788, 35.97251630294295], [116.04280999129247, 35.96846078059015], [116.09325711995564, 36.11023827476362], [116.05140106899559, 36.103021490591864], [115.98384588054094, 36.043688351548994], [115.89283763653619, 36.0249651356004], [115.85397647614032, 36.00217325671795], [115.81136329445252, 36.01129927024929], [115.77370622792778, 35.99187028564751], [115.76877339991813, 35.97297315954405], [115.69302700099152, 35.96477214789858], [115.64262193270956, 35.921245375399494], [115.5779869891639, 35.920320906179846], [115.48162265264268, 35.87888774495833], [115.35706422399667, 35.77781724352111], [115.32878989716717, 35.79486228297464], [115.35766611756065, 35.892352036018146], [115.34721018978941, 35.93697354394861], [115.35642746390742, 35.96991227963316], [115.44144282829825, 36.010613408630064], [115.4426739304066, 36.045474306607666], [115.47788629222048, 36.123935214444536], [115.47726538761735, 36.147138860532536], [115.45871997909282, 36.168354347407295], [115.44451466282459, 36.15044033252201], [115.3705546426281, 36.12623138826129], [115.35948747254504, 36.09722733908446], [115.30663586184703, 36.08668078745645], [115.29618382009828, 36.12587381949056], [115.27281982990313, 36.13606042840144], [115.23587963296036, 36.189719719959506], [115.19518271466652, 36.20851905451162], [115.17790520384791, 36.191584046956265], [115.11866347583836, 36.207909739087626], [115.09832880298643, 36.17021429424249], [115.0564861114093, 36.17652355630844], [115.04235617783074, 36.16011973982219], [115.03990583793892, 36.110812428203566], [114.9920399144499, 36.06789159674962], [114.90850898415776, 36.050647658748225], [114.9208080385897, 36.087896790752154], [114.90665292012439, 36.13916929049442], [114.85241594307571, 36.14300441517053], [114.85180069531103, 36.12608177342097], [114.76540854986007, 36.12304514476415], [114.72844443401458, 36.15398159844691], [114.71429464101948, 36.13852551067652], [114.634383518231, 36.13576092744775], [114.58267955004088, 36.11693819467542], [114.58082770291988, 36.13966282057339], [114.5271175227451, 36.17002740203829], [114.47393920681547, 36.17615663802342], [114.45971825447234, 36.19592630691494], [114.41093623805075, 36.20405713790736], [114.40168538977554, 36.222888076709495], [114.34996812411671, 36.22872312168848], [114.33889533049265, 36.25384597801069], [114.29277691686445, 36.24427650219201], [114.25153118207172, 36.26217797128132], [114.23489104662463, 36.249628960854714], [114.20403709365095, 36.271321811971404], [114.196630754108, 36.24380056751347], [114.16389010913963, 36.24422551062898], [114.16944803285186, 36.26306020278581], [114.12250267046255, 36.278425347230794], [114.0737909971622, 36.26779825892072], [114.03687217017634, 36.30163018969176], [114.04978173158476, 36.327645234988836], [113.99632202889656, 36.33260748521605], [113.97544327512584, 36.31627486965446], [113.95639254664563, 36.3524871712934], [113.9047144651063, 36.31351298871041], [113.87572969727353, 36.35256086277342], [113.84300856479888, 36.34625217221844], [113.85042220526236, 36.32794356742624], [113.80656001879319, 36.33075868824685], [113.74853790040012, 36.364438297683165], [113.72450870884546, 36.36155397177255], [113.72944056890624, 36.322983722630646], [113.70543417134954, 36.30178635360939], [113.70974689157482, 36.26076873086177], [113.67530700551183, 36.21495951260115], [113.69130010417047, 36.180150746250206], [113.64456923458073, 36.17298976090472], [113.69930015099327, 36.147275562480694], [113.70606983201593, 36.127928659183425], [113.64887971721673, 36.123677753924355], [113.6648663996912, 36.11397666448099], [113.679015210663, 36.054443354640505], [113.6538085738839, 36.033193565070405], [113.68824262222321, 36.025382264455786], [113.6722590662749, 35.98424775347023], [113.64212988276499, 35.99253905847613], [113.64767197255752, 35.930020862549725], [113.63107302347238, 35.868460469146854], [113.6544460710997, 35.83542557711747], [113.57626866613964, 35.816562996404755], [113.59845909543989, 35.79617608000477], [113.58121025950874, 35.73497255962589], [113.58614737553513, 35.6902586724291], [113.61632842197393, 35.67322864724002], [113.61879517193543, 35.63091015954911], [113.57197166836595, 35.63189157575343], [113.54110326347488, 35.65519412690154], [113.55160671568505, 35.62018822781069], [113.50711832200211, 35.571897244018366], [113.49228194236012, 35.530462446946586], [113.4323418215796, 35.505468841437605], [113.38487463917782, 35.50495464877188], [113.3412087166859, 35.46650944579846], [113.30556413851114, 35.47924932535903], [113.2975809182182, 35.42515018713665], [113.2366679435577, 35.44763116585523], [113.1830183224357, 35.44708461360537], [113.1787022990877, 35.407577905649525], [113.15833390533722, 35.4109542283805], [113.14229575427002, 35.34896135891168], [113.11947415301734, 35.33037977803322], [112.98976898510075, 35.3603378455502], [112.97934242316606, 35.33791692648328], [112.9854817440273, 35.294442583390364], [112.92961880229703, 35.28285698059802], [112.92777714115533, 35.26136447939002], [112.87792673456433, 35.24232597518775], [112.81562125838381, 35.2564031593304], [112.766279685407, 35.2059892417838], [112.71394914475312, 35.204530418887956], [112.62175937342653, 35.26186686671911], [112.63098563716636, 35.22422502396468], [112.50706435271974, 35.21678270533158], [112.38422391465747, 35.237092315686176], [112.3608463398126, 35.218052255178605], [112.28154777907966, 35.21818942666657], [112.29814626946457, 35.24993097782486], [112.23599222092723, 35.232879583771535], [112.2107098615011, 35.25143199627779], [112.05222260850398, 35.27817558546994], [112.07191195080179, 35.21755608338759], [112.03318273757132, 35.192198399592], [112.05961511285825, 35.151552081677565], [112.05532201073514, 35.054146301909256], [112.03258485415199, 35.04390706924773], [112.01231852206614, 35.066982024509336], [111.97119224701518, 35.065635693842545], [111.92695409190661, 35.08189384456051], [111.80363292847733, 35.06073822055711], [111.80055047419755, 35.03134202760097], [111.65773280861283, 34.98288163683468], [111.67555458290215, 34.94950492345912], [111.64053221776368, 34.9373087072724], [111.56421983687525, 34.84163286648866], [111.5376862084479, 34.85189948941914], [111.49630002660108, 34.82821356166496], [111.43269127327362, 34.83640292517365], [111.38279860816489, 34.81329066577238], [111.33915999389286, 34.8300477728163], [111.28573101248209, 34.80509027626096], [111.24883963783088, 34.81789713809799], [111.226681033178, 34.78791985395404], [111.14221118193083, 34.80597217120931], [111.11201577768776, 34.75481876655486], [111.02903716466564, 34.739161755452095], [110.97017553549442, 34.70490410538099], [110.91430734645859, 34.7286247390981], [110.89770813735109, 34.66762039604049], [110.87801102942942, 34.64250669043507], [110.81883008298793, 34.614346687653445], [110.7861437725802, 34.64827120211577], [110.7436428023769, 34.65070306696307], [110.70429522061143, 34.603454112409686], [110.6053884973282, 34.60607291610637], [110.52772682127375, 34.58184609587965], [110.4826277085783, 34.60930810120448], [110.41904994891385, 34.58650799885583], [110.37348514227311, 34.59882704837147], [110.36119137646322, 34.56483863257058], [110.39872114413865, 34.55594052655749], [110.36672638553435, 34.54264880541709], [110.35504862196544, 34.51504902799711], [110.3975015138535, 34.43161469422746], [110.46782168298272, 34.391715253510746], [110.49809952932955, 34.33546319605512], [110.4462196936576, 34.29081578248993], [110.42277826144502, 34.286325254346764], [110.43388381377841, 34.241310893006116], [110.54627957275035, 34.21139898918172], [110.55245153360354, 34.19160131922125], [110.61649752674144, 34.175772222911064], [110.63677919046208, 34.15939615527465], [110.6085088183777, 34.11184722313239], [110.58635733169127, 34.09995318442798], [110.5820533634329, 34.021569160380544], [110.61528077529496, 34.03396762680236], [110.66566268902271, 33.96438409806453], [110.66013811143429, 33.93608028704931], [110.62205264993008, 33.92372202510381], [110.62328345493283, 33.90831521619562], [110.58206565278627, 33.88596680548412], [110.60668824771444, 33.85066373320532], [110.65707618468953, 33.85109055891684], [110.70682664997418, 33.83160593120561], [110.73572611962528, 33.796756961852175], [110.77636430250087, 33.79428500137435], [110.8263170945671, 33.7117284583269], [110.8183018587159, 33.68381928704246], [110.87317825156738, 33.63257811351859], [110.96108206325819, 33.6070732609304], [110.99787768628356, 33.57654717348332], [110.99665545362609, 33.53364976924265], [111.02057728388773, 33.465697613862694], [110.9905341851793, 33.433826348878284], [111.01997285890906, 33.37328449018126], [111.01997721321396, 33.328294296518166], [110.97890116870354, 33.25338912044993], [111.04084980484576, 33.200658418615625], [111.03962538180843, 33.16761194542863], [111.08263046032852, 33.179572216644985], [111.12203660506378, 33.153042895708246], [111.13991573898844, 33.1215056128645], [111.17322039889761, 33.11304680154974], [111.18679211803853, 33.069463158076665], [111.14670659645076, 33.037297930511905], [111.21576797269387, 33.04041991613992], [111.25271417986394, 33.00431540623396], [111.2674774494116, 32.96968134557803], [111.23671986888243, 32.928525246052914], [111.24903410735946, 32.88181399700448], [111.2699435377772, 32.90139378429486], [111.28715609138354, 32.85715915007269], [111.37377989844798, 32.82685701913646], [111.40701981285535, 32.754930182301194], [111.46932706644247, 32.75805720519593], [111.4520402331167, 32.7242979472051], [111.50702359712731, 32.672089732271715], [111.52432466626419, 32.62629427774278], [111.57184283513354, 32.591603843475085], [111.63461771713878, 32.63290329385607], [111.64015301387666, 32.60416925592971], [111.70714294039003, 32.60455499883054], [111.80265816506551, 32.53500023369003], [111.8520417554173, 32.52701613342173], [111.88411671528185, 32.50131573426233], [111.94258369181507, 32.51539859398011], [111.96961548864321, 32.469907619814904], [112.00829259664313, 32.4480793084029], [112.05743773186148, 32.47219865016274], [112.07466960773739, 32.423699691994294], [112.1492797865692, 32.37524612892125], [112.14372095059184, 32.40959789410058], [112.16656687512247, 32.38336379592756], [112.19989995944081, 32.39100088343254], [112.32180679436925, 32.319657099748895], [112.35376681880557, 32.36358853388256], [112.38452696591376, 32.36911601532451], [112.44248210926288, 32.34084983478445], [112.47089177380882, 32.37883172500435], [112.52465752023642, 32.37494363829339], [112.53947846540278, 32.40226779001901], [112.58327493923221, 32.37958559213245], [112.60605617869588, 32.38514137456898], [112.63926644822742, 32.366400999985636], [112.71055448014516, 32.355662026008865]]]}}, {"type": "Feature", "properties": {"adcode": 410000, "name": "河南省", "count": 7}, "geometry": {"type": "Polygon", "coordinates": [[[113.76192832241684, 32.282284700976014], [113.76254350697609, 32.29948699704715], [113.74281536197772, 32.270641328001155], [113.76192832241684, 32.282284700976014]]]}}, {"type": "Feature", "properties": {"adcode": 420000, "name": "湖北省", "count": 12}, "geometry": {"type": "Polygon", "coordinates": [[[111.03962538180843, 33.16761194542863], [111.02796598193589, 33.17565342680197], [111.04084980484576, 33.200658418615625], [110.97890116870354, 33.25338912044993], [110.9549796768393, 33.25195283148082], [110.91629584818926, 33.20196787843737], [110.8596608530495, 33.2119633575249], [110.82328030846638, 33.19938629924444], [110.81896743597824, 33.15631135241522], [110.74747807738449, 33.14821083932054], [110.69706407690339, 33.095137234113636], [110.6454699809864, 33.15535867385892], [110.6184341132813, 33.141873018439604], [110.58890290439157, 33.16643161391362], [110.57226570636973, 33.24852608972547], [110.535875005323, 33.25347070943929], [110.46546432857767, 33.169171331651555], [110.36685375180637, 33.18411479286827], [110.33243931658892, 33.158127759154894], [110.2802029966576, 33.169237450016105], [110.21308326535572, 33.161229941381364], [110.15939306867352, 33.2072117624106], [110.025761546983, 33.18970893482829], [109.99384095285245, 33.21032949681628], [109.9680615056334, 33.20189533348019], [109.84678910036634, 33.24600522353789], [109.72714740227683, 33.22936091585011], [109.6877885153196, 33.252432998221614], [109.64477349544883, 33.249510856113496], [109.61464443365179, 33.27356832718921], [109.60172633840747, 33.23404725814469], [109.50919323170402, 33.23591142181244], [109.49312910087455, 33.20533006221788], [109.43323133711824, 33.1500947773841], [109.51723365246382, 33.136788252874716], [109.5709364607389, 33.108333130967225], [109.6828844221729, 33.11473482133577], [109.78940291111064, 33.06507941683027], [109.75919984365515, 32.90747813646521], [109.78448382380148, 32.88037601836308], [109.84249974804554, 32.89152868918136], [109.8517554046613, 32.90862215861933], [109.90230843126815, 32.90212958262733], [109.92200394099022, 32.88553811490068], [109.98343570057985, 32.88439457369532], [110.09959271189676, 32.83040128503078], [110.13659376687093, 32.800772358627874], [110.12179009022401, 32.77560535107766], [110.15387664725827, 32.7650903479923], [110.151414934696, 32.68102898071054], [110.20079439220429, 32.631246246132], [110.14833753594846, 32.59133798281266], [110.11872155285475, 32.61448227498872], [110.08483057891321, 32.6149740556006], [110.07867843471284, 32.57868292551521], [110.0123117104737, 32.54502523598634], [109.96566010264611, 32.575925952374156], [109.90541339706525, 32.59115183599761], [109.81166251784362, 32.57541468927762], [109.72166374590022, 32.60660917548501], [109.62638694368711, 32.59819586310965], [109.61470390214306, 32.5659415200725], [109.63192596341402, 32.53918984159171], [109.57037027837599, 32.50490165475663], [109.52161710910963, 32.43160123292231], [109.52470827421546, 32.403825463840946], [109.49752498112333, 32.38707325251059], [109.50803337836749, 32.34059803878166], [109.49011758700155, 32.298567315832564], [109.5234839919459, 32.26830588054988], [109.54510010830633, 32.22330618329727], [109.58764831798995, 32.217784209041874], [109.59935003942022, 32.1975276197742], [109.58210900343568, 32.159532267721175], [109.61658736780717, 32.10478372454372], [109.5858140827077, 32.04596485514576], [109.58581691108373, 32.01095270894873], [109.6264392455679, 31.960672687254686], [109.61537137848254, 31.926658115603352], [109.5796650982652, 31.898723665438823], [109.5987597177942, 31.883990479445597], [109.62891176964723, 31.802621759338074], [109.58706701307055, 31.787388361075855], [109.58091155576905, 31.724799956419783], [109.61723438258163, 31.71002850162737], [109.6780848490941, 31.71807204024423], [109.72604657474804, 31.698659758367572], [109.73220773678722, 31.626847400480564], [109.7593100371818, 31.600861862849708], [109.74021357271437, 31.59627293426426], [109.72236769216268, 31.546329093471524], [109.83273475669753, 31.553567174201195], [109.88948635647425, 31.517434488508666], [109.96452044086823, 31.507136365540376], [109.93995108881245, 31.468934045723437], [109.98232647488179, 31.472908426790543], [110.04864374754226, 31.408934173954414], [110.11327568267842, 31.407877390557985], [110.15647019354344, 31.312433664513794], [110.15030043199101, 31.27767144291246], [110.17499829350876, 31.177999416518674], [110.19474826198825, 31.157054897956037], [110.17500304694202, 31.12017009265532], [110.14167417298486, 31.114990978112807], [110.11453571400502, 31.086795089152446], [110.11515700488145, 31.030450627604235], [110.13489423709382, 31.028936714542972], [110.13551487906021, 30.98537545957895], [110.16760822653643, 30.977229559097808], [110.14847663968706, 30.952070811622416], [110.14662845589868, 30.910008032120547], [110.07698347629966, 30.79805319818832], [110.04316307348698, 30.79912965236688], [110.0142968060615, 30.827963845508926], [110.0032432038886, 30.881896703094192], [109.93876858083921, 30.877451126125077], [109.88953513456632, 30.898529342223107], [109.77539940571556, 30.847041765920544], [109.6517377811165, 30.75932017429149], [109.65604064948458, 30.737726248122854], [109.62038921479183, 30.701795115806068], [109.58592060261569, 30.692553780723543], [109.56928479071323, 30.645732090851727], [109.53843578499968, 30.638477131808], [109.53040686175285, 30.663668698174163], [109.43036162967555, 30.594448419074357], [109.34973785312535, 30.485768419102826], [109.33191832567303, 30.52033091759914], [109.35587882054207, 30.54965512146678], [109.2944363100125, 30.6290569230046], [109.24031659350588, 30.579681359277398], [109.13858647776429, 30.519787280679218], [109.0874462744462, 30.577441226998772], [109.10652648604089, 30.644875230959922], [109.06591567278068, 30.63871443118316], [109.03765843942863, 30.65420159896204], [109.00145943557337, 30.625485302647537], [108.96710576690784, 30.62661667682599], [108.88905292805147, 30.564424809075884], [108.83419071716345, 30.502016900082353], [108.80396239863339, 30.49010696330538], [108.78484230280532, 30.51223894515374], [108.73925567372558, 30.493659430436146], [108.69435975737471, 30.54368845312231], [108.68391075048817, 30.586453072654464], [108.63844532320448, 30.577783036583256], [108.64520788300872, 30.538112272365364], [108.56335183425195, 30.46753568585569], [108.55162877511444, 30.48659295308689], [108.50839611293914, 30.500403202213178], [108.46823018995991, 30.485853891886798], [108.42193129949325, 30.490917247049328], [108.40652312486122, 30.437281810344377], [108.42563677166251, 30.415116850283272], [108.39728654292277, 30.375365136943206], [108.4262581836989, 30.35318698294871], [108.45588502513112, 30.358404318590697], [108.49666772009915, 30.313593149859067], [108.51953162357472, 30.308493823806927], [108.54053342929902, 30.26876506520893], [108.57754692289623, 30.254865562863518], [108.54733179969163, 30.16277928512262], [108.56337340442052, 30.15659734658105], [108.50904542986801, 30.056562008253017], [108.52758003449986, 30.050915540652486], [108.53190857924649, 29.982528166603803], [108.51337942246593, 29.938407958217883], [108.51152931377202, 29.88445559171014], [108.46333316689514, 29.86304151603164], [108.4287601738933, 29.87905781484308], [108.36654986486425, 29.840133363030724], [108.41951343912217, 29.814685385609383], [108.41766655579133, 29.77158098891115], [108.43802280943339, 29.777321527969175], [108.43247218561527, 29.73990905646947], [108.45592926991478, 29.73995531357906], [108.49980052221203, 29.70682018424169], [108.500417118603, 29.727609419941004], [108.54427368011815, 29.748508858358324], [108.52080479961643, 29.769750802293586], [108.59666890715495, 29.862796550267316], [108.65447244743416, 29.853906185297028], [108.67597948247021, 29.799354418920394], [108.67229642707595, 29.748458959152195], [108.68643211457301, 29.688670047899425], [108.74793432964049, 29.648056425724533], [108.78181798978095, 29.69071166717442], [108.79291938785872, 29.659014092624375], [108.77689072182741, 29.634552385355313], [108.83980292132786, 29.65753797265942], [108.88357512803428, 29.627950917254022], [108.86570715559716, 29.59568383306903], [108.89650873625143, 29.60402778002942], [108.90881910263978, 29.57384777973216], [108.87372340536375, 29.538449061497197], [108.8841998757832, 29.501493987707683], [108.86201758753066, 29.46970570850953], [108.87989247292039, 29.440031861162947], [108.92297265123202, 29.434812968369034], [108.92973697688929, 29.398849599094913], [108.91498689267965, 29.32535668089592], [108.97885664754689, 29.332005621340613], [108.99480364191706, 29.362720094672664], [109.02977550404992, 29.35949121963358], [109.0555619450069, 29.40217804850418], [109.10724008326986, 29.359929421697103], [109.10170289241574, 29.287435068798725], [109.13683066125093, 29.269209461588364], [109.10540273872424, 29.215419497679285], [109.13437238361847, 29.16793338625785], [109.1578075582607, 29.179984926533784], [109.21085161190352, 29.144557590044684], [109.22749152693608, 29.118450427019326], [109.26934583933493, 29.121056739961826], [109.25642589200292, 29.160246256750096], [109.27057004544422, 29.20148935753037], [109.25272900295634, 29.221861272587173], [109.34737294357575, 29.28382197104166], [109.33876390740457, 29.368322280068345], [109.38610229469442, 29.370867964308882], [109.36334253680413, 29.412584932467027], [109.41318953245712, 29.45216460921825], [109.4107212677495, 29.496432618975486], [109.43106468228548, 29.487600874473447], [109.42859531795357, 29.529771111295787], [109.4532776775037, 29.51211657233677], [109.46191828864582, 29.558986164927703], [109.48353852001284, 29.55227994688946], [109.51133617691978, 29.62520308052441], [109.55394290484135, 29.60605849610129], [109.57367574466662, 29.62897087339695], [109.64690673919849, 29.624762495274872], [109.6598147454193, 29.598729196480697], [109.71267675355604, 29.614245853861473], [109.6960720542704, 29.635073871248146], [109.70959684907932, 29.67249374374064], [109.75514715086499, 29.688067451280634], [109.75021545673046, 29.732242297990165], [109.77425175934961, 29.75667544422208], [109.8649610877704, 29.773963957287762], [109.90317302009957, 29.76307422826713], [109.93639504580295, 29.77342894590908], [110.01867742691687, 29.768531253337706], [110.10847647986392, 29.788675730480026], [110.15536130343754, 29.752379249404118], [110.21459879618591, 29.74572217029448], [110.28479427369676, 29.69530090101977], [110.29709197893979, 29.660450461814378], [110.33396069557185, 29.66714160883108], [110.36715506064064, 29.632247999009373], [110.44168509435306, 29.663474370860165], [110.4620517066819, 29.71186311706304], [110.50220337938863, 29.691188249829224], [110.55776075136254, 29.711593498725502], [110.63776373286554, 29.774965187838703], [110.59533254470534, 29.83887245129273], [110.54479693865655, 29.847128369487574], [110.5336838915663, 29.894844512768675], [110.49353768346822, 29.911333725839754], [110.51206581575676, 29.960135707829355], [110.55218918294634, 29.98718881369545], [110.48611528367591, 30.018628771967947], [110.49229075267395, 30.054393497612118], [110.59593151602456, 30.053547503321738], [110.64572743841438, 30.076799948098884], [110.70715597075773, 30.032146351305308], [110.75082194521238, 30.053359470467697], [110.74158508826277, 30.111871386840726], [110.8457456749472, 30.12546384891443], [110.91902069312958, 30.110488039519467], [110.92455531126316, 30.062326852788672], [111.23636703404313, 30.039359419690854], [111.32550588595107, 29.969296510211365], [111.33656408649449, 29.94335047724755], [111.37651042950033, 29.948997438472638], [111.38820122126282, 29.91164984905849], [111.43070599833318, 29.928790873225097], [111.46959159192735, 29.917465874001124], [111.52148271311735, 29.924877939583517], [111.54803359082672, 29.893296727794073], [111.6994005959288, 29.8890355218139], [111.75171026083505, 29.919087775127007], [111.80475169444105, 29.8999549716754], [111.85536927179444, 29.8559383369784], [111.96003112668153, 29.831485400294902], [111.94897597601674, 29.795685708220116], [112.06999875243879, 29.742402023263814], [112.0595458770194, 29.680050203953805], [112.08354697286377, 29.684186248394294], [112.10511381196375, 29.65819329393319], [112.17237660085726, 29.65569163095015], [112.19645256765914, 29.6328513836862], [112.23838532857178, 29.658370875012782], [112.22791172633166, 29.61520220602098], [112.29747277502848, 29.584462095701074], [112.27533660758388, 29.53557397415753], [112.28518016020507, 29.516300105175347], [112.32698175821542, 29.543815776504513], [112.36264041285037, 29.540111740102443], [112.41867491515028, 29.5973418292881], [112.43347621296455, 29.632731718630517], [112.49339427597134, 29.628201988795496], [112.5360271272203, 29.600229595430896], [112.56626338539056, 29.623170488069658], [112.6345993563564, 29.60702423630471], [112.64504993170985, 29.59139952160971], [112.68806309123708, 29.600684003592214], [112.7083447812503, 29.64746338349601], [112.7274141393171, 29.644325476681296], [112.78285364442287, 29.680221973121565], [112.78778318998987, 29.734800284769292], [112.85564586161614, 29.782190599972957], [112.89632029360325, 29.790531254740788], [112.92339451485344, 29.77285560234481], [112.92094172776133, 29.69127926565843], [112.93876896534006, 29.681895694676268], [112.96885393500317, 29.731718085194142], [113.01978463125286, 29.77156967850649], [112.99892632892288, 29.692650523555802], [112.90618533675531, 29.60600986908501], [112.94431585622416, 29.47218647751079], [113.02840114041389, 29.522460913301927], [113.05112733877277, 29.521368984372142], [113.0720387376763, 29.43697166988574], [113.09357792780388, 29.45832156037736], [113.13919626539708, 29.447945356745326], [113.37132265861524, 29.70183949709569], [113.56576285741383, 29.848128644797843], [113.56946835332586, 29.808159195071795], [113.54478216517819, 29.767093453116903], [113.55281263902633, 29.72606476695345], [113.53428746536187, 29.69848278471461], [113.54108430705973, 29.674585659753745], [113.60030113582691, 29.665802204128685], [113.65752315812568, 29.68340343853375], [113.67474410155349, 29.642294526974418], [113.69811709064412, 29.633413371637204], [113.73259353331447, 29.578235016808854], [113.70427634485917, 29.554323951480782], [113.6249378687119, 29.52218804799437], [113.67168157209457, 29.512735872498563], [113.74924391992128, 29.445468412737824], [113.72521942442829, 29.392846423387162], [113.66861768230068, 29.387197862438402], [113.65509395661854, 29.33248192542146], [113.62618659569115, 29.315319030168467], [113.60403189873533, 29.250647676594618], [113.64587885506225, 29.225022143467534], [113.68708064548451, 29.22546674651952], [113.68585303082965, 29.195711840107975], [113.65695314700753, 29.1686122495791], [113.69016924000017, 29.076592708123727], [113.71662517382502, 29.1037332845266], [113.74372980761221, 29.05981362131571], [113.76962634008169, 29.094323976413385], [113.81037153763575, 29.104311682221297], [113.84681620183969, 29.057858272140873], [113.87644457540935, 29.06469244850086], [113.87089416677661, 29.03749922630825], [113.89248315544378, 29.028622311029654], [113.93620471291047, 29.04636544380524], [113.9466564400191, 29.091823914757246], [114.0289877698501, 29.151156688255703], [114.05727147136624, 29.203840524268454], [114.24667381674593, 29.233749398358142], [114.25344212503815, 29.342780336423083], [114.30145022099994, 29.364101243512895], [114.33589224611994, 29.326494151126496], [114.37034407972695, 29.32174794631292], [114.43444859887668, 29.340538699637843], [114.46039320930109, 29.322863169895587], [114.514174811435, 29.32458173428666], [114.66760222034281, 29.394994679738694], [114.73525525327598, 29.3855205465087], [114.75435094604468, 29.362062802130332], [114.77900745610968, 29.385018785615266], [114.80677245605285, 29.3824540993514], [114.86107529745163, 29.403396021773762], [114.8900496507052, 29.396644718514814], [114.92574533366744, 29.42163964024143], [114.94172318154854, 29.464332842372116], [114.93065927707325, 29.485705738103682], [114.89989772946204, 29.47219066542305], [114.91282482184658, 29.453433641033968], [114.88326817211075, 29.43520317723938], [114.8549011645833, 29.475282614238683], [114.89558391571656, 29.504998848067917], [114.93496105984043, 29.492989310400045], [114.96137342875329, 29.52104747327481], [114.9423312206582, 29.54191347546614], [114.99512820227984, 29.570915177939003], [115.02766169461037, 29.545319630228725], [115.08175280493485, 29.558763449836515], [115.08052475884996, 29.52441091096244], [115.14832850507472, 29.50884482251453], [115.1514077780543, 29.58328030510658], [115.1143960370775, 29.596235125604704], [115.13782736677312, 29.644637102027552], [115.11192598899135, 29.65448603649348], [115.10760868059789, 29.683598092166076], [115.17115050756732, 29.65353686938961], [115.24514900384479, 29.658819079478043], [115.2802298037064, 29.617191015850914], [115.29928783201885, 29.635885259773566], [115.3496855929597, 29.648273955282498], [115.46492755993697, 29.738252829734733], [115.47357231073288, 29.809954677708923], [115.50632981729692, 29.839124124243114], [115.66226999913272, 29.849048266509747], [115.70100941719677, 29.836521623189874], [115.83173309957873, 29.747273582975495], [115.90452974649857, 29.722923365319144], [115.96050518313861, 29.72335594493069], [116.04403985786246, 29.76053012634892], [116.12965527184446, 29.81815019554233], [116.12286099628923, 29.896509230565037], [116.06800829276689, 29.968590912744318], [116.08585825956428, 30.034913251766973], [116.07292452354736, 30.06082163093581], [116.08277175382757, 30.108969636562314], [116.05015066519678, 30.179383637307993], [116.05998892919854, 30.20315897720967], [115.99239739986422, 30.251408849961923], [115.98011222463595, 30.289685974305733], [115.89770226094222, 30.312559388960768], [115.91001995197351, 30.336827718716375], [115.8798199999253, 30.378641611721935], [115.9161696334884, 30.415275494793484], [115.88967865547482, 30.451389238829186], [115.90507794664951, 30.5178868626649], [115.8822727985894, 30.541584315571175], [115.87116719361099, 30.58123357823633], [115.84339150466221, 30.60075947166193], [115.8137513506445, 30.596586754863985], [115.80818983952979, 30.635694476477546], [115.75696859927632, 30.68399027669625], [115.77731573639895, 30.750327674455214], [115.845846774809, 30.75558186541506], [115.85818801191192, 30.81416617325903], [115.84337155985563, 30.826980796739313], [115.86003545643877, 30.862944040896647], [115.92720585563181, 30.888095410982434], [115.97084339273023, 30.93006833704676], [116.03409947201746, 30.956040100658946], [116.0660740726557, 30.954955951144342], [116.0531504371187, 31.010851383978437], [116.00952336250924, 31.009933305724775], [116.0009243629246, 31.033018571972235], [115.93334396610074, 31.04549061163281], [115.93457196815035, 31.07007590206659], [115.88222308577389, 31.107485809270756], [115.8618619790045, 31.14585741814131], [115.83223013213205, 31.12533613725337], [115.79209389314993, 31.126288980673934], [115.77296502125475, 31.110394458873273], [115.69535205331229, 31.199465102930635], [115.64985485485111, 31.209267789992367], [115.5981752435353, 31.171985114236875], [115.58030900815437, 31.142302425061573], [115.53463567168006, 31.192889843507004], [115.53401447158926, 31.230224496883487], [115.50187474775728, 31.26592534310211], [115.46726126073689, 31.26326949940646], [115.43760729818857, 31.342406147074417], [115.40122200226733, 31.335729555212364], [115.36613389538968, 31.346985383685425], [115.38705237601577, 31.38782367694181], [115.36797303304377, 31.403666109636184], [115.33293014133218, 31.402189312990657], [115.29544300044746, 31.38183613714669], [115.24499418037807, 31.390053564169868], [115.24683805917444, 31.419662746419114], [115.20554277646976, 31.440052756323453], [115.21232066447334, 31.513014484008416], [115.2301937264604, 31.55331181587774], [115.20676591632966, 31.553290702916247], [115.15862985760258, 31.602648812324478], [115.11914584460908, 31.596982542462293], [115.10065876333067, 31.56536949210974], [115.10867265222052, 31.52815594238225], [115.09019373461395, 31.506221819557094], [115.01704768498578, 31.525720143863797], [114.98943748114921, 31.469185719060544], [114.95690360429657, 31.492745075265734], [114.87877983739182, 31.467311127830385], [114.86459764274966, 31.47750100013731], [114.82449096828272, 31.45702758381329], [114.78375916254626, 31.478387215581662], [114.7732705428814, 31.518669819758713], [114.69077511699501, 31.523806235317572], [114.63606319345703, 31.580494825818587], [114.61145608089555, 31.583582930506093], [114.5670951718632, 31.55197386089774], [114.55537004794482, 31.559094643564162], [114.5423988936513, 31.62175550798639], [114.5658516345888, 31.658979424965132], [114.58064332870678, 31.760293629682344], [114.54423890125533, 31.76482527653808], [114.52508828994117, 31.740865226551673], [114.43793851034489, 31.72587366787462], [114.34428307204276, 31.753368349586985], [114.28708841930492, 31.750417931708807], [114.22979693074956, 31.831325012887564], [114.18597111875313, 31.85008311278257], [114.12791325984331, 31.840832544150466], [114.11557172531714, 31.807258531506776], [114.08042879151245, 31.779783302579265], [114.0115443178807, 31.76872340483923], [113.9826764464341, 31.74794899744222], [113.94641548857298, 31.791798229279962], [113.95194366397641, 31.850772671897], [113.90886832189625, 31.875235927598887], [113.88791618958989, 31.845248639380426], [113.84841913408603, 31.84114070010651], [113.82494405542666, 31.877188343413874], [113.82617584589744, 31.916823959522638], [113.79961458024454, 31.92744359003768], [113.8113466201711, 31.962506241963787], [113.75147378126124, 31.987820342024985], [113.78540185149161, 32.03403241975521], [113.72250583692279, 32.081186154290116], [113.71634564848772, 32.12225968871533], [113.74406354148636, 32.11413407520038], [113.77612844958635, 32.182563074820806], [113.746519378606, 32.21394590902907], [113.73234257371574, 32.25394290707977], [113.76254350697609, 32.29948699704715], [113.74774120067389, 32.32628808702076], [113.7613029362051, 32.36825678956164], [113.72924813770227, 32.408683120114496], [113.69416408422657, 32.418827752655005], [113.64435478292712, 32.41083589518428], [113.6185222894898, 32.3593261902895], [113.42220550508635, 32.268456485757206], [113.36984010196143, 32.296284087033214], [113.34708623084143, 32.29277451392385], [113.31143655300261, 32.325213309922326], [113.32741356984438, 32.33428487836598], [113.20555327048079, 32.42988398515159], [113.15248768114905, 32.408576012949524], [113.14940484625446, 32.37875711695942], [113.11239775123082, 32.37365230720652], [113.10130308958453, 32.396387149163296], [113.07236900457244, 32.39235097388823], [113.01953184650533, 32.42327240888165], [112.99437438325972, 32.414759337985934], [112.98578879442545, 32.376382400981534], [112.90593130257315, 32.38917839709225], [112.88253305390697, 32.375026508973875], [112.85478939093599, 32.39420161986975], [112.77027386217017, 32.35666423302077], [112.72962372393876, 32.354128046750034], [112.63926644822742, 32.366400999985636], [112.60605617869588, 32.38514137456898], [112.58327493923221, 32.37958559213245], [112.53947846540278, 32.40226779001901], [112.52465752023642, 32.37494363829339], [112.47089177380882, 32.37883172500435], [112.44248210926288, 32.34084983478445], [112.38452696591376, 32.36911601532451], [112.35376681880557, 32.36358853388256], [112.32180679436925, 32.319657099748895], [112.19989995944081, 32.39100088343254], [112.16656687512247, 32.38336379592756], [112.14372095059184, 32.40959789410058], [112.1492797865692, 32.37524612892125], [112.07466960773739, 32.423699691994294], [112.05743773186148, 32.47219865016274], [112.00829259664313, 32.4480793084029], [111.96961548864321, 32.469907619814904], [111.94258369181507, 32.51539859398011], [111.88411671528185, 32.50131573426233], [111.8520417554173, 32.52701613342173], [111.80265816506551, 32.53500023369003], [111.70714294039003, 32.60455499883054], [111.64015301387666, 32.60416925592971], [111.63461771713878, 32.63290329385607], [111.57184283513354, 32.591603843475085], [111.52432466626419, 32.62629427774278], [111.50702359712731, 32.672089732271715], [111.4520402331167, 32.7242979472051], [111.46932706644247, 32.75805720519593], [111.40701981285535, 32.754930182301194], [111.37377989844798, 32.82685701913646], [111.28715609138354, 32.85715915007269], [111.2699435377772, 32.90139378429486], [111.24903410735946, 32.88181399700448], [111.23671986888243, 32.928525246052914], [111.2674774494116, 32.96968134557803], [111.25271417986394, 33.00431540623396], [111.21576797269387, 33.04041991613992], [111.14670659645076, 33.037297930511905], [111.18679211803853, 33.069463158076665], [111.17322039889761, 33.11304680154974], [111.13991573898844, 33.1215056128645], [111.12203660506378, 33.153042895708246], [111.08263046032852, 33.179572216644985], [111.03962538180843, 33.16761194542863]]]}}, {"type": "Feature", "properties": {"adcode": 420000, "name": "湖北省", "count": 12}, "geometry": {"type": "Polygon", "coordinates": [[[111.04084980484576, 33.200658418615625], [111.02796598193589, 33.17565342680197], [111.03962538180843, 33.16761194542863], [111.04084980484576, 33.200658418615625]]]}}, {"type": "Feature", "properties": {"adcode": 420000, "name": "湖北省", "count": 12}, "geometry": {"type": "Polygon", "coordinates": [[[112.89632029360325, 29.790531254740788], [112.88831517769083, 29.782739755238463], [112.91786100415389, 29.765589483465842], [112.92339451485344, 29.77285560234481], [112.89632029360325, 29.790531254740788]]]}}, {"type": "Feature", "properties": {"adcode": 430000, "name": "湖南省", "count": 9}, "geometry": {"type": "Polygon", "coordinates": [[[112.01876726954144, 24.741278028513257], [112.02797852996494, 24.77220006628768], [112.11845194545587, 24.842128791105754], [112.1437486150447, 24.83782349473267], [112.16164757610515, 24.860640198198553], [112.16966864014414, 24.928438012285174], [112.11412565466634, 24.96412586307714], [112.11597393895194, 24.990137468295206], [112.14990667083983, 25.027025420437287], [112.14620171108486, 25.05626532376628], [112.17150673756532, 25.107206509217164], [112.18137788405946, 25.182988019949075], [112.24120470122884, 25.185757751569906], [112.250447234188, 25.159786627018793], [112.29721124140225, 25.157573349034614], [112.31012106522682, 25.17594673814984], [112.35930271369584, 25.192089762589454], [112.40917276763676, 25.142826554388826], [112.4375397706296, 25.186147901348857], [112.45235850042596, 25.152631899536868], [112.55736244293364, 25.125303240835358], [112.6226508013607, 25.141547455387812], [112.6546187094006, 25.133378365303884], [112.70686507902022, 25.084026344114832], [112.70932821221368, 25.026619073929126], [112.73640170726634, 24.99951157521824], [112.73763583570552, 24.960495833898626], [112.77275016356471, 24.94858543055576], [112.7752200129819, 24.897627388711314], [112.86836428070883, 24.897776998880246], [112.89916732746052, 24.922733130856695], [112.93607377897547, 24.916734383515], [112.98887999381036, 24.927983681905616], [113.0042185611775, 24.978342778354023], [112.97352779025894, 25.03477811039971], [112.99868727891565, 25.08993707652087], [112.96246974819873, 25.142548875054555], [112.9686076623243, 25.16904678701691], [113.0287567958386, 25.198626621624168], [112.98701504601394, 25.247966086162762], [112.9526364947254, 25.255090271991445], [112.89237049495699, 25.238937101812326], [112.86155600840776, 25.250270059411676], [112.84921549401668, 25.338364767953163], [112.88558789448443, 25.340566333575236], [112.91883182364562, 25.297318434797006], [112.92928312696753, 25.326492955267963], [112.96429648081384, 25.35073609521325], [113.0072596137417, 25.352769916740133], [113.0723766823207, 25.382346965953005], [113.09083789159811, 25.412587609234656], [113.12534572674599, 25.41476955111118], [113.11239741581937, 25.445538551578117], [113.24314113659669, 25.514275173703275], [113.30527900062835, 25.49046097275065], [113.30835539387434, 25.44294301181518], [113.33601523958426, 25.44883082631221], [113.36737859410823, 25.402876935053868], [113.40124020526983, 25.401778827268743], [113.44380357797566, 25.35968976919203], [113.4740720411201, 25.37543289328547], [113.53031504329407, 25.369110500212773], [113.57352936544203, 25.3448701661744], [113.57908257303866, 25.307042027120563], [113.60619237898528, 25.32812072789723], [113.67447901104869, 25.335042467562918], [113.68124333826154, 25.352321174900545], [113.74772701465936, 25.363060140671298], [113.75882682475111, 25.33388487267639], [113.80943765291984, 25.32908600297657], [113.83414012575638, 25.363714684403554], [113.87179831939112, 25.381059351489263], [113.88166484914314, 25.43724081293099], [113.93956365960499, 25.442062815896303], [113.95738924506792, 25.528397700654793], [113.98074139337857, 25.529413344461524], [113.97766389358361, 25.599561800911456], [113.9518506657057, 25.612036651875318], [113.908151026356, 25.70160602733547], [113.91492389973803, 25.741482303896696], [113.95614225425471, 25.77751115520868], [113.96597205826876, 25.83619151849341], [114.02249247111276, 25.89309127904275], [114.02248574578125, 25.981329838890847], [114.00282143447943, 26.01580493971326], [114.03845992875439, 26.076452013280015], [114.08215662576339, 26.066178190377553], [114.11544966398185, 26.08553408098319], [114.10002790345105, 26.097345885669164], [114.18336984947193, 26.121106092228068], [114.23212412786927, 26.152318651770003], [114.21114557601368, 26.203311159368432], [114.17595181747652, 26.214529246407043], [114.09693881170425, 26.187581101768096], [114.08276486877914, 26.168252628941232], [114.0077229619496, 26.183968808006437], [113.95734285673616, 26.150822255712253], [113.94381377330082, 26.19273702264109], [113.96717243967434, 26.206100985167193], [113.97331552283242, 26.237751441396846], [114.02369311301683, 26.26604150249157], [114.01570303243373, 26.28859517162797], [114.04212945136933, 26.33732932991803], [114.0249138254311, 26.376503455577982], [114.05688741761809, 26.405907780629597], [114.07966582157943, 26.405882901517256], [114.08459099161584, 26.455699068115447], [114.10431501602123, 26.48247553760717], [114.06672894671065, 26.479810014645036], [114.10307466227422, 26.569176937797252], [114.01383638967334, 26.586956188036872], [113.99110301911074, 26.615369647893335], [113.90746651893939, 26.613939935278346], [113.8550365509526, 26.664163141477815], [113.84823696790978, 26.76939551844092], [113.83032468934145, 26.806200784455257], [113.92160521395988, 26.948687496770887], [113.88709994728787, 26.96469182712945], [113.8574787978614, 27.017953308552112], [113.81857117934035, 27.03599922186447], [113.7975683724666, 27.098801884473218], [113.76609118070341, 27.096101229300952], [113.77349112891123, 27.136564439100972], [113.84140907492379, 27.22180592841335], [113.86733350267086, 27.289373991935534], [113.84881257037634, 27.304762983494555], [113.86732901970568, 27.346240841691046], [113.86732599875803, 27.384492523668737], [113.72231412185364, 27.349804597821212], [113.69400548956592, 27.331242349429708], [113.65218488098202, 27.346730055798282], [113.610963852798, 27.345193999006224], [113.59987569480532, 27.388765019611785], [113.62634571674104, 27.40467655444352], [113.5918627789812, 27.42806693076025], [113.58569718992307, 27.467355688006162], [113.62141470136835, 27.49918572546462], [113.57767838576007, 27.524141285118336], [113.5733595145362, 27.54483157082234], [113.60293886628452, 27.584620167210396], [113.6017037103391, 27.62492347911344], [113.64662484475527, 27.663038379084814], [113.6908989100085, 27.71912831794888], [113.69335692258224, 27.740314571888607], [113.75739949721863, 27.79852630253246], [113.75061257822297, 27.859395992585835], [113.72227110380591, 27.874220357239018], [113.74629113132922, 27.93292815900639], [113.81725963099083, 27.981654150909215], [113.8394960322456, 27.971121886545806], [113.85863508257391, 28.004453359759857], [113.90859071490095, 27.990735453277857], [113.93075266935654, 28.018193891854267], [113.96088502308719, 28.017073140289025], [113.96457091318935, 28.0408404686102], [114.01986453512272, 28.030639405320308], [114.04137611597123, 28.056471983316605], [114.01924593035118, 28.079768447760273], [113.98667890707523, 28.16063704812571], [114.00633647613758, 28.174296599820035], [114.101710128037, 28.182061697929136], [114.10355853712888, 28.204218820151752], [114.13811532278389, 28.24591710788387], [114.17640808793739, 28.24915014779445], [114.19246142758936, 28.29029371712392], [114.24736619243484, 28.318793714297453], [114.24674363733455, 28.395157798949466], [114.20912146259276, 28.402505706795345], [114.16651016889914, 28.43190866842716], [114.21158420842548, 28.46565391235165], [114.21281708670828, 28.484064704504227], [114.14859189715614, 28.506570859947054], [114.13253370208027, 28.53283182553739], [114.08010606784858, 28.55750646174061], [114.12635444639204, 28.606386336785402], [114.11647826656234, 28.622656186582986], [114.15165785782537, 28.760720222590436], [114.13189532195399, 28.779039146961235], [114.14794698505477, 28.82833452908766], [114.11892708579332, 28.842440230547485], [114.07084440570424, 28.833529360003304], [114.05053221968613, 28.87127736894303], [114.054221044159, 28.90164553065717], [114.02225040868646, 28.890197369220306], [113.99951599542857, 28.916967305996575], [114.00319892651477, 28.954643740059108], [113.96818305979782, 28.936952795531933], [113.93620471291047, 29.04636544380524], [113.89248315544378, 29.028622311029654], [113.87089416677661, 29.03749922630825], [113.87644457540935, 29.06469244850086], [113.84681620183969, 29.057858272140873], [113.81037153763575, 29.104311682221297], [113.76962634008169, 29.094323976413385], [113.74372980761221, 29.05981362131571], [113.71662517382502, 29.1037332845266], [113.69016924000017, 29.076592708123727], [113.65695314700753, 29.1686122495791], [113.68585303082965, 29.195711840107975], [113.68708064548451, 29.22546674651952], [113.64587885506225, 29.225022143467534], [113.60403189873533, 29.250647676594618], [113.62618659569115, 29.315319030168467], [113.65509395661854, 29.33248192542146], [113.66861768230068, 29.387197862438402], [113.72521942442829, 29.392846423387162], [113.74924391992128, 29.445468412737824], [113.67168157209457, 29.512735872498563], [113.6249378687119, 29.52218804799437], [113.70427634485917, 29.554323951480782], [113.73259353331447, 29.578235016808854], [113.69811709064412, 29.633413371637204], [113.67474410155349, 29.642294526974418], [113.65752315812568, 29.68340343853375], [113.60030113582691, 29.665802204128685], [113.54108430705973, 29.674585659753745], [113.53428746536187, 29.69848278471461], [113.55281263902633, 29.72606476695345], [113.54478216517819, 29.767093453116903], [113.56946835332586, 29.808159195071795], [113.56576285741383, 29.848128644797843], [113.37132265861524, 29.70183949709569], [113.13919626539708, 29.447945356745326], [113.09357792780388, 29.45832156037736], [113.0720387376763, 29.43697166988574], [113.05112733877277, 29.521368984372142], [113.02840114041389, 29.522460913301927], [112.94431585622416, 29.47218647751079], [112.90618533675531, 29.60600986908501], [112.99892632892288, 29.692650523555802], [113.01978463125286, 29.77156967850649], [112.96885393500317, 29.731718085194142], [112.93876896534006, 29.681895694676268], [112.92094172776133, 29.69127926565843], [112.91786100415389, 29.765589483465842], [112.88831517769083, 29.782739755238463], [112.85564586161614, 29.782190599972957], [112.78778318998987, 29.734800284769292], [112.78285364442287, 29.680221973121565], [112.7274141393171, 29.644325476681296], [112.7083447812503, 29.64746338349601], [112.68806309123708, 29.600684003592214], [112.64504993170985, 29.59139952160971], [112.6345993563564, 29.60702423630471], [112.56626338539056, 29.623170488069658], [112.5360271272203, 29.600229595430896], [112.49339427597134, 29.628201988795496], [112.43347621296455, 29.632731718630517], [112.41867491515028, 29.5973418292881], [112.36264041285037, 29.540111740102443], [112.32698175821542, 29.543815776504513], [112.28518016020507, 29.516300105175347], [112.27533660758388, 29.53557397415753], [112.29747277502848, 29.584462095701074], [112.22791172633166, 29.61520220602098], [112.23838532857178, 29.658370875012782], [112.19645256765914, 29.6328513836862], [112.17237660085726, 29.65569163095015], [112.10511381196375, 29.65819329393319], [112.08354697286377, 29.684186248394294], [112.0595458770194, 29.680050203953805], [112.06999875243879, 29.742402023263814], [111.94897597601674, 29.795685708220116], [111.96003112668153, 29.831485400294902], [111.85536927179444, 29.8559383369784], [111.80475169444105, 29.8999549716754], [111.75171026083505, 29.919087775127007], [111.6994005959288, 29.8890355218139], [111.66313802316917, 29.887544748879055], [111.54803359082672, 29.893296727794073], [111.52148271311735, 29.924877939583517], [111.46959159192735, 29.917465874001124], [111.43070599833318, 29.928790873225097], [111.38820122126282, 29.91164984905849], [111.37651042950033, 29.948997438472638], [111.33656408649449, 29.94335047724755], [111.32550588595107, 29.969296510211365], [111.23636703404313, 30.039359419690854], [110.92455531126316, 30.062326852788672], [110.91902069312958, 30.110488039519467], [110.8457456749472, 30.12546384891443], [110.74158508826277, 30.111871386840726], [110.75082194521238, 30.053359470467697], [110.70715597075773, 30.032146351305308], [110.64572743841438, 30.076799948098884], [110.59593151602456, 30.053547503321738], [110.49229075267395, 30.054393497612118], [110.48611528367591, 30.018628771967947], [110.55218918294634, 29.98718881369545], [110.51206581575676, 29.960135707829355], [110.49353768346822, 29.911333725839754], [110.5336838915663, 29.894844512768675], [110.54479693865655, 29.847128369487574], [110.59533254470534, 29.83887245129273], [110.63776373286554, 29.774965187838703], [110.55776075136254, 29.711593498725502], [110.50220337938863, 29.691188249829224], [110.4620517066819, 29.71186311706304], [110.44168509435306, 29.663474370860165], [110.36715506064064, 29.632247999009373], [110.33396069557185, 29.66714160883108], [110.29709197893979, 29.660450461814378], [110.28479427369676, 29.69530090101977], [110.21459879618591, 29.74572217029448], [110.15536130343754, 29.752379249404118], [110.10847647986392, 29.788675730480026], [110.01867742691687, 29.768531253337706], [109.93639504580295, 29.77342894590908], [109.90317302009957, 29.76307422826713], [109.8649610877704, 29.773963957287762], [109.77425175934961, 29.75667544422208], [109.75021545673046, 29.732242297990165], [109.75514715086499, 29.688067451280634], [109.70959684907932, 29.67249374374064], [109.6960720542704, 29.635073871248146], [109.71267675355604, 29.614245853861473], [109.6598147454193, 29.598729196480697], [109.64690673919849, 29.624762495274872], [109.57367574466662, 29.62897087339695], [109.55394290484135, 29.60605849610129], [109.51133617691978, 29.62520308052441], [109.48353852001284, 29.55227994688946], [109.46191828864582, 29.558986164927703], [109.4532776775037, 29.51211657233677], [109.42859531795357, 29.529771111295787], [109.43106468228548, 29.487600874473447], [109.4107212677495, 29.496432618975486], [109.41318953245712, 29.45216460921825], [109.36334253680413, 29.412584932467027], [109.38610229469442, 29.370867964308882], [109.33876390740457, 29.368322280068345], [109.34737294357575, 29.28382197104166], [109.25272900295634, 29.221861272587173], [109.27057004544422, 29.20148935753037], [109.25642589200292, 29.160246256750096], [109.26934583933493, 29.121056739961826], [109.22749152693608, 29.118450427019326], [109.2355019360364, 29.08553126688236], [109.30745699996702, 29.06560342040342], [109.31483047465241, 29.0415393301901], [109.25644094843251, 28.951639437331703], [109.23058887947583, 28.88148423407004], [109.23614000263265, 28.7761600565077], [109.29396241264816, 28.746753130690017], [109.28966198250492, 28.72158202828073], [109.24784299112456, 28.69118687656317], [109.26630377347249, 28.671234937615434], [109.18807306338233, 28.635490437148583], [109.19670977348575, 28.597165485007444], [109.23060753417505, 28.619262224784713], [109.24723443191155, 28.606134798349945], [109.30195928100372, 28.620259013710623], [109.31486405871001, 28.57926328884784], [109.26877260111507, 28.537816593465976], [109.26939074264558, 28.494178234144464], [109.25586026874132, 28.464207578781043], [109.25955632259816, 28.392109393299542], [109.284155591706, 28.37313066319153], [109.26386678482166, 28.337338833704838], [109.27063360499088, 28.312573190000663], [109.31304249355809, 28.27720064003191], [109.33024195196444, 28.292978911292973], [109.38310730963572, 28.267604225621284], [109.36281334002422, 28.253917711297042], [109.33516456010904, 28.189622488782355], [109.33332477797198, 28.141078585708183], [109.30936837582829, 28.103114911093805], [109.29339825096856, 28.03553537585016], [109.33087275833306, 28.062409382671245], [109.37389716811721, 28.033815073588805], [109.3572991906156, 28.006886568091634], [109.31490610089449, 27.98793585287545], [109.29709122135743, 27.95571904316605], [109.31675771720109, 27.86734995776787], [109.34194748034464, 27.837666308630606], [109.32782154290291, 27.7821039670776], [109.37268826560985, 27.735954727192418], [109.36162174781884, 27.7211348246783], [109.40900439265167, 27.724290057478186], [109.4657611793242, 27.679346057319293], [109.4515600581692, 27.67295106991887], [109.46514715398766, 27.62792626969621], [109.44601164152755, 27.585458127514325], [109.45650677763506, 27.566916717843835], [109.39977713176296, 27.549866876432166], [109.29835250220029, 27.475180096833583], [109.29528428941414, 27.423154012471727], [109.24054400435222, 27.41735661730174], [109.19740595945747, 27.44970883319451], [109.16225035000363, 27.417255353204123], [109.13695989527903, 27.447479139864306], [109.13757862245329, 27.417743211126155], [109.09876220671579, 27.33589758230249], [109.03973912210284, 27.330646001673653], [109.04895327956244, 27.29289102848533], [108.97899619571163, 27.26756545895693], [108.95874682618498, 27.235183462281835], [108.90343701319193, 27.20441613411543], [108.92250875264568, 27.160242119914564], [108.87449937568584, 27.105955387014003], [108.78630843333234, 27.083983654240022], [108.87327238978769, 27.015948595143342], [108.93849605028133, 27.016987788735776], [108.93603657956656, 27.044693842522506], [109.02809038942819, 27.103554020408087], [109.12403602151088, 27.122113414888037], [109.09631737828079, 27.06831943769036], [109.16104021443053, 27.066266776382637], [109.23440446151415, 27.148886575347394], [109.25964275999708, 27.13132047180948], [109.41027579838493, 27.153493627711125], [109.43617193720492, 27.117330302361022], [109.46765197580305, 27.134433764106237], [109.44975117491843, 27.068905003946877], [109.48186384824984, 27.053544568901017], [109.49298265769966, 27.079140138239534], [109.51522504270083, 27.05843571631236], [109.55042709028865, 26.94662283675568], [109.43125245216332, 26.891931588906314], [109.44791356625525, 26.861556535126308], [109.48187460212841, 26.895250640387008], [109.5047350325017, 26.877716180408903], [109.50844470650361, 26.839846885772857], [109.4923826090532, 26.815250280997088], [109.52389333395958, 26.743796957211927], [109.54982390865639, 26.73531105477907], [109.5923594407997, 26.756181175612515], [109.5633955601391, 26.72625156047167], [109.48188375763937, 26.759696074789005], [109.44298297155851, 26.759597968331015], [109.40229828065083, 26.71949520559005], [109.3500145882038, 26.692824219340302], [109.27873676010068, 26.6982916234841], [109.30148002226268, 26.660847672073928], [109.32912718085672, 26.645828736705017], [109.35001689853591, 26.658620300362863], [109.385685882096, 26.598696584405342], [109.40231098251809, 26.532889765083485], [109.37646314099005, 26.518448736712415], [109.38077032329868, 26.493285291761968], [109.35740544659028, 26.471894967252663], [109.37585232929702, 26.45420060761525], [109.31501305673146, 26.418409841673274], [109.29105367756378, 26.350388828842032], [109.26646304680686, 26.32789962122485], [109.28122251271655, 26.295707185203646], [109.3205501644091, 26.290276378007427], [109.346356823708, 26.263941862382254], [109.43746222651349, 26.2896781629067], [109.46214901868404, 26.31386757006639], [109.43438096411803, 26.238702288352954], [109.4714234771212, 26.148054213444382], [109.50910946483175, 26.12829136938546], [109.4979911028448, 26.09655946568896], [109.44487866710408, 26.101791043861514], [109.44796778240381, 26.055579562139577], [109.50850006860534, 25.998217305050005], [109.55542272061939, 26.021452685547107], [109.58378254810432, 26.01986941845686], [109.63055559526961, 26.047798655524968], [109.6446969628764, 26.01713212534209], [109.72523562700572, 25.990114362838632], [109.70616783986137, 25.954633188172135], [109.6889527555436, 25.95950200606461], [109.67481821270214, 25.921865287981536], [109.68035283566383, 25.880414013196756], [109.76342727333824, 25.890576195952764], [109.77452596041046, 25.866361456529653], [109.80660423170963, 25.877712737135585], [109.82141508968289, 25.91164867883064], [109.80166153394484, 25.97402348414763], [109.77760002685199, 25.997116500980013], [109.8096796890642, 26.041255364862856], [109.85966863889655, 26.02790162996128], [109.89418840144559, 26.095654111282098], [109.89972896158184, 26.13594712537494], [109.96552223453514, 26.195454867529982], [110.0250784242298, 26.166285189749907], [110.09395358530222, 26.168870943132088], [110.095804196557, 26.132349485545266], [110.0601119649651, 26.050158268288065], [110.0958118299773, 26.020027291078755], [110.1636543141733, 26.028713522177828], [110.17661321061642, 26.060454738347367], [110.2450615729007, 26.011068346100945], [110.25245357178329, 25.96158663742176], [110.32071089121332, 25.975482238657293], [110.36803055926582, 26.088842483805937], [110.47280894211536, 26.179722110252662], [110.49010414093782, 26.166347610931552], [110.54197076401742, 26.23359456287484], [110.54813712361606, 26.28350721305219], [110.57957651533475, 26.296957278205532], [110.60727501129657, 26.33395988078687], [110.63862877293889, 26.308719549554585], [110.66872822483917, 26.317244844002214], [110.71603957525424, 26.294106481886914], [110.7369484274753, 26.313936705615284], [110.73018383460584, 26.271028601443106], [110.75418599409717, 26.24848992684113], [110.83123428539794, 26.256109388574444], [110.93466849705668, 26.286730275346123], [110.92114885474962, 26.320538808349486], [110.93896550081698, 26.326947207871697], [110.93957642925861, 26.373586129078], [110.96903709409808, 26.385842598168747], [111.00338707515893, 26.358941616764856], [111.0027762541751, 26.336962941221255], [111.08506343644189, 26.307844910686583], [111.20339720633397, 26.304241372686683], [111.19908372226398, 26.276342550827316], [111.2225032078812, 26.261347858643745], [111.27235066365971, 26.272071371944584], [111.2877204421257, 26.222147579417584], [111.26620627808909, 26.21734192041291], [111.26928265840817, 26.183517656119953], [111.25267829633125, 26.151845712578833], [111.26067950972039, 26.09597247855079], [111.23914349489424, 26.078244247404154], [111.26191248208877, 26.058889849313868], [111.22990977336579, 26.04814159361721], [111.18431006090296, 25.953438323718856], [111.22499261999009, 25.916365640972145], [111.24593057260536, 25.864700613278973], [111.28651929965422, 25.854439121478602], [111.29143340666491, 25.874350877351514], [111.34057543138945, 25.906554875772606], [111.37069011054794, 25.90597274146643], [111.3774573038984, 25.881746152553255], [111.45448261418552, 25.885039714067048], [111.48041975083865, 25.85927073023693], [111.4273400129132, 25.846227709457402], [111.4365961501934, 25.7719172526904], [111.3940801997214, 25.74440369244382], [111.30311837574916, 25.720282404292714], [111.30435261804472, 25.6453474347739], [111.3375259117919, 25.602678846267153], [111.31910067397064, 25.564411659098408], [111.32278966254489, 25.521775171501574], [111.27364213851646, 25.42359618743173], [111.2053146297639, 25.363623987111886], [111.17941837826422, 25.367365120087204], [111.13317446042088, 25.304054850208242], [111.09806119780852, 25.285644142036297], [111.10730163855848, 25.21751490632281], [110.99365782957219, 25.161980503739304], [110.97894146213389, 25.102490449115283], [110.94642142273807, 25.044637241824102], [110.96361170803814, 24.97633606688712], [111.00410135998152, 24.922014856706127], [111.0950072941023, 24.946250047114358], [111.09623212232418, 25.035652390055336], [111.1954717596366, 25.075326200983692], [111.26935715848406, 25.1516781511806], [111.31606322442303, 25.105601573134816], [111.36214194817097, 25.109310832470726], [111.36951764987121, 25.12878770695356], [111.42986132888721, 25.094152684252943], [111.41075778997507, 25.04810758405061], [111.46195405980734, 25.022736326016084], [111.45454819279551, 24.99346370469054], [111.4274039259354, 24.980407842878485], [111.42925494661168, 24.952229871569408], [111.46443080868902, 24.92953672947685], [111.44159540975703, 24.893700436692207], [111.44344915163805, 24.857908963742968], [111.47370319902491, 24.798299526861374], [111.45580184356034, 24.72984937180422], [111.42557517162149, 24.688512042764486], [111.44593129212562, 24.666814665767475], [111.49347831105253, 24.66911506781614], [111.52127606761425, 24.638763990125213], [111.56509241839981, 24.645919047676294], [111.58357877492871, 24.692118630341625], [111.63649966316987, 24.686106433328877], [111.6321933980168, 24.716531150838343], [111.6610809462407, 24.762093782373565], [111.70287779441136, 24.789703303620463], [111.86316851055656, 24.773005117193364], [111.8699538522318, 24.75781224943495], [111.92416057512952, 24.757266466294567], [111.94568102084885, 24.770801207910335], [112.01876726954144, 24.741278028513257]]]}}, {"type": "Feature", "properties": {"adcode": 440000, "name": "广东省", "count": 7}, "geometry": {"type": "Polygon", "coordinates": [[[113.55338606981141, 22.21453544346384], [113.58915893832696, 22.231190961027945], [113.59038664047291, 22.30651956577433], [113.61255874047767, 22.317584388533653], [113.59962583833182, 22.34195040473231], [113.6224050878223, 22.351342935736124], [113.66422969338828, 22.418782477084388], [113.66053900940888, 22.44091522217344], [113.61932227988115, 22.445405359631792], [113.60331623919026, 22.41112242714625], [113.56818334444226, 22.413878905155176], [113.62608946385237, 22.478023516535284], [113.6629953650164, 22.482937302064016], [113.68636370698671, 22.517167549606373], [113.73498718351, 22.536454300908268], [113.71158153416971, 22.647498836604385], [113.67281855339515, 22.728141815211185], [113.72819833793234, 22.738545265646735], [113.79789727932432, 22.595617374136083], [113.85162645304219, 22.542123026865465], [113.86459503488858, 22.461985382515742], [113.8886545166602, 22.44486095088225], [113.97112090435685, 22.512752722448038], [114.07686941866955, 22.51415884062578], [114.08980528650928, 22.536261102549364], [114.1515083541141, 22.54571722939897], [114.16077095894029, 22.561204980462502], [114.2175735840995, 22.55521830831118], [114.22744426899546, 22.54196476589875], [114.28965695018937, 22.565693192843323], [114.31672059013394, 22.589400561457897], [114.37639372245853, 22.60366567682701], [114.42199983670936, 22.590966511891736], [114.46708060476709, 22.524200364880734], [114.47141093844361, 22.46118818806106], [114.5016989165872, 22.44081489454163], [114.54432959253553, 22.468025152652853], [114.60660272511038, 22.48410699365897], [114.62383256573976, 22.5161539228919], [114.6096760844576, 22.54766888168127], [114.56345700414727, 22.56312648303433], [114.55419949247292, 22.58576376584732], [114.59858703329557, 22.64102252717442], [114.57516940121208, 22.663651178608372], [114.51033801173713, 22.657447484002915], [114.58687856264237, 22.69235977618805], [114.59673326801054, 22.73319364645948], [114.68468678816906, 22.769474365639955], [114.70497724838377, 22.78984730081649], [114.74498371732298, 22.766102684552884], [114.723442595838, 22.653542243682633], [114.73883314383099, 22.634762383304295], [114.74129990738044, 22.583951630668086], [114.86157059400954, 22.594051894295237], [114.88068772941811, 22.541032781726077], [114.91763402668113, 22.55152790386406], [114.92316535864217, 22.623884870047533], [115.03432161728803, 22.71578513234418], [115.01835494690754, 22.727966370243376], [115.04845058451069, 22.74940822465463], [115.07119783505391, 22.790187509307813], [115.14945936182997, 22.803469065760044], [115.18586832249976, 22.775411762415022], [115.18524822610023, 22.82062590700096], [115.23149850314896, 22.827296777847323], [115.22533940322096, 22.77877198085302], [115.3330042933748, 22.778663890139054], [115.34407364750055, 22.71410211038546], [115.37605756681249, 22.685913663161305], [115.46670466013889, 22.69980394719535], [115.57047596558061, 22.653140616827887], [115.56060390779162, 22.68624849119865], [115.60436180555715, 22.755238879572467], [115.53652361216086, 22.7573790522805], [115.56553223572234, 22.788867965442613], [115.57909673400772, 22.830782984341777], [115.64926985029236, 22.867656352080886], [115.69108406404129, 22.844981525558918], [115.75511042255876, 22.83666411912412], [115.78348296736792, 22.811881180275787], [115.79150989843448, 22.74130023819182], [115.82423010528495, 22.73694394790511], [115.87853836006153, 22.78776956001627], [115.92658716776366, 22.804850212681178], [115.9604063396584, 22.802577225881286], [115.99234833740215, 22.828948935414648], [116.05133314895866, 22.846431891547446], [116.09935559623395, 22.818280435971207], [116.23447824873709, 22.923164230663158], [116.29788211837736, 22.953409625139738], [116.37782681954921, 22.920782721287836], [116.44501088200977, 22.93844956811656], [116.50060620792311, 22.93254163480272], [116.53951541556458, 22.998725410291158], [116.57221126203689, 23.01639377995592], [116.55247281234244, 23.058193521032404], [116.5617240464046, 23.090670099134982], [116.54629765756167, 23.111547105880398], [116.56172106673519, 23.13632385044601], [116.66080003990528, 23.15991084097185], [116.696440734064, 23.199979799476328], [116.74010974130013, 23.216977159456263], [116.80173743072463, 23.20273896679401], [116.81654015037805, 23.242337910079424], [116.79371672031324, 23.24669432617798], [116.77768121608301, 23.31534658352714], [116.867103656891, 23.417618976935092], [116.86956737151655, 23.44890428437835], [116.89112795443131, 23.478000362827206], [116.88373559333985, 23.503233413177217], [116.92373659921203, 23.531744024780465], [116.95875719157132, 23.508639508802293], [117.0053977069624, 23.50411573154096], [117.0397700262242, 23.541320156329352], [117.08033832379044, 23.537970654316517], [117.18759516456711, 23.563321187228365], [117.18759038546192, 23.63075145203032], [117.14193989860003, 23.65533129265279], [117.11851071051244, 23.64872275231189], [117.05020145577093, 23.69532536146344], [117.04282464880727, 23.75997081223374], [117.01396777391871, 23.803299044829224], [117.00721409682328, 23.85640847708238], [116.97653330251221, 23.857048975474843], [116.95074650467916, 23.92385909288384], [116.97161783328401, 23.933103301055052], [116.97652326270776, 24.000886234489183], [116.94828377084107, 24.009704604374853], [116.92554471207441, 24.066027095348904], [116.92984379943353, 24.128284512496382], [116.99369164000149, 24.180532493008013], [116.95133921241361, 24.218303646817397], [116.92860788300274, 24.221619099493363], [116.93352000748267, 24.28270042627717], [116.90953942677731, 24.28927114663607], [116.9144580240574, 24.322522653221714], [116.89106829407832, 24.351960437985838], [116.89907171677828, 24.371032064723163], [116.83434822803804, 24.44340424439586], [116.85593457483425, 24.461406932873995], [116.82817571734593, 24.497827599721237], [116.79177981477055, 24.503205320979124], [116.75418039404354, 24.546694921855], [116.75602573938622, 24.58422190483642], [116.81027307131534, 24.656042943065447], [116.77265486491015, 24.68043934187638], [116.61828349929995, 24.643106563112166], [116.59612912838416, 24.65561968402699], [116.56593767928445, 24.62299360036583], [116.52520416416405, 24.606060212949572], [116.50172730159336, 24.622302634705566], [116.51284684301297, 24.65331493444059], [116.48009331947395, 24.72112540874679], [116.44118485151137, 24.715054688998496], [116.41095885321546, 24.744884024025872], [116.41403860436951, 24.768231606587893], [116.37031147164852, 24.80460602673319], [116.37646304309628, 24.82576275644148], [116.4128012836244, 24.84149307788898], [116.39000262726897, 24.878374000754185], [116.35861844009798, 24.871893836971864], [116.34078907223417, 24.829610590104775], [116.29221992243646, 24.802568188392126], [116.2392814546098, 24.794467407133485], [116.24605653979127, 24.82594182479297], [116.21646716731506, 24.830811143773058], [116.18684408299885, 24.87796253015499], [116.14795125124895, 24.847516349591036], [116.06288075594425, 24.850736406855674], [116.01001639736589, 24.90671860517712], [115.98053682950128, 24.900300906892525], [115.88764221459176, 24.937851313997488], [115.88024633835806, 24.89989640658459], [115.90243675472856, 24.88092124929034], [115.85680487517023, 24.864620469630836], [115.85865459065414, 24.892281895795374], [115.81914192252967, 24.910107820451216], [115.80247541942197, 24.863439738709094], [115.78519271192472, 24.85690402730991], [115.75929117122587, 24.79285309109307], [115.77162607033979, 24.775493083175554], [115.75128097502912, 24.749964806483508], [115.76422929707722, 24.70924273574625], [115.79631286062903, 24.706564630746886], [115.775334507836, 24.664161776323983], [115.83583562500557, 24.585443831346627], [115.83892449385685, 24.563695824465995], [115.78027736337224, 24.56849110496345], [115.74759742536, 24.54725663215438], [115.68420255259034, 24.5462315256132], [115.66636752576466, 24.606085082073502], [115.60054153689023, 24.62683256117065], [115.56479137627892, 24.623555552710997], [115.55059340858519, 24.684940568724432], [115.51785795106316, 24.703876546807297], [115.47150313155367, 24.763474319862464], [115.40731520245694, 24.793759173699904], [115.3672970123314, 24.775320104531367], [115.35315421154593, 24.736248860875335], [115.3015186036466, 24.75969102791792], [115.26461878701588, 24.750509669521232], [115.25354095461783, 24.729882248402767], [115.17894705078027, 24.712434879545345], [115.09938410667422, 24.668863133323928], [115.07844753181227, 24.700377591870645], [115.05200259478829, 24.704212743304183], [115.01944948652142, 24.670063457231954], [114.99857776613979, 24.68044862824855], [114.93532859045199, 24.65127165644131], [114.90457001930884, 24.662715314684714], [114.88856339747954, 24.583896178751186], [114.86390744133051, 24.56375404326785], [114.84169583667338, 24.603960520782827], [114.82256601403486, 24.589244594161006], [114.77629045619156, 24.614180410191086], [114.72454179033576, 24.609821769802153], [114.7331621557676, 24.56631602308898], [114.69994000635768, 24.527185003410523], [114.65997597463122, 24.584912468880987], [114.62246632571134, 24.5779040425645], [114.5849090607856, 24.538759580184692], [114.52936724856129, 24.56043355842238], [114.42371956929688, 24.48726066942211], [114.39782118869105, 24.498673950285614], [114.38611091335984, 24.564505530544878], [114.35840882864275, 24.583566528445985], [114.29567179738918, 24.579872822858054], [114.28459387563723, 24.620123133081936], [114.25319081781005, 24.64243562498891], [114.18533052049482, 24.657595260394782], [114.16371189784594, 24.690698031319503], [114.26735303985328, 24.70165075172565], [114.27658579860434, 24.72499598791383], [114.33071734226014, 24.749882550099258], [114.33686283186458, 24.807952547840863], [114.39779382586812, 24.878412335937746], [114.39039515994203, 24.951605422327752], [114.44961348947677, 24.977678603193986], [114.4508475630197, 24.997187487901737], [114.50090784297579, 25.00057638950367], [114.52748132503876, 25.02340480084103], [114.55650135288597, 25.078164138275422], [114.59965649996383, 25.08468878104115], [114.63534951249368, 25.074907757519586], [114.65993996961704, 25.101935545990028], [114.73066022267521, 25.12239993316291], [114.7300421593791, 25.15649535114335], [114.68083496763732, 25.173874734145038], [114.68882386166995, 25.21443284722267], [114.73003716665184, 25.22628110039809], [114.7380380130688, 25.27494394156825], [114.70910965683822, 25.31605059805728], [114.63164152024677, 25.32483146312291], [114.59470856744946, 25.38645989970632], [114.53610213226376, 25.41717918909766], [114.47244680290852, 25.371624844680177], [114.43353034314596, 25.376398277181604], [114.4248916270797, 25.343967696429903], [114.37743508201955, 25.317477915511454], [114.30976492008145, 25.338663491461116], [114.29008345454601, 25.30032395035821], [114.2549926272746, 25.292250991149967], [114.1994857934098, 25.299785672657144], [114.18466508070817, 25.317058316369685], [114.10995613483091, 25.30234734763393], [114.07790527638414, 25.275857608257297], [114.05020546487451, 25.278054867023588], [114.03421932726643, 25.25105493203917], [114.01209271958369, 25.274364663124718], [114.04466381962293, 25.364540413707587], [113.97767751291606, 25.415506136304497], [113.99794925960701, 25.442986876106467], [113.88166484914314, 25.43724081293099], [113.87179831939112, 25.381059351489263], [113.83414012575638, 25.363714684403554], [113.80943765291984, 25.32908600297657], [113.75882682475111, 25.33388487267639], [113.74772701465936, 25.363060140671298], [113.68124333826154, 25.352321174900545], [113.67447901104869, 25.335042467562918], [113.60619237898528, 25.32812072789723], [113.57908257303866, 25.307042027120563], [113.57352936544203, 25.3448701661744], [113.53031504329407, 25.369110500212773], [113.4740720411201, 25.37543289328547], [113.44380357797566, 25.35968976919203], [113.40124020526983, 25.401778827268743], [113.36737859410823, 25.402876935053868], [113.33601523958426, 25.44883082631221], [113.30835539387434, 25.44294301181518], [113.30527900062835, 25.49046097275065], [113.24314113659669, 25.514275173703275], [113.2203427723076, 25.509947013016326], [113.11239741581937, 25.445538551578117], [113.12534572674599, 25.41476955111118], [113.09083789159811, 25.412587609234656], [113.0723766823207, 25.382346965953005], [113.0072596137417, 25.352769916740133], [112.96429648081384, 25.35073609521325], [112.92928312696753, 25.326492955267963], [112.91883182364562, 25.297318434797006], [112.88558789448443, 25.340566333575236], [112.84921549401668, 25.338364767953163], [112.86155600840776, 25.250270059411676], [112.89237049495699, 25.238937101812326], [112.9526364947254, 25.255090271991445], [112.98701504601394, 25.247966086162762], [113.0287567958386, 25.198626621624168], [112.9686076623243, 25.16904678701691], [112.96246974819873, 25.142548875054555], [112.99868727891565, 25.08993707652087], [112.97352779025894, 25.03477811039971], [113.0042185611775, 24.978342778354023], [112.98887999381036, 24.927983681905616], [112.93607377897547, 24.916734383515], [112.89916732746052, 24.922733130856695], [112.86836428070883, 24.897776998880246], [112.7752200129819, 24.897627388711314], [112.77275016356471, 24.94858543055576], [112.73763583570552, 24.960495833898626], [112.73640170726634, 24.99951157521824], [112.70932821221368, 25.026619073929126], [112.70686507902022, 25.084026344114832], [112.6546187094006, 25.133378365303884], [112.6226508013607, 25.141547455387812], [112.55736244293364, 25.125303240835358], [112.45235850042596, 25.152631899536868], [112.4375397706296, 25.186147901348857], [112.40917276763676, 25.142826554388826], [112.35930271369584, 25.192089762589454], [112.31012106522682, 25.17594673814984], [112.29721124140225, 25.157573349034614], [112.250447234188, 25.159786627018793], [112.24120470122884, 25.185757751569906], [112.18137788405946, 25.182988019949075], [112.17150673756532, 25.107206509217164], [112.14620171108486, 25.05626532376628], [112.14990667083983, 25.027025420437287], [112.11597393895194, 24.990137468295206], [112.11412565466634, 24.96412586307714], [112.16966864014414, 24.928438012285174], [112.16164757610515, 24.860640198198553], [112.1437486150447, 24.83782349473267], [112.11845194545587, 24.842128791105754], [112.02797852996494, 24.77220006628768], [112.01876726954144, 24.741278028513257], [111.95613093982251, 24.722453235833118], [111.93400622749263, 24.687736476527757], [111.94814720081511, 24.64858767160648], [111.92232358111734, 24.630695542671827], [111.9315525295883, 24.596978467090985], [111.96658402543062, 24.580044919407833], [112.00158798905338, 24.53588429461188], [112.00404657537378, 24.504318811498475], [111.97948784412227, 24.469015377049324], [112.01940308901452, 24.440041566059236], [112.0519748582402, 24.388224602334777], [112.0538231016969, 24.340817137373726], [112.02064180996179, 24.296194053033393], [111.98502797739876, 24.28103277966812], [111.9807308477186, 24.258141047030914], [111.95309042239764, 24.26530630063369], [111.90758007352875, 24.223372123005166], [111.87184073904255, 24.228817661668153], [111.86567627189659, 24.17806343026293], [111.88109330048007, 24.16552348193505], [111.87308218309761, 24.111465859386016], [111.93528431790402, 23.989599395541884], [111.90636745610527, 23.9453446393967], [111.84903461099961, 23.94913164932627], [111.84039789032329, 23.90591029221823], [111.80706881198351, 23.888890533579335], [111.81941702271443, 23.834194370180192], [111.80522263612698, 23.808442380943337], [111.64946724412988, 23.834782328281573], [111.62241765708504, 23.790485429813387], [111.61627118131535, 23.727517551352367], [111.66115273787409, 23.720326472083652], [111.60950815047703, 23.660684471582], [111.61012485555035, 23.64095559471663], [111.48181370184435, 23.628135434005713], [111.47440873147225, 23.534357623857076], [111.42319441990566, 23.467871396178136], [111.39424276495082, 23.47059965434214], [111.37763453990992, 23.400907430239872], [111.3837873713348, 23.37729743568012], [111.35796251795563, 23.342181332196], [111.37087537192683, 23.3059162532303], [111.34751995585206, 23.286173108836095], [111.35919870825094, 23.24164878728712], [111.38318326944017, 23.21194618702781], [111.3788795361227, 23.1690692911853], [111.36043455912284, 23.14654472865022], [111.37212029635826, 23.083826790406746], [111.39673262960008, 23.06785824577493], [111.42753695461076, 23.075031255471732], [111.42815606285697, 23.038164037507993], [111.38381232329189, 23.00732234498948], [111.3979690576745, 22.993005640225455], [111.35737380091187, 22.969360917340634], [111.36905505727529, 22.94015867591351], [111.35307643137122, 22.891152401717825], [111.21288624910495, 22.75015150659716], [111.18021291616162, 22.737965170211606], [111.11301302586502, 22.746685039677512], [111.05273151093473, 22.73181835742048], [111.08408258498369, 22.69757228639019], [111.05027955662202, 22.650693341654843], [110.9919832796374, 22.633732435152137], [110.95394132134504, 22.638808352821993], [110.94534786896742, 22.612874105672272], [110.89124647136589, 22.615686543681946], [110.89309362946572, 22.59414723866212], [110.80742102994475, 22.578561365743276], [110.77351667518198, 22.587350405356208], [110.74457549996872, 22.55916138285905], [110.75812195816357, 22.520481064915348], [110.73534885721614, 22.501133197977847], [110.73658156301745, 22.466300838968035], [110.68371462784563, 22.480187592721016], [110.70768111741579, 22.44309864708796], [110.70645597405822, 22.37173250933082], [110.73658767136895, 22.363957384941628], [110.74458909755856, 22.331851814886026], [110.78216177409406, 22.284810834893634], [110.75444165764564, 22.277034472351254], [110.72059900424678, 22.29808915571349], [110.64195636436274, 22.222886354190123], [110.67390381513255, 22.175166795282784], [110.62475219493203, 22.151414104772627], [110.593994521985, 22.165293189504382], [110.59830126847493, 22.185802092691176], [110.55332501403711, 22.198514667378667], [110.50085644344679, 22.145168447891653], [110.45206928462945, 22.191597042583094], [110.40951700977014, 22.210377319277537], [110.37320042452797, 22.166601562635137], [110.34368522136558, 22.19768260905642], [110.32156423511366, 22.15448872538703], [110.3596728467123, 22.127808554841085], [110.3467644773123, 22.099545935698412], [110.34800099767465, 21.978027700706747], [110.37013620604286, 21.969669408950743], [110.38675179134376, 21.895804168717245], [110.33264137991232, 21.88976588534997], [110.28592588692311, 21.919840704911646], [110.27916293268302, 21.894301760581875], [110.219435363246, 21.88431294884718], [110.1916793924099, 21.902050124704814], [110.12380589390523, 21.90471141680834], [110.096687473467, 21.87192181553064], [110.0462338445403, 21.859193523361803], [109.99525601150496, 21.883774669723994], [109.94059243978266, 21.846698700660756], [109.91169179498912, 21.671068855029038], [109.8352479350161, 21.638742057209807], [109.78156314750642, 21.639763530312838], [109.77354488991648, 21.672572901699702], [109.73842606066388, 21.618600203128516], [109.75013112818752, 21.558500663815135], [109.78403855654595, 21.49284003734979], [109.7809563035698, 21.45887009839392], [109.89014916302825, 21.444550457706498], [109.90000610829868, 21.432298135348024], [109.86426134126758, 21.368214582472653], [109.76616326640494, 21.361933316582753], [109.75322324773994, 21.349110778954945], [109.75939119770999, 21.228711853495238], [109.67018355131086, 21.13900005740449], [109.65114105840286, 20.931917449458357], [109.66036425454016, 20.864846919869557], [109.72554761426592, 20.72215170906381], [109.74032747968705, 20.623640029618993], [109.78901992197987, 20.618072822354463], [109.80938345895221, 20.57722703101762], [109.80753368249198, 20.54417426275105], [109.83530920746328, 20.49211482229703], [109.88403817566673, 20.47816709104034], [109.89143505347248, 20.430518743582212], [109.86061097947454, 20.40469799811991], [109.856910684555, 20.37945442014169], [109.91176330124857, 20.319450661199266], [109.90499572258548, 20.239745171096427], [109.92469130587197, 20.214461143737527], [109.98920416728926, 20.256984512746985], [110.07768919997535, 20.26127468982579], [110.11341781736382, 20.221973782781316], [110.1640030851604, 20.222049249941524], [110.21582514657432, 20.254137841318943], [110.34440885230234, 20.26131747672765], [110.37945800779877, 20.29551226340045], [110.42071858543704, 20.293833296277104], [110.44785503415548, 20.313519612780677], [110.4867490719377, 20.376461260693638], [110.53676506845581, 20.423150964403924], [110.54601810221159, 20.475308627170758], [110.49538608016809, 20.574908320367836], [110.46141438467485, 20.682865884129942], [110.40652449847417, 20.6732658663766], [110.38743617761786, 20.6850189789214], [110.40282603367991, 20.73425655853245], [110.38865983221561, 20.818705173854532], [110.3228671366159, 20.850102333094043], [110.26445594010522, 20.842364140658635], [110.20530900402336, 20.862465491985606], [110.17939540081329, 20.89427813185952], [110.17630461965395, 20.984211088199224], [110.20036718423935, 21.005471554740712], [110.20406490632094, 21.052931573710268], [110.23735526966938, 21.018347359550813], [110.24536089749236, 21.04737881100224], [110.29212125285196, 21.095898217188562], [110.38618037664946, 21.127000592202528], [110.41758636239722, 21.19283103111135], [110.44657215658043, 21.18841300674381], [110.4965849633666, 21.219777827951397], [110.52993224949651, 21.206488645502848], [110.62173031576634, 21.218268817681988], [110.7637319631086, 21.36692961427471], [110.79146048585632, 21.376988525141027], [110.88393009638058, 21.369887855520872], [110.92453366799613, 21.378231885115188], [111.02947994166904, 21.440906928074913], [111.27759096300377, 21.487758158345464], [111.27083078169892, 21.4454444063245], [111.24499277510962, 21.453253830409633], [111.25237960087749, 21.41705086643424], [111.28066900963634, 21.420927011099618], [111.37714384452539, 21.497620284308304], [111.43873938233966, 21.516022271484296], [111.48936470308843, 21.503347089872435], [111.51654090094735, 21.519572061841266], [111.55542926690792, 21.507413718125434], [111.60472029481451, 21.532491839334515], [111.6453138267706, 21.514628598666928], [111.67235728615728, 21.531834857041314], [111.68833458680106, 21.592469205577487], [111.731391757922, 21.611893091636432], [111.78932344459469, 21.613593337929352], [111.82697030346357, 21.580829325800057], [111.80475245098008, 21.557413721435214], [111.9366688050772, 21.609254423235363], [111.96739449092706, 21.605288764352377], [112.02143485007107, 21.635729277828066], [111.9925703653288, 21.65917839340356], [111.94895870838852, 21.669866086005353], [111.95079989472438, 21.712685176966705], [112.03064135992712, 21.76360851658336], [112.13099825679471, 21.79579286573316], [112.1871655702414, 21.791444893418426], [112.19148845985711, 21.738643605115733], [112.23096427771385, 21.729236112937325], [112.23343043191154, 21.704214706327228], [112.34785903607283, 21.709079354082608], [112.41002541298725, 21.736839198272747], [112.4217357544217, 21.791881989881187], [112.44024279177972, 21.805248034944107], [112.49212572469607, 21.787597595422383], [112.53042964312968, 21.7560226348609], [112.64193802137864, 21.76050506526855], [112.78713913577828, 21.92319170491913], [112.83587647216049, 21.922722293901554], [112.88828960834437, 21.84668794331376], [112.92460165100798, 21.8411154880074], [112.98418057645954, 21.871532891613214], [113.04188455263188, 21.958561848404717], [113.04802470521385, 22.01405634859386], [113.02652345292675, 22.047954874476908], [113.040032585999, 22.090637439533207], [113.08122528385437, 22.12829124002914], [113.08615309758862, 22.067280329982605], [113.13730860463191, 22.014050524138188], [113.14594727685177, 21.981873103340813], [113.22984407276915, 21.88982429120832], [113.2612533677605, 21.87371403801343], [113.31414038515959, 21.911409150529273], [113.32458647525088, 21.963584196484064], [113.43663753362692, 22.011267640318064], [113.45392253884242, 22.045707251696985], [113.52251422597747, 22.075859781430957], [113.56203515047967, 22.077606364395518], [113.54906991016294, 22.14468828787708], [113.5293046310174, 22.176243242590374], [113.53300823842933, 22.211721817842157], [113.55338606981141, 22.21453544346384]]]}}, {"type": "Feature", "properties": {"adcode": 440000, "name": "广东省", "count": 7}, "geometry": {"type": "Polygon", "coordinates": [[[117.01951741462004, 23.439330329763596], [116.97778806358609, 23.462502305121703], [116.9397229586017, 23.44174435329674], [116.9470955781198, 23.42142322174257], [117.02197435549937, 23.416820427808414], [117.04530716198165, 23.401943704748778], [117.07665579196059, 23.410681318668694], [117.11914548795714, 23.390928185038863], [117.13764041957747, 23.401931304045945], [117.13763621331074, 23.46120408258755], [117.12406946101079, 23.484778764082527], [117.08834356197427, 23.46061764555998], [117.05328852867027, 23.474918461176383], [117.01951741462004, 23.439330329763596]]]}}, {"type": "Feature", "properties": {"adcode": 440000, "name": "广东省", "count": 7}, "geometry": {"type": "Polygon", "coordinates": [[[112.84822626448624, 21.742713279584315], [112.87103949233703, 21.774986456176123], [112.8352686133216, 21.778824802139678], [112.71877919407929, 21.722015057138996], [112.70033247254551, 21.68144347314378], [112.72924240964508, 21.668619679832343], [112.77482299594777, 21.673637531642807], [112.72555426299564, 21.6157738929676], [112.7698979413996, 21.56625395770704], [112.81183428531071, 21.592469754992514], [112.79332611770506, 21.61302555898839], [112.81614947076355, 21.65812700602143], [112.79948929422656, 21.68868798151685], [112.82786759979146, 21.738785609417373], [112.84822626448624, 21.742713279584315]]]}}, {"type": "Feature", "properties": {"adcode": 440000, "name": "广东省", "count": 7}, "geometry": {"type": "Polygon", "coordinates": [[[112.5254991976526, 21.58581216367896], [112.55821457734233, 21.59367198924415], [112.56623043825583, 21.622059304634583], [112.61612032715031, 21.608710009389224], [112.66038400152989, 21.644803687537134], [112.63395145163176, 21.674887238946287], [112.66099604014916, 21.685963506048417], [112.65853559911163, 21.716553795468247], [112.58718105686499, 21.695498061882667], [112.55512603812723, 21.668771929507653], [112.56561310494195, 21.64820597760005], [112.52981988692643, 21.630892560379337], [112.5254991976526, 21.58581216367896]]]}}, {"type": "Feature", "properties": {"adcode": 440000, "name": "广东省", "count": 7}, "geometry": {"type": "Polygon", "coordinates": [[[114.22624449154962, 22.018611529382547], [114.30630032588566, 22.04352427809769], [114.29768809099204, 22.05241637259283], [114.23487652316389, 22.037482402745628], [114.22624449154962, 22.018611529382547]]]}}, {"type": "Feature", "properties": {"adcode": 440000, "name": "广东省", "count": 7}, "geometry": {"type": "Polygon", "coordinates": [[[110.4286841942416, 21.173322331982707], [110.48485498331038, 21.141097776477498], [110.50400161040834, 21.142829126278937], [110.54043130618284, 21.086011126235313], [110.5780425311931, 21.09722862594976], [110.6278788395307, 21.21324161737722], [110.52067235395785, 21.192521932450664], [110.49473308761958, 21.215311349350408], [110.42683365054053, 21.18280212539418], [110.4286841942416, 21.173322331982707]]]}}, {"type": "Feature", "properties": {"adcode": 440000, "name": "广东省", "count": 7}, "geometry": {"type": "Polygon", "coordinates": [[[112.4297620264309, 21.665678382374974], [112.45074687313372, 21.650698930913876], [112.45321424227718, 21.69186384149915], [112.4297620264309, 21.665678382374974]]]}}, {"type": "Feature", "properties": {"adcode": 440000, "name": "广东省", "count": 7}, "geometry": {"type": "Polygon", "coordinates": [[[110.51326872088536, 21.081476464047554], [110.45522036211901, 21.06512574815395], [110.39356917157684, 21.098540524024173], [110.34805204635346, 21.08184430912031], [110.30134270593557, 21.09030210834717], [110.27121432794355, 21.035643725692246], [110.20653572866472, 20.98928659060143], [110.1966690503624, 20.9406797168653], [110.30503695589618, 20.96579595285638], [110.34314057550331, 20.986946125522564], [110.4028115731083, 20.992476083290374], [110.46818889909486, 20.985320641913116], [110.50710132141629, 20.918964287829063], [110.53118239706573, 20.92517604124949], [110.55585552411057, 21.063715434382893], [110.51326872088536, 21.081476464047554]]]}}, {"type": "Feature", "properties": {"adcode": 440000, "name": "广东省", "count": 7}, "geometry": {"type": "Polygon", "coordinates": [[[113.75967997621714, 21.964234550348202], [113.7689292521267, 22.000322639087965], [113.73625550590705, 21.99365291878567], [113.75967997621714, 21.964234550348202]]]}}, {"type": "Feature", "properties": {"adcode": 440000, "name": "广东省", "count": 7}, "geometry": {"type": "Polygon", "coordinates": [[[113.71778482802684, 21.924267040685795], [113.73749050770738, 21.95257286339304], [113.7134734017852, 21.953700412538435], [113.71778482802684, 21.924267040685795]]]}}, {"type": "Feature", "properties": {"adcode": 440000, "name": "广东省", "count": 7}, "geometry": {"type": "Polygon", "coordinates": [[[113.1373206543892, 21.833574200198413], [113.1564448137087, 21.855831531007205], [113.1984014332571, 21.863127638384935], [113.16199737256358, 21.87861760946347], [113.13115061967538, 21.870788516875443], [113.1373206543892, 21.833574200198413]]]}}, {"type": "Feature", "properties": {"adcode": 440000, "name": "广东省", "count": 7}, "geometry": {"type": "Polygon", "coordinates": [[[113.8145827886484, 22.3982905223463], [113.80840607392888, 22.422067344283516], [113.78124253001637, 22.41594037703361], [113.8145827886484, 22.3982905223463]]]}}, {"type": "Feature", "properties": {"adcode": 440000, "name": "广东省", "count": 7}, "geometry": {"type": "Polygon", "coordinates": [[[114.18489444698274, 21.988587178473985], [114.22439526624524, 21.997520265801892], [114.17562982499516, 22.011881938822086], [114.18489444698274, 21.988587178473985]]]}}, {"type": "Feature", "properties": {"adcode": 440000, "name": "广东省", "count": 7}, "geometry": {"type": "Polygon", "coordinates": [[[114.14845881977693, 21.976863497268923], [114.1663666263474, 22.00242939992668], [114.11882691442818, 21.987368438187797], [114.14845881977693, 21.976863497268923]]]}}, {"type": "Feature", "properties": {"adcode": 440000, "name": "广东省", "count": 7}, "geometry": {"type": "Polygon", "coordinates": [[[116.76490255899779, 20.774059984637113], [116.75627909031928, 20.752801360620076], [116.86789114726902, 20.74065814013752], [116.8851477099271, 20.68584042167308], [116.84446625600415, 20.630937470578708], [116.74458744207453, 20.603370243594004], [116.7914204574077, 20.584927347580557], [116.85803627909188, 20.591202949454633], [116.90054626654421, 20.62203046266363], [116.92945322225934, 20.679104149275627], [116.92084282341341, 20.729474584036048], [116.88144555694451, 20.7781457523323], [116.76490255899779, 20.774059984637113]]]}}, {"type": "Feature", "properties": {"adcode": 440000, "name": "广东省", "count": 7}, "geometry": {"type": "Polygon", "coordinates": [[[113.01978304199348, 21.84976012164699], [113.04004628274436, 21.884707107846825], [113.00198048557336, 21.87147874268924], [113.01978304199348, 21.84976012164699]]]}}, {"type": "Feature", "properties": {"adcode": 440000, "name": "广东省", "count": 7}, "geometry": {"type": "Polygon", "coordinates": [[[110.40036532753122, 20.680539954169397], [110.43302910533012, 20.680007973029724], [110.40960286436098, 20.71243990624635], [110.40036532753122, 20.680539954169397]]]}}, {"type": "Feature", "properties": {"adcode": 440000, "name": "广东省", "count": 7}, "geometry": {"type": "Polygon", "coordinates": [[[110.64018498490383, 20.938065344329924], [110.57989870945678, 20.951510358320732], [110.54414347957034, 20.91123891009265], [110.55833230043318, 20.863764016483792], [110.6069900785112, 20.86266954370583], [110.64202960880665, 20.91962604482258], [110.64018498490383, 20.938065344329924]]]}}, {"type": "Feature", "properties": {"adcode": 440000, "name": "广东省", "count": 7}, "geometry": {"type": "Polygon", "coordinates": [[[110.55219419251681, 20.330068756641555], [110.58916799637451, 20.363207937065823], [110.58177726577046, 20.383959924071508], [110.55219419251681, 20.330068756641555]]]}}, {"type": "Feature", "properties": {"adcode": 440000, "name": "广东省", "count": 7}, "geometry": {"type": "Polygon", "coordinates": [[[115.93838260703686, 21.099898426211976], [115.94883773384187, 21.06639221901796], [115.98447800578276, 21.03782815543183], [116.0354671654618, 21.02260741828302], [116.06252263071829, 21.042653968806825], [116.03914885107578, 21.112461880864732], [116.01948365138495, 21.12646075465322], [115.96051236318372, 21.126075245555608], [115.93838260703686, 21.099898426211976]]]}}, {"type": "Feature", "properties": {"adcode": 440000, "name": "广东省", "count": 7}, "geometry": {"type": "Polygon", "coordinates": [[[115.92177854045323, 20.9838085086582], [115.93470209128003, 20.94804461728887], [115.96544120767014, 20.921720900704283], [115.99431234771153, 20.92498850075203], [115.99615355503717, 20.95067975392844], [115.94945646332263, 21.00218998544842], [115.92177854045323, 20.9838085086582]]]}}, {"type": "Feature", "properties": {"adcode": 450000, "name": "广西壮族自治区", "count": 2}, "geometry": {"type": "Polygon", "coordinates": [[[109.4776086407081, 26.029850764103134], [109.46834539265987, 26.00670506232687], [109.40358075277648, 25.96733847797674], [109.43008345886352, 25.933467534871042], [109.39188664129588, 25.900080280318498], [109.35437404761431, 25.836053742309197], [109.3347105619957, 25.834472377597557], [109.32304223312697, 25.761779879964234], [109.3353316880695, 25.731581405048587], [109.29170937036328, 25.714415443686107], [109.20245121512453, 25.740290758938052], [109.20183154895236, 25.78823971998], [109.14323999347957, 25.741803234900743], [109.12720686998752, 25.762793361587057], [109.1389194025747, 25.795132302360667], [109.09024529463352, 25.805327687475785], [109.07302166901889, 25.77678801186332], [109.0435243043463, 25.790838952239223], [108.98522517980044, 25.77915124013062], [108.99504216252227, 25.76565336774098], [108.95945433715144, 25.732887656935024], [108.93611674153036, 25.740481596024132], [108.89183282063078, 25.71464632146373], [108.89614399525452, 25.68284423969254], [108.94963365445896, 25.6870970218473], [109.00302041807603, 25.734916102534758], [109.0386146569746, 25.738590656988496], [109.07425528730349, 25.720748006774848], [109.07056710495031, 25.6938023681315], [109.02634370542067, 25.629726154050548], [109.04722276030856, 25.56710576517846], [109.0834928280435, 25.550873338648387], [109.02021419328355, 25.512668217526578], [108.94472783787621, 25.557670797340933], [108.88506784192333, 25.543688249013393], [108.88629906953395, 25.556638613853313], [108.82217620256097, 25.55061342553716], [108.81045751558071, 25.527386834592612], [108.77715536068953, 25.55485766310132], [108.79565092715912, 25.577004115688442], [108.77961687638275, 25.628763488388245], [108.72050233764, 25.63522693007093], [108.6848492058509, 25.62341343149705], [108.68177862208123, 25.58782011466629], [108.65658734715518, 25.585170678990078], [108.65413122364288, 25.5506454247048], [108.68485449625221, 25.533859056665047], [108.63077687171399, 25.52100360949919], [108.60309777189036, 25.4924224387394], [108.59632992509233, 25.43303196009461], [108.62586912573458, 25.336310941160185], [108.62095045796046, 25.308752180017407], [108.58524972506444, 25.335790439177224], [108.58155099637699, 25.366588334786734], [108.46732485521916, 25.45922642076701], [108.41425233765077, 25.443471912968487], [108.39576381243707, 25.491517340746924], [108.35514793015984, 25.51368482807397], [108.3440798352157, 25.536370006390083], [108.304121285914, 25.526190620645306], [108.27644801387521, 25.480351748644235], [108.23704013384592, 25.462551732649878], [108.24751638708167, 25.430693499451067], [108.18831122364176, 25.459258618165016], [108.15806212584977, 25.445163862195717], [108.18893169508289, 25.40579494308242], [108.13831254766853, 25.39112058743472], [108.14757479256659, 25.324675416673603], [108.13893700629201, 25.270065038428232], [108.11056308030051, 25.210545733000522], [108.07606203773251, 25.194318774542737], [107.99738938059109, 25.19719786142596], [107.92426582137229, 25.1567970732809], [107.86819803427728, 25.1421844303537], [107.83487409600579, 25.116694412744458], [107.75835836217452, 25.125785922491822], [107.7848744667683, 25.155575086310346], [107.75588908829945, 25.189095402984755], [107.7577358703518, 25.229664347674564], [107.73740444674272, 25.241020785034934], [107.69617995467335, 25.19508825327442], [107.6918748199053, 25.22051915340415], [107.65744711783087, 25.259519308973196], [107.65559949362552, 25.316826819318347], [107.6279314008203, 25.310926720247828], [107.59531616347505, 25.25148135332739], [107.57251703437807, 25.257419895209267], [107.50831843203652, 25.20969308443773], [107.46754249591775, 25.214442214966283], [107.48545328444337, 25.277221353554648], [107.47680283502368, 25.30044193519447], [107.42803700374839, 25.289522546297707], [107.40461286940389, 25.347334691962654], [107.4163169771456, 25.393264441225593], [107.37137366727958, 25.41217686390682], [107.35416004663918, 25.393834876471484], [107.31360545655778, 25.40201136523273], [107.3037727399097, 25.43335507142969], [107.33203345714463, 25.46138108945734], [107.25949932122136, 25.543535891411302], [107.22809993840063, 25.557023772669986], [107.22440126953147, 25.605034661435266], [107.20097862938916, 25.608244292140654], [107.18124556462294, 25.579082454387496], [107.05988529791298, 25.55957136285134], [107.06234660068642, 25.509379649590635], [107.01138923086798, 25.49600291809793], [106.99237501241142, 25.44314976210755], [106.9598556950674, 25.438382541744463], [106.98379138678551, 25.35945118345535], [107.0083295033158, 25.353432932896013], [107.00956097875776, 25.276139150647882], [106.97152734598967, 25.233535387403634], [106.92915842732623, 25.25147326612126], [106.90025516457769, 25.23256825568298], [106.88425004155056, 25.182800827900518], [106.84912158173029, 25.18762890467952], [106.78375359357065, 25.171825867316418], [106.76095592613164, 25.183708203015776], [106.72833587173223, 25.163150263590207], [106.68715192874812, 25.179977327436465], [106.64107776647776, 25.165454010970347], [106.636163796291, 25.13353297580954], [106.58695565088962, 25.08863814234878], [106.54750497019137, 25.083719166269123], [106.51602307022884, 25.054943262287374], [106.44624221853329, 25.034170522967433], [106.43822142884419, 25.02007205125041], [106.30102369925362, 24.974661269833646], [106.2117674537549, 24.982820930585994], [106.18771232417794, 24.954063019330697], [106.14143405150114, 24.955063337443463], [106.19388497205695, 24.88684630213854], [106.20252361732595, 24.85214700657679], [106.16921062586951, 24.76146162206362], [106.14637906289502, 24.76359189307961], [106.10999844003229, 24.715219305011818], [106.04354594433184, 24.68539565548706], [106.02082486611626, 24.63437268274701], [105.95820729020183, 24.679114503125536], [105.93854467735275, 24.726413890164952], [105.86034520842398, 24.73076674128272], [105.823947488999, 24.70409180446573], [105.76350837959971, 24.720299844095926], [105.70196858099274, 24.769742054675067], [105.61408733617085, 24.78291366519496], [105.60424330011402, 24.80517197653383], [105.56975776012132, 24.798648548921985], [105.49384970244766, 24.81041008863768], [105.48952642086907, 24.834271126419385], [105.45371942848449, 24.872146648485444], [105.42473448988059, 24.93174191208169], [105.36197427658641, 24.944222590538324], [105.33065017368779, 24.92747172069305], [105.2643029131192, 24.93028292406816], [105.24830993630118, 24.968230012141593], [105.20951699862464, 24.996383323014275], [105.17500037669983, 24.986032401603055], [105.1540396215272, 24.95943993237231], [105.12815363519475, 24.960483214963222], [105.07461589533942, 24.919274129215022], [105.03593159822394, 24.87379075909964], [105.02366436669446, 24.816860387360155], [105.03041303405963, 24.788621472318138], [104.89660342204118, 24.75416321136374], [104.86335373469026, 24.731874780477067], [104.83931813612327, 24.677518529846832], [104.7690558466779, 24.661106960289715], [104.72660056604866, 24.6192573930354], [104.70078944127968, 24.647009204588226], [104.62646912428923, 24.662353281965878], [104.59325631031389, 24.710724392877143], [104.52729480021819, 24.732893022434123], [104.48716233579077, 24.654551265474613], [104.51804227355572, 24.53665406005642], [104.54766625314836, 24.520405459695972], [104.57356165916369, 24.426273801043987], [104.6141833760743, 24.423554386604163], [104.62770843435088, 24.399575309236916], [104.60865086644947, 24.37889223245443], [104.70633108116274, 24.322608292002897], [104.71862069030297, 24.341670002473762], [104.70079845794326, 24.421234710234494], [104.71308494584278, 24.442999460968547], [104.74567372554849, 24.436988156928326], [104.762906816603, 24.46094843390869], [104.78200032807028, 24.445177481778835], [104.833779358392, 24.44798706118315], [104.91137948338294, 24.427910213616194], [104.92736006227925, 24.412646576893025], [104.9770751452983, 24.414171646504013], [105.03963203927137, 24.44339850072868], [105.10354676033555, 24.416104778962445], [105.10847268087623, 24.373617619412933], [105.13557533144558, 24.378004586331986], [105.18489375732247, 24.348667205042638], [105.19352469475388, 24.327972021863154], [105.16146816096531, 24.289751855225163], [105.21201733502737, 24.2162021672343], [105.23972953137086, 24.210220856852203], [105.22618696705186, 24.16710005755203], [105.17935284754829, 24.168672240578708], [105.19723322032377, 24.107006527196276], [105.25696330724551, 24.06280249149341], [105.28954138055713, 24.076427725928404], [105.26987504747356, 24.09447743036462], [105.31717821311297, 24.11788935035304], [105.33068944745965, 24.096019137915924], [105.39214278280956, 24.0669873754026], [105.40260538470588, 24.045132815331577], [105.48956521044119, 24.018518069465042], [105.53031211244816, 24.13171319291246], [105.59134851165878, 24.13944533758622], [105.62518688099662, 24.128504934239068], [105.64608800839557, 24.034519166000155], [105.70077293072991, 24.068295776883875], [105.73582999660259, 24.061157868696142], [105.76169121372654, 24.07536420881781], [105.79868261386913, 24.053552669719434], [105.79313314928243, 24.025129459964763], [105.83817171098075, 24.032314227062894], [105.8560605390684, 24.05857208293125], [105.88873422689878, 24.042212520166743], [105.9047444822649, 24.071170674154985], [105.89858640767476, 24.101214088747252], [105.91582016417478, 24.1241440492672], [105.96007736820339, 24.112600152469156], [105.99445557008181, 24.122331066698116], [106.00796061836314, 24.100991692039965], [106.04603394430269, 24.091061240064], [106.04972316818314, 24.052813117540165], [106.0927844031535, 24.019435172603252], [106.08724447613521, 24.000306473488916], [106.12421477082867, 23.958227168251764], [106.15382713199628, 23.89264101823651], [106.18900055261994, 23.880669112481286], [106.16925597532641, 23.863123917714677], [106.18838618912405, 23.826491891395747], [106.13285641537166, 23.79683512761825], [106.1538354301584, 23.725681452082437], [106.14581751412088, 23.667047745550466], [106.11683431512984, 23.60672043194464], [106.13780263582747, 23.57110978522174], [106.08234332117772, 23.52555971499868], [106.06819428416422, 23.49704769878492], [106.03623449528274, 23.486134384569127], [105.9963296072288, 23.4494844483653], [105.9828232828089, 23.491226202894385], [105.93245458914173, 23.510546310584452], [105.90969481979552, 23.501243791593573], [105.88875816667999, 23.527025321476955], [105.84868241241263, 23.52862628174546], [105.81228099865504, 23.50881358927626], [105.80241181200437, 23.469295619895917], [105.75494451525955, 23.461562067620044], [105.69650125535516, 23.40342959034694], [105.63444079756871, 23.406285543006593], [105.69097237536482, 23.36500826685544], [105.69650468250325, 23.329304890836347], [105.6461194549471, 23.348069497278264], [105.59015425147886, 23.314617916169297], [105.55688150137655, 23.25910095412492], [105.5229454704111, 23.236494732759542], [105.5396124316989, 23.186517012801325], [105.55565152895973, 23.17995147588023], [105.57168560593118, 23.06832268929048], [105.62216037209913, 23.066667220677417], [105.64551791190543, 23.08093857884097], [105.72111034250528, 23.064306174489534], [105.73833949812841, 23.032928000715643], [105.77653190618248, 23.02468644015728], [105.80243370534902, 22.99664826683998], [105.83575185345305, 22.989552246652384], [105.87584449670281, 22.91912011079892], [105.8906322708288, 22.93895825751265], [105.95583200666985, 22.951004107604437], [105.99082880190758, 22.939891725112393], [106.01599424712846, 22.992679140169326], [106.0823691751904, 22.99805926574052], [106.10269060902841, 22.982641951655697], [106.15016989232419, 22.990404828810583], [106.20323277480091, 22.980588205204814], [106.26669002473898, 22.90956597265448], [106.25438193862762, 22.891942077418648], [106.2833002623459, 22.869325198603736], [106.36258779230215, 22.859820489529827], [106.36750546705349, 22.880203467727767], [106.40997335306491, 22.879085262809802], [106.50068869347204, 22.912336973574078], [106.52230279519591, 22.948753391147466], [106.55871434077027, 22.925699986017367], [106.60245122876002, 22.92792974073259], [106.62767048274475, 22.883283119811576], [106.65348108003485, 22.865607765422457], [106.67129479999295, 22.893677192435003], [106.71307942192219, 22.88369041760458], [106.70570406140787, 22.868269671703132], [106.77093443586992, 22.81478352089795], [106.80977176196525, 22.819800632047706], [106.83505908212551, 22.805512907082825], [106.81717482868667, 22.77073767118171], [106.76477687466083, 22.741429496952268], [106.77648475017536, 22.71109452022622], [106.75246230630907, 22.691763599169644], [106.70817706995736, 22.57749068031241], [106.64673670229043, 22.577599530834167], [106.61046458716226, 22.604712466644003], [106.58153716252825, 22.51962743171161], [106.58461926294319, 22.47540332678845], [106.5568859481272, 22.458232098875506], [106.5852397702519, 22.376940817754047], [106.55935704134704, 22.348136059600787], [106.65965042783806, 22.33314078143679], [106.66640985613142, 22.285509495091738], [106.68484058653416, 22.262766646189135], [106.69836116875351, 22.209555971445937], [106.66948645109454, 22.184669086532416], [106.70266470125571, 22.162991687006834], [106.68791874802389, 22.137513973743456], [106.71188800422546, 22.092002754768718], [106.70267129816006, 22.023775422112877], [106.67932411262528, 22.002171080478817], [106.69468549480182, 21.96217706269868], [106.73464685458768, 22.01042427451607], [106.78638021392192, 22.007120149008724], [106.79871202023195, 21.983827000438694], [106.8554476134449, 21.98836781645935], [106.92256333627297, 21.970070927816806], [106.93178462691408, 21.93619175086225], [106.97047055080816, 21.92555559523908], [106.99562519468884, 21.949912862694305], [107.05578172491653, 21.91699466389766], [107.0545551960388, 21.889227442876106], [107.01465028752813, 21.861548548847292], [107.01403859472812, 21.82154532449591], [107.08960774690789, 21.805296955808753], [107.19070488851327, 21.738724809532133], [107.19502298243022, 21.720938809126064], [107.23816324671475, 21.70541245557122], [107.26770373609631, 21.729314683073913], [107.30643271758669, 21.735932916169226], [107.35252216545516, 21.669672014988304], [107.35928812836556, 21.6040172929404], [107.38388983979627, 21.596201789991607], [107.42700643585144, 21.64406339537991], [107.47329616035559, 21.66196314816354], [107.49677415060718, 21.615857910991064], [107.48256514687094, 21.598010811033895], [107.54309850498151, 21.58871834719466], [107.5807235951754, 21.617148058715614], [107.59920521390784, 21.599902221086797], [107.70867519827429, 21.618658467094846], [107.80357710700764, 21.657630369284938], [107.83382545898064, 21.642666502089476], [107.85974647825729, 21.65327885610344], [107.88811787969277, 21.624933674924932], [107.88996741659436, 21.59878354397787], [107.92507043297447, 21.5881953554518], [107.95397454048198, 21.536384325503807], [108.03014157121382, 21.54785640475122], [108.10398689339664, 21.510474551286876], [108.18976169736925, 21.521735970148665], [108.15210390182176, 21.55283797774866], [108.2014833534254, 21.599672213106544], [108.23725034288152, 21.60193124316172], [108.24587835137051, 21.56353512247466], [108.20642349731068, 21.507844176875263], [108.22616041966964, 21.49338871852918], [108.32585752883361, 21.542285414566727], [108.39352252651109, 21.534960985101534], [108.48854463819148, 21.556830282167002], [108.58790874717126, 21.679437251276216], [108.62237453478949, 21.68220218658863], [108.65495746631206, 21.645996643276625], [108.67400557933458, 21.66153493269131], [108.73179810669698, 21.630304022622273], [108.74164656827482, 21.604706483166954], [108.79772011133532, 21.62867687511108], [108.82917956625408, 21.613154709171997], [108.8772734421452, 21.62936116322094], [108.93388830392931, 21.592061827646795], [109.13423666564373, 21.569489194883356], [109.13793853555855, 21.513832896450058], [109.07019877401666, 21.49153890807266], [109.03517863849082, 21.459861942892495], [109.04193576392181, 21.426430505057713], [109.09050370847093, 21.421358622846217], [109.13424633945057, 21.390753471709022], [109.18173685327578, 21.393066153472418], [109.24152015499573, 21.427668538847293], [109.4803539551079, 21.45546561681631], [109.52544596173433, 21.43944621718693], [109.53655838282823, 21.468433058168078], [109.60005816398761, 21.52584729073514], [109.60805812179241, 21.559240519412384], [109.65049620261364, 21.495725933414654], [109.69967234646565, 21.465011516870074], [109.7809563035698, 21.45887009839392], [109.78403855654595, 21.49284003734979], [109.75013112818752, 21.558500663815135], [109.73842606066388, 21.618600203128516], [109.77354488991648, 21.672572901699702], [109.78156314750642, 21.639763530312838], [109.8352479350161, 21.638742057209807], [109.91169179498912, 21.671068855029038], [109.94059243978266, 21.846698700660756], [109.99525601150496, 21.883774669723994], [110.0462338445403, 21.859193523361803], [110.096687473467, 21.87192181553064], [110.12380589390523, 21.90471141680834], [110.1916793924099, 21.902050124704814], [110.219435363246, 21.88431294884718], [110.27916293268302, 21.894301760581875], [110.28592588692311, 21.919840704911646], [110.33264137991232, 21.88976588534997], [110.38675179134376, 21.895804168717245], [110.37013620604286, 21.969669408950743], [110.34800099767465, 21.978027700706747], [110.3467644773123, 22.099545935698412], [110.3596728467123, 22.127808554841085], [110.32156423511366, 22.15448872538703], [110.34368522136558, 22.19768260905642], [110.37320042452797, 22.166601562635137], [110.40951700977014, 22.210377319277537], [110.45206928462945, 22.191597042583094], [110.50085644344679, 22.145168447891653], [110.55332501403711, 22.198514667378667], [110.59830126847493, 22.185802092691176], [110.593994521985, 22.165293189504382], [110.62475219493203, 22.151414104772627], [110.67390381513255, 22.175166795282784], [110.64195636436274, 22.222886354190123], [110.72059900424678, 22.29808915571349], [110.75444165764564, 22.277034472351254], [110.78216177409406, 22.284810834893634], [110.74458909755856, 22.331851814886026], [110.73658767136895, 22.363957384941628], [110.70645597405822, 22.37173250933082], [110.70768111741579, 22.44309864708796], [110.68371462784563, 22.480187592721016], [110.73658156301745, 22.466300838968035], [110.73534885721614, 22.501133197977847], [110.75812195816357, 22.520481064915348], [110.74457549996872, 22.55916138285905], [110.77351667518198, 22.587350405356208], [110.80742102994475, 22.578561365743276], [110.89309362946572, 22.59414723866212], [110.89124647136589, 22.615686543681946], [110.94534786896742, 22.612874105672272], [110.95394132134504, 22.638808352821993], [110.9919832796374, 22.633732435152137], [111.05027955662202, 22.650693341654843], [111.08408258498369, 22.69757228639019], [111.05273151093473, 22.73181835742048], [111.11301302586502, 22.746685039677512], [111.18021291616162, 22.737965170211606], [111.21288624910495, 22.75015150659716], [111.35307643137122, 22.891152401717825], [111.36905505727529, 22.94015867591351], [111.35737380091187, 22.969360917340634], [111.3979690576745, 22.993005640225455], [111.38381232329189, 23.00732234498948], [111.42815606285697, 23.038164037507993], [111.42753695461076, 23.075031255471732], [111.39673262960008, 23.06785824577493], [111.37212029635826, 23.083826790406746], [111.36043455912284, 23.14654472865022], [111.3788795361227, 23.1690692911853], [111.38318326944017, 23.21194618702781], [111.35919870825094, 23.24164878728712], [111.34751995585206, 23.286173108836095], [111.37087537192683, 23.3059162532303], [111.35796251795563, 23.342181332196], [111.3837873713348, 23.37729743568012], [111.37763453990992, 23.400907430239872], [111.39424276495082, 23.47059965434214], [111.42319441990566, 23.467871396178136], [111.47440873147225, 23.534357623857076], [111.48181370184435, 23.628135434005713], [111.61012485555035, 23.64095559471663], [111.60950815047703, 23.660684471582], [111.66115273787409, 23.720326472083652], [111.61627118131535, 23.727517551352367], [111.62241765708504, 23.790485429813387], [111.64946724412988, 23.834782328281573], [111.80522263612698, 23.808442380943337], [111.81941702271443, 23.834194370180192], [111.80706881198351, 23.888890533579335], [111.84039789032329, 23.90591029221823], [111.84903461099961, 23.94913164932627], [111.90636745610527, 23.9453446393967], [111.93528431790402, 23.989599395541884], [111.87308218309761, 24.111465859386016], [111.88109330048007, 24.16552348193505], [111.86567627189659, 24.17806343026293], [111.87184073904255, 24.228817661668153], [111.90758007352875, 24.223372123005166], [111.95309042239764, 24.26530630063369], [111.9807308477186, 24.258141047030914], [111.98502797739876, 24.28103277966812], [112.02064180996179, 24.296194053033393], [112.0538231016969, 24.340817137373726], [112.0519748582402, 24.388224602334777], [112.01940308901452, 24.440041566059236], [111.97948784412227, 24.469015377049324], [112.00404657537378, 24.504318811498475], [112.00158798905338, 24.53588429461188], [111.96658402543062, 24.580044919407833], [111.9315525295883, 24.596978467090985], [111.92232358111734, 24.630695542671827], [111.94814720081511, 24.64858767160648], [111.93400622749263, 24.687736476527757], [111.95613093982251, 24.722453235833118], [112.01876726954144, 24.741278028513257], [111.94568102084885, 24.770801207910335], [111.92416057512952, 24.757266466294567], [111.8699538522318, 24.75781224943495], [111.86316851055656, 24.773005117193364], [111.70287779441136, 24.789703303620463], [111.6610809462407, 24.762093782373565], [111.6321933980168, 24.716531150838343], [111.63649966316987, 24.686106433328877], [111.58357877492871, 24.692118630341625], [111.56509241839981, 24.645919047676294], [111.52127606761425, 24.638763990125213], [111.49347831105253, 24.66911506781614], [111.44593129212562, 24.666814665767475], [111.42557517162149, 24.688512042764486], [111.45580184356034, 24.72984937180422], [111.47370319902491, 24.798299526861374], [111.44344915163805, 24.857908963742968], [111.44159540975703, 24.893700436692207], [111.46443080868902, 24.92953672947685], [111.42925494661168, 24.952229871569408], [111.4274039259354, 24.980407842878485], [111.45454819279551, 24.99346370469054], [111.46195405980734, 25.022736326016084], [111.41075778997507, 25.04810758405061], [111.42986132888721, 25.094152684252943], [111.36951764987121, 25.12878770695356], [111.36214194817097, 25.109310832470726], [111.31606322442303, 25.105601573134816], [111.26935715848406, 25.1516781511806], [111.1954717596366, 25.075326200983692], [111.09623212232418, 25.035652390055336], [111.0950072941023, 24.946250047114358], [111.00410135998152, 24.922014856706127], [110.96361170803814, 24.97633606688712], [110.94642142273807, 25.044637241824102], [110.97894146213389, 25.102490449115283], [110.99365782957219, 25.161980503739304], [111.10730163855848, 25.21751490632281], [111.09806119780852, 25.285644142036297], [111.13317446042088, 25.304054850208242], [111.17941837826422, 25.367365120087204], [111.2053146297639, 25.363623987111886], [111.27364213851646, 25.42359618743173], [111.32278966254489, 25.521775171501574], [111.31910067397064, 25.564411659098408], [111.3375259117919, 25.602678846267153], [111.30435261804472, 25.6453474347739], [111.30311837574916, 25.720282404292714], [111.3940801997214, 25.74440369244382], [111.4365961501934, 25.7719172526904], [111.4273400129132, 25.846227709457402], [111.48041975083865, 25.85927073023693], [111.45448261418552, 25.885039714067048], [111.3774573038984, 25.881746152553255], [111.37069011054794, 25.90597274146643], [111.34057543138945, 25.906554875772606], [111.29143340666491, 25.874350877351514], [111.28651929965422, 25.854439121478602], [111.24593057260536, 25.864700613278973], [111.22499261999009, 25.916365640972145], [111.18431006090296, 25.953438323718856], [111.22990977336579, 26.04814159361721], [111.26191248208877, 26.058889849313868], [111.23914349489424, 26.078244247404154], [111.26067950972039, 26.09597247855079], [111.25267829633125, 26.151845712578833], [111.26928265840817, 26.183517656119953], [111.26620627808909, 26.21734192041291], [111.2877204421257, 26.222147579417584], [111.27235066365971, 26.272071371944584], [111.2225032078812, 26.261347858643745], [111.19908372226398, 26.276342550827316], [111.20339720633397, 26.304241372686683], [111.08506343644189, 26.307844910686583], [111.0027762541751, 26.336962941221255], [111.00338707515893, 26.358941616764856], [110.96903709409808, 26.385842598168747], [110.93957642925861, 26.373586129078], [110.93896550081698, 26.326947207871697], [110.92114885474962, 26.320538808349486], [110.93466849705668, 26.286730275346123], [110.83123428539794, 26.256109388574444], [110.75418599409717, 26.24848992684113], [110.73018383460584, 26.271028601443106], [110.7369484274753, 26.313936705615284], [110.71603957525424, 26.294106481886914], [110.66872822483917, 26.317244844002214], [110.63862877293889, 26.308719549554585], [110.60727501129657, 26.33395988078687], [110.57957651533475, 26.296957278205532], [110.54813712361606, 26.28350721305219], [110.54197076401742, 26.23359456287484], [110.49010414093782, 26.166347610931552], [110.47280894211536, 26.179722110252662], [110.36803055926582, 26.088842483805937], [110.32071089121332, 25.975482238657293], [110.25245357178329, 25.96158663742176], [110.2450615729007, 26.011068346100945], [110.17661321061642, 26.060454738347367], [110.1636543141733, 26.028713522177828], [110.0958118299773, 26.020027291078755], [110.0601119649651, 26.050158268288065], [110.095804196557, 26.132349485545266], [110.09395358530222, 26.168870943132088], [110.0250784242298, 26.166285189749907], [109.96552223453514, 26.195454867529982], [109.89972896158184, 26.13594712537494], [109.89418840144559, 26.095654111282098], [109.85966863889655, 26.02790162996128], [109.8096796890642, 26.041255364862856], [109.77760002685199, 25.997116500980013], [109.80166153394484, 25.97402348414763], [109.82141508968289, 25.91164867883064], [109.80660423170963, 25.877712737135585], [109.77452596041046, 25.866361456529653], [109.76342727333824, 25.890576195952764], [109.68035283566383, 25.880414013196756], [109.67481821270214, 25.921865287981536], [109.6889527555436, 25.95950200606461], [109.70616783986137, 25.954633188172135], [109.72523562700572, 25.990114362838632], [109.6446969628764, 26.01713212534209], [109.63055559526961, 26.047798655524968], [109.58378254810432, 26.01986941845686], [109.55542272061939, 26.021452685547107], [109.50850006860534, 25.998217305050005], [109.4776086407081, 26.029850764103134]]]}}, {"type": "Feature", "properties": {"adcode": 450000, "name": "广西壮族自治区", "count": 2}, "geometry": {"type": "Polygon", "coordinates": [[[109.08375643055834, 21.017067707006806], [109.11331042582285, 21.019864834001563], [109.13981384364723, 21.043345944604958], [109.13426355903648, 21.069572648948487], [109.08806106953027, 21.059493953213497], [109.08375643055834, 21.017067707006806]]]}}, {"type": "Feature", "properties": {"adcode": 460000, "name": "海南省", "count": 1}, "geometry": {"type": "Polygon", "coordinates": [[[110.10171810842346, 20.029228901790333], [109.99290276141151, 19.982746475878294], [109.96096909939982, 19.99633618387981], [109.89453799352735, 19.99698519210857], [109.75699228856732, 19.9838696366455], [109.70774350101311, 20.019885766014983], [109.65364764235733, 20.01435814220324], [109.5810447800393, 19.990800687092754], [109.52243613079679, 19.946261571838775], [109.4940266388469, 19.875844046498763], [109.29634267501355, 19.9202621320627], [109.25514187288557, 19.901174587378247], [109.25145048715095, 19.869661070169204], [109.22682017740526, 19.865715609993075], [109.15468040332648, 19.792985715493764], [109.16516895913898, 19.73894334510278], [109.1429666311696, 19.707360884392923], [109.08936297503999, 19.69210573672329], [109.04448573159881, 19.622290328405736], [108.98924556589054, 19.589754302371485], [108.85148878571742, 19.47204387570229], [108.80214382592118, 19.45334284930317], [108.7614609099291, 19.403652941841187], [108.69009339476337, 19.390162683682828], [108.64093138862371, 19.35244739175043], [108.6052624584059, 19.279677388266833], [108.58741278971041, 19.14470926412826], [108.59480691591415, 19.05881911522921], [108.62680692643707, 19.00622330661942], [108.63418876057187, 18.92760482515076], [108.59173577108105, 18.875587242348626], [108.58927475425519, 18.812763367117707], [108.64895032427535, 18.743626871490704], [108.6600144998101, 18.6767597508234], [108.63727907305385, 18.569098800653148], [108.64097035712201, 18.490247388014556], [108.68522033524832, 18.451010546721633], [108.77259649445601, 18.445284724471158], [108.87742681003552, 18.419902936135117], [108.94080557589926, 18.317650401633866], [109.10420669196553, 18.3269781177841], [109.13440478919794, 18.271327230858596], [109.28351528939791, 18.268042077741264], [109.35111623777574, 18.21847370380814], [109.43669219433237, 18.202546760717592], [109.4626129701681, 18.177016787654402], [109.52314099337016, 18.172641720060522], [109.58051831569594, 18.147150537344643], [109.65742549638667, 18.178928747672465], [109.72198508812042, 18.181098736928266], [109.74537692309934, 18.197008675064723], [109.78111734138733, 18.343078845363905], [109.91555301426396, 18.37901192161305], [110.01816050158459, 18.36343171801431], [110.06609612588397, 18.379230487956974], [110.0857886202052, 18.402494289373685], [110.11227420249945, 18.50976262231843], [110.2417931681899, 18.6131508697586], [110.32482644514599, 18.64536230333227], [110.36293860647764, 18.63509453555204], [110.49486906305357, 18.65508847927048], [110.49486401493732, 18.754795362419827], [110.57385098269572, 18.787816472936974], [110.61507584784376, 19.15540467001268], [110.67221951496727, 19.289145824542587], [110.70170888290455, 19.322961011392483], [110.72506751541826, 19.381623477337744], [110.78232399712762, 19.40251498214281], [110.83966441668703, 19.452818489454764], [110.91602812688392, 19.555498086130125], [111.0038148518031, 19.606587422800185], [111.05660407679977, 19.614910343081455], [111.06643549381465, 19.63123979911398], [111.03878514215336, 19.76592551338292], [110.96145918668293, 20.021061472296783], [110.93628387655005, 20.031238583976215], [110.86675731417743, 20.01438527670758], [110.80386620032327, 20.038456163897358], [110.77366103103476, 20.071020395795824], [110.73979391141616, 20.07662756490945], [110.71272844918501, 20.151388288921105], [110.68323086510071, 20.166602470681564], [110.65128803823569, 20.1368853989453], [110.55775570450832, 20.11275654753107], [110.52196767978933, 20.077831913917812], [110.38254465456026, 20.115793590832777], [110.31368777516732, 20.111403648565744], [110.28479799871249, 20.058617057551334], [110.23863780343862, 20.08000582726916], [110.1399456768424, 20.07705457767445], [110.10171810842346, 20.029228901790333]]]}}, {"type": "Feature", "properties": {"adcode": 460000, "name": "海南省", "count": 1}, "geometry": {"type": "Polygon", "coordinates": [[[112.20401922572987, 3.877572174371701], [112.241858, 3.845677], [112.27549249448506, 3.869222438522354], [112.2557931089199, 3.919421590588764], [112.21450397834077, 3.9104446579541934], [112.20401922572987, 3.877572174371701]]]}}, {"type": "Feature", "properties": {"adcode": 460000, "name": "海南省", "count": 1}, "geometry": {"type": "Polygon", "coordinates": [[[113.26133412848985, 8.127525374422802], [113.30623604734602, 8.179027225818738], [113.3382033297239, 8.194967179055228], [113.28410039809194, 8.120983168596217], [113.34496828212191, 8.173621124420364], [113.38126188359584, 8.239941699113276], [113.3812599284181, 8.29089191825534], [113.34926711299948, 8.305740178809513], [113.34865464644764, 8.239389057944813], [113.28901809748976, 8.177870242959267], [113.26133412848985, 8.127525374422802]]]}}, {"type": "Feature", "properties": {"adcode": 460000, "name": "海南省", "count": 1}, "geometry": {"type": "Polygon", "coordinates": [[[111.99733, 3.848065], [112.015192, 3.823583], [112.064467, 3.830152], [112.06896515006214, 3.8672747930831517], [112.0289955007359, 3.8936377611780757], [111.99733, 3.848065]]]}}, {"type": "Feature", "properties": {"adcode": 460000, "name": "海南省", "count": 1}, "geometry": {"type": "Polygon", "coordinates": [[[111.45812437554437, 17.08076430584827], [111.53160914453076, 17.108422242261458], [111.48097041861634, 17.06138007042176], [111.5544434455366, 17.0913139198285], [111.53716455520365, 17.123302387577034], [111.44701456507359, 17.096179466610714], [111.45812437554437, 17.08076430584827]]]}}, {"type": "Feature", "properties": {"adcode": 460000, "name": "海南省", "count": 1}, "geometry": {"type": "Polygon", "coordinates": [[[117.70367552383017, 15.18552383896442], [117.70798579919978, 15.121402506393716], [117.7221409533206, 15.10809931644299], [117.82326990864598, 15.114537389224992], [117.72029284214152, 15.134097574792497], [117.71598086630733, 15.1982138974832], [117.73999162748115, 15.220720598763995], [117.78006334473947, 15.17165254086173], [117.83437977542778, 15.161925345050394], [117.7782115671311, 15.19013241025223], [117.7436864341182, 15.232846911504822], [117.71044170836132, 15.225362575543047], [117.70367552383017, 15.18552383896442]]]}}, {"type": "Feature", "properties": {"adcode": 460000, "name": "海南省", "count": 1}, "geometry": {"type": "Polygon", "coordinates": [[[112.23731262688759, 3.943916112593959], [112.28779511931319, 3.9480666633349886], [112.2834877134934, 3.9749559570516984], [112.24963313509184, 3.980955588766241], [112.23731262688759, 3.943916112593959]]]}}, {"type": "Feature", "properties": {"adcode": 460000, "name": "海南省", "count": 1}, "geometry": {"type": "Polygon", "coordinates": [[[111.7292354740322, 16.200617721175885], [111.77482605264063, 16.20062905787312], [111.81184139123243, 16.22771019958208], [111.80813631738843, 16.26507135536328], [111.77728903655566, 16.277096025235313], [111.71138833147913, 16.25237980078192], [111.78469096119748, 16.253537480372167], [111.78530935907628, 16.2236423753628], [111.7292354740322, 16.200617721175885]]]}}, {"type": "Feature", "properties": {"adcode": 460000, "name": "海南省", "count": 1}, "geometry": {"type": "Polygon", "coordinates": [[[111.64437637056821, 16.25939464413526], [111.57298596755874, 16.21171693543989], [111.56312431123992, 16.16627333873544], [111.60624752644397, 16.159962186053175], [111.68556271791856, 16.21447348217685], [111.60193844877548, 16.18124551832067], [111.59393287683615, 16.201949873251905], [111.67633951682953, 16.26565835735119], [111.64437637056821, 16.25939464413526]]]}}, {"type": "Feature", "properties": {"adcode": 460000, "name": "海南省", "count": 1}, "geometry": {"type": "Polygon", "coordinates": [[[113.89247175039264, 7.608840319110207], [113.91527178124959, 7.568494333049075], [113.98293018782076, 7.537503292821463], [114.05423777273083, 7.539093524038705], [114.36422198419531, 7.6399301052474575], [114.40302013453022, 7.684396905887008], [114.41534642209893, 7.766849389592126], [114.45978525817323, 7.8161518985485], [114.53639831552051, 7.863811701449349], [114.55121517336252, 7.892900497683596], [114.53639524223047, 7.947422309846894], [114.50735883699014, 7.968095229575913], [114.46842807569107, 7.97035271231945], [114.41040707183953, 7.954241753866786], [114.2639217194835, 7.8719954331916515], [114.20720545134952, 7.788354256020405], [114.02471422275285, 7.671448430099322], [113.9171158245214, 7.64086524638168], [113.89247175039264, 7.608840319110207]]]}}, {"type": "Feature", "properties": {"adcode": 460000, "name": "海南省", "count": 1}, "geometry": {"type": "Polygon", "coordinates": [[[113.97243227372408, 8.874668255243899], [114.00868966356194, 8.838491977166777], [114.03081905446517, 8.785208114915175], [114.05541993811399, 8.81768160836246], [114.03635085847526, 8.845512314771575], [113.9853379626404, 8.880543025361415], [113.97243227372408, 8.874668255243899]]]}}, {"type": "Feature", "properties": {"adcode": 460000, "name": "海南省", "count": 1}, "geometry": {"type": "Polygon", "coordinates": [[[113.95153133880224, 8.842201740627408], [113.97059128848363, 8.79484552243667], [114.00746298353856, 8.80005739224475], [113.9730481551318, 8.843329140787505], [113.95153133880224, 8.842201740627408]]]}}, {"type": "Feature", "properties": {"adcode": 460000, "name": "海南省", "count": 1}, "geometry": {"type": "Polygon", "coordinates": [[[111.96953504116632, 16.327148348160527], [111.99717379096285, 16.309827033053907], [112.07092362718299, 16.32689743017761], [112.06969134781316, 16.352753514663885], [112.04201528954931, 16.363714379352427], [111.99778570189902, 16.354068827921374], [111.96953504116632, 16.327148348160527]]]}}, {"type": "Feature", "properties": {"adcode": 460000, "name": "海南省", "count": 1}, "geometry": {"type": "Polygon", "coordinates": [[[111.73414673531421, 16.45631226995844], [111.76186664388335, 16.473538259820547], [111.78159394944353, 16.52349250982378], [111.75446700144505, 16.549293167220643], [111.76063257574953, 16.49879424503067], [111.73414673531421, 16.45631226995844]]]}}, {"type": "Feature", "properties": {"adcode": 460000, "name": "海南省", "count": 1}, "geometry": {"type": "Polygon", "coordinates": [[[112.21186995485134, 8.868084574144843], [112.20138258914338, 8.889355890902229], [112.17546596959771, 8.863887973915956], [112.21186995485134, 8.868084574144843]]]}}, {"type": "Feature", "properties": {"adcode": 460000, "name": "海南省", "count": 1}, "geometry": {"type": "Polygon", "coordinates": [[[113.78755196524749, 7.374933159219074], [113.8239784874392, 7.363722491274337], [113.82459526305091, 7.385083834573579], [113.78755196524749, 7.374933159219074]]]}}, {"type": "Feature", "properties": {"adcode": 460000, "name": "海南省", "count": 1}, "geometry": {"type": "Polygon", "coordinates": [[[114.18988548624041, 8.766329574673575], [114.19667727731402, 8.729669130644126], [114.24417468982097, 8.726161889093735], [114.21765738949, 8.786476011182259], [114.18988548624041, 8.766329574673575]]]}}, {"type": "Feature", "properties": {"adcode": 460000, "name": "海南省", "count": 1}, "geometry": {"type": "Polygon", "coordinates": [[[112.2275387555006, 16.99962346399331], [112.20287065963359, 16.990442199932094], [112.2176758269891, 16.96413668858823], [112.28788123044016, 16.970983778770414], [112.26142087189366, 16.997334201585335], [112.2275387555006, 16.99962346399331]]]}}, {"type": "Feature", "properties": {"adcode": 460000, "name": "海南省", "count": 1}, "geometry": {"type": "Polygon", "coordinates": [[[114.68532971603165, 10.348060272378245], [114.69824482659837, 10.315046595835373], [114.72162102714539, 10.321498663861737], [114.74316622974176, 10.374506465097593], [114.71300423256176, 10.382771959221234], [114.68532971603165, 10.348060272378245]]]}}, {"type": "Feature", "properties": {"adcode": 460000, "name": "海南省", "count": 1}, "geometry": {"type": "Polygon", "coordinates": [[[115.83354923877638, 9.71174664945314], [115.85700406325017, 9.69643947332062], [115.86317690308259, 9.652173597339825], [115.89708979436962, 9.6728592607305], [115.9217203365517, 9.783815580729655], [115.8970847606774, 9.79799275642747], [115.86687283565024, 9.780857705458924], [115.83354923877638, 9.71174664945314]]]}}, {"type": "Feature", "properties": {"adcode": 460000, "name": "海南省", "count": 1}, "geometry": {"type": "Polygon", "coordinates": [[[114.61338986897768, 9.967927143978635], [114.63800181111145, 9.919520503712642], [114.66813177011689, 9.930086916921343], [114.68165500878392, 9.981385551010165], [114.61338986897768, 9.967927143978635]]]}}, {"type": "Feature", "properties": {"adcode": 460000, "name": "海南省", "count": 1}, "geometry": {"type": "Polygon", "coordinates": [[[113.7647143517594, 7.638322642431125], [113.76903351161378, 7.603327101201224], [113.81038493174893, 7.604572218162627], [113.82705493433805, 7.646128070996873], [113.7647143517594, 7.638322642431125]]]}}, {"type": "Feature", "properties": {"adcode": 460000, "name": "海南省", "count": 1}, "geometry": {"type": "Polygon", "coordinates": [[[109.459952351466, 7.345740878586209], [109.45995325658241, 7.3166651949499855], [109.50935747498633, 7.3215540139863835], [109.5679875988344, 7.37508816160873], [109.65046464479231, 7.4812496429552855], [109.70517919737942, 7.512595867938326], [109.78771226570171, 7.526242550481534], [109.9350488712353, 7.50619476185259], [109.94488558468835, 7.5245682500840525], [109.90119967859918, 7.553092999668602], [109.8123895539795, 7.574336761109395], [109.71809565137923, 7.577245460843833], [109.64923248628781, 7.561342853586967], [109.53220118218702, 7.450374285736913], [109.459952351466, 7.345740878586209]]]}}, {"type": "Feature", "properties": {"adcode": 460000, "name": "海南省", "count": 1}, "geometry": {"type": "Polygon", "coordinates": [[[116.26907904376637, 8.881081310590357], [116.29000123211543, 8.85977138819235], [116.32812577425834, 8.90286357263121], [116.30168518010703, 8.918875212711592], [116.26907904376637, 8.881081310590357]]]}}, {"type": "Feature", "properties": {"adcode": 460000, "name": "海南省", "count": 1}, "geometry": {"type": "Polygon", "coordinates": [[[112.471450334793, 16.00433322507386], [112.56531077074253, 16.014356337423415], [112.60720002347446, 16.042573240276376], [112.58318309499582, 16.07422904398223], [112.45724293633239, 16.046891170228694], [112.44366376109438, 16.00829548579105], [112.471450334793, 16.00433322507386]]]}}, {"type": "Feature", "properties": {"adcode": 460000, "name": "海南省", "count": 1}, "geometry": {"type": "Polygon", "coordinates": [[[112.53291739295148, 8.848106445839665], [112.56623917960748, 8.817420166997026], [112.63519656309595, 8.820358884561259], [112.59396774943094, 8.861194201923398], [112.53291739295148, 8.848106445839665]]]}}, {"type": "Feature", "properties": {"adcode": 460000, "name": "海南省", "count": 1}, "geometry": {"type": "Polygon", "coordinates": [[[114.46460847338852, 10.838677965012296], [114.47078729364956, 10.816944501826773], [114.50909988261893, 10.851152076871047], [114.56097446956299, 10.838928404932027], [114.58933592226911, 10.858936500817531], [114.58317157666795, 10.911828024164645], [114.55048084630042, 10.90356224497448], [114.46460847338852, 10.838677965012296]]]}}, {"type": "Feature", "properties": {"adcode": 460000, "name": "海南省", "count": 1}, "geometry": {"type": "Polygon", "coordinates": [[[112.40417892519798, 16.298150938406575], [112.37831698679693, 16.26884403546623], [112.40602930685404, 16.26653908901725], [112.47081784937353, 16.291941221472538], [112.52641586527642, 16.28922878697442], [112.5319726925742, 16.315679125925854], [112.50417774634651, 16.32077375986032], [112.40417892519798, 16.298150938406575]]]}}, {"type": "Feature", "properties": {"adcode": 460000, "name": "海南省", "count": 1}, "geometry": {"type": "Polygon", "coordinates": [[[116.48458999048414, 10.398020307204302], [116.45741558128353, 10.351412715599864], [116.46297523549343, 10.311365304569973], [116.5074507906899, 10.300299930544917], [116.5623926470662, 10.306909338750529], [116.6405797403656, 10.3375260315826], [116.63381567481763, 10.367579777076646], [116.51053758623522, 10.351564737217206], [116.5383235473233, 10.422318872759732], [116.52226991828677, 10.42934490552177], [116.48458999048414, 10.398020307204302]]]}}, {"type": "Feature", "properties": {"adcode": 460000, "name": "海南省", "count": 1}, "geometry": {"type": "Polygon", "coordinates": [[[112.34383510506744, 16.915364489216525], [112.3555184432142, 16.928511374786034], [112.32907739221545, 16.965760553134878], [112.29710653464916, 16.966391505309524], [112.34383510506744, 16.915364489216525]]]}}, {"type": "Feature", "properties": {"adcode": 460000, "name": "海南省", "count": 1}, "geometry": {"type": "Polygon", "coordinates": [[[111.49520748033987, 16.455165439573552], [111.49026755921517, 16.44079601592135], [111.54090298573125, 16.438064415952745], [111.53349407738855, 16.465032831490227], [111.49520748033987, 16.455165439573552]]]}}, {"type": "Feature", "properties": {"adcode": 460000, "name": "海南省", "count": 1}, "geometry": {"type": "Polygon", "coordinates": [[[115.49580419772371, 9.899898334370173], [115.543986821958, 9.871115518450761], [115.58100079720603, 9.898308795815813], [115.57730075799957, 9.919546533614724], [115.51372075442393, 9.93594068538579], [115.49580419772371, 9.899898334370173]]]}}, {"type": "Feature", "properties": {"adcode": 460000, "name": "海南省", "count": 1}, "geometry": {"type": "Polygon", "coordinates": [[[114.66573857597766, 8.211773022466799], [114.68725877803126, 8.186845635430242], [114.73709417436913, 8.190936176875049], [114.72231907422398, 8.212276964452721], [114.66573857597766, 8.211773022466799]]]}}, {"type": "Feature", "properties": {"adcode": 460000, "name": "海南省", "count": 1}, "geometry": {"type": "Polygon", "coordinates": [[[114.5036460137443, 8.121621095918071], [114.52589031747043, 8.105088988430687], [114.59190715373221, 8.12237457785997], [114.62022907350382, 8.151401441709504], [114.59190577455867, 8.159713064937856], [114.5036460137443, 8.121621095918071]]]}}, {"type": "Feature", "properties": {"adcode": 460000, "name": "海南省", "count": 1}, "geometry": {"type": "Polygon", "coordinates": [[[115.16316210453994, 8.388099856322764], [115.17673765987638, 8.347259621572663], [115.2316246693127, 8.323639740340822], [115.28087665043618, 8.316512442865301], [115.31100619231967, 8.35792640095772], [115.29502034852307, 8.372169010047216], [115.19832859967687, 8.39704498623713], [115.16316210453994, 8.388099856322764]]]}}, {"type": "Feature", "properties": {"adcode": 460000, "name": "海南省", "count": 1}, "geometry": {"type": "Polygon", "coordinates": [[[113.89060745408543, 8.006785333479954], [113.90047131008356, 7.965284362983945], [113.96632124697908, 7.946209672032637], [113.9650905889163, 7.976452212436422], [113.93556945388197, 8.019797114552727], [113.89060745408543, 8.006785333479954]]]}}, {"type": "Feature", "properties": {"adcode": 460000, "name": "海南省", "count": 1}, "geometry": {"type": "Polygon", "coordinates": [[[115.43159978521884, 9.395000839004153], [115.44579527605704, 9.346596151426295], [115.46555359983508, 9.360817957844791], [115.45196528775693, 9.418663048457056], [115.43159978521884, 9.395000839004153]]]}}, {"type": "Feature", "properties": {"adcode": 460000, "name": "海南省", "count": 1}, "geometry": {"type": "Polygon", "coordinates": [[[116.4531428230128, 9.175886854844789], [116.47290502647388, 9.138714691085942], [116.49637734759892, 9.165962652248815], [116.4531428230128, 9.175886854844789]]]}}, {"type": "Feature", "properties": {"adcode": 460000, "name": "海南省", "count": 1}, "geometry": {"type": "Polygon", "coordinates": [[[113.6335509767841, 8.978800193145902], [113.65016220190404, 8.963995083198657], [113.72583725615658, 9.005841833855524], [113.7147540241343, 9.021809723628964], [113.6335509767841, 8.978800193145902]]]}}, {"type": "Feature", "properties": {"adcode": 460000, "name": "海南省", "count": 1}, "geometry": {"type": "Polygon", "coordinates": [[[114.69268109907689, 11.006874377993267], [114.70621195605395, 11.004503817352255], [114.7887493449649, 11.079102895277211], [114.79553329246345, 11.10730189686103], [114.7622344899654, 11.112548550420632], [114.70621038395754, 11.042097164310734], [114.69268109907689, 11.006874377993267]]]}}, {"type": "Feature", "properties": {"adcode": 460000, "name": "海南省", "count": 1}, "geometry": {"type": "Polygon", "coordinates": [[[114.61579231724593, 11.434949956113185], [114.64839419225697, 11.439598215425693], [114.65761443335943, 11.525225119182144], [114.61701972291677, 11.521180346814296], [114.61579231724593, 11.434949956113185]]]}}, {"type": "Feature", "properties": {"adcode": 460000, "name": "海南省", "count": 1}, "geometry": {"type": "Polygon", "coordinates": [[[114.90654398752739, 10.865986186423171], [114.92685080814258, 10.844221216487496], [114.95573826026086, 10.904703804463582], [114.92992360833745, 10.905341035373223], [114.90654398752739, 10.865986186423171]]]}}, {"type": "Feature", "properties": {"adcode": 460000, "name": "海南省", "count": 1}, "geometry": {"type": "Polygon", "coordinates": [[[111.56804201546164, 16.47370668624074], [111.57359049601509, 16.45074726760238], [111.60931082812624, 16.44385947741835], [111.58776007886588, 16.494384399218657], [111.56804201546164, 16.47370668624074]]]}}, {"type": "Feature", "properties": {"adcode": 460000, "name": "海南省", "count": 1}, "geometry": {"type": "Polygon", "coordinates": [[[113.93492172202997, 8.877119603749602], [113.90783016196384, 8.890747336429127], [113.88934192958752, 8.864733575407968], [113.91214454775299, 8.839895234165748], [113.93492172202997, 8.877119603749602]]]}}, {"type": "Feature", "properties": {"adcode": 460000, "name": "海南省", "count": 1}, "geometry": {"type": "Polygon", "coordinates": [[[109.93257785127321, 7.850238082523337], [109.93257864119609, 7.825329650846722], [109.98419554830262, 7.813937729818053], [110.04623398154955, 7.847570134039587], [110.07883225446265, 7.897931273188521], [110.073906398024, 7.950709029372442], [110.0290248293296, 7.946046901956051], [109.94917611095791, 7.89053223548321], [109.93257785127321, 7.850238082523337]]]}}, {"type": "Feature", "properties": {"adcode": 460000, "name": "海南省", "count": 1}, "geometry": {"type": "Polygon", "coordinates": [[[116.72290573752166, 11.503989894931463], [116.76107772145168, 11.433002387671534], [116.76785525927977, 11.448260420562338], [116.73398104638744, 11.517473623832354], [116.72290573752166, 11.503989894931463]]]}}, {"type": "Feature", "properties": {"adcode": 460000, "name": "海南省", "count": 1}, "geometry": {"type": "Polygon", "coordinates": [[[111.68554361978929, 16.591232198115605], [111.71937021100952, 16.563647409316964], [111.7119859484615, 16.59750182737731], [111.68554361978929, 16.591232198115605]]]}}, {"type": "Feature", "properties": {"adcode": 460000, "name": "海南省", "count": 1}, "geometry": {"type": "Polygon", "coordinates": [[[112.50231650390708, 16.469526807758047], [112.58192774121706, 16.529380172745523], [112.57021643845373, 16.540847645898506], [112.49428352619492, 16.49705714064142], [112.50231650390708, 16.469526807758047]]]}}, {"type": "Feature", "properties": {"adcode": 460000, "name": "海南省", "count": 1}, "geometry": {"type": "Polygon", "coordinates": [[[111.75634038560665, 16.06484975015804], [111.7865528112228, 16.03207265249079], [111.82357662172755, 16.05285656160895], [111.82481005438713, 16.074152322498758], [111.75634038560665, 16.06484975015804]]]}}, {"type": "Feature", "properties": {"adcode": 460000, "name": "海南省", "count": 1}, "geometry": {"type": "Polygon", "coordinates": [[[113.84116561654953, 10.020970785523405], [113.86092040541482, 10.005666430516909], [113.86770355901868, 10.125392009980905], [113.85227430131381, 10.124190848008146], [113.84116561654953, 10.020970785523405]]]}}, {"type": "Feature", "properties": {"adcode": 460000, "name": "海南省", "count": 1}, "geometry": {"type": "Polygon", "coordinates": [[[114.78763140143673, 8.16252122130182], [114.7728327801351, 8.115682272443067], [114.80799155885927, 8.112176755909072], [114.81416038733282, 8.143008086276], [114.78763140143673, 8.16252122130182]]]}}, {"type": "Feature", "properties": {"adcode": 460000, "name": "海南省", "count": 1}, "geometry": {"type": "Polygon", "coordinates": [[[116.55316303097463, 9.74719416231107], [116.56241662101456, 9.720646740112532], [116.5895348073999, 9.72598103653137], [116.55316303097463, 9.74719416231107]]]}}, {"type": "Feature", "properties": {"adcode": 460000, "name": "海南省", "count": 1}, "geometry": {"type": "Polygon", "coordinates": [[[115.27834086721374, 10.194171656888916], [115.28387832014066, 10.17471184318763], [115.32875938420864, 10.202340024174804], [115.2844918404777, 10.213615536658734], [115.27834086721374, 10.194171656888916]]]}}, {"type": "Feature", "properties": {"adcode": 460000, "name": "海南省", "count": 1}, "geometry": {"type": "Polygon", "coordinates": [[[116.82832938828001, 10.479417584203755], [116.85115013152459, 10.471215441709303], [116.86471390535014, 10.4983171083188], [116.82832938828001, 10.479417584203755]]]}}, {"type": "Feature", "properties": {"adcode": 460000, "name": "海南省", "count": 1}, "geometry": {"type": "Polygon", "coordinates": [[[114.69859226888651, 16.173587069397914], [114.81195644643434, 16.20179851167657], [114.79838173256252, 16.21845056129741], [114.6998209183235, 16.20233964095051], [114.69859226888651, 16.173587069397914]]]}}, {"type": "Feature", "properties": {"adcode": 460000, "name": "海南省", "count": 1}, "geometry": {"type": "Polygon", "coordinates": [[[115.9733910459084, 9.32375861465735], [115.9223547313612, 9.313231972252225], [115.93896871423044, 9.27126925490086], [115.97216419094526, 9.270009719364355], [115.99489447980962, 9.295342445512635], [115.9733910459084, 9.32375861465735]]]}}, {"type": "Feature", "properties": {"adcode": 460000, "name": "海南省", "count": 1}, "geometry": {"type": "Polygon", "coordinates": [[[113.65568699607742, 9.232852794247862], [113.67229504020455, 9.204463684934796], [113.69259300040987, 9.227467176696967], [113.65568699607742, 9.232852794247862]]]}}, {"type": "Feature", "properties": {"adcode": 460000, "name": "海南省", "count": 1}, "geometry": {"type": "Polygon", "coordinates": [[[114.6614572691016, 7.59155507267916], [114.66760701165305, 7.565440384292599], [114.71741959463309, 7.593242327262534], [114.69957815626326, 7.616401168410107], [114.6614572691016, 7.59155507267916]]]}}, {"type": "Feature", "properties": {"adcode": 460000, "name": "海南省", "count": 1}, "geometry": {"type": "Polygon", "coordinates": [[[114.48871156617604, 10.719978203649863], [114.50910510537608, 10.724743971130424], [114.55850857505568, 10.78072380864568], [114.53505011407962, 10.795963293420815], [114.48871156617604, 10.719978203649863]]]}}, {"type": "Feature", "properties": {"adcode": 460000, "name": "海南省", "count": 1}, "geometry": {"type": "Polygon", "coordinates": [[[117.76609042775465, 10.775847899880807], [117.794467115279, 10.75588968333303], [117.83150171838909, 10.806521061513525], [117.82717847333271, 10.84119573405568], [117.79754924267611, 10.842318004196745], [117.77102243437774, 10.811715820889173], [117.76609042775465, 10.775847899880807]]]}}, {"type": "Feature", "properties": {"adcode": 460000, "name": "海南省", "count": 1}, "geometry": {"type": "Polygon", "coordinates": [[[114.23795110989059, 10.244297150379886], [114.25890286651007, 10.241937018285423], [114.32167221504874, 10.286636614731755], [114.30813922450172, 10.303160125561728], [114.26074943972684, 10.277884405706219], [114.23795110989059, 10.244297150379886]]]}}, {"type": "Feature", "properties": {"adcode": 460000, "name": "海南省", "count": 1}, "geometry": {"type": "Polygon", "coordinates": [[[114.68466815660805, 11.471795852267025], [114.71788323926748, 11.431854644879044], [114.73326841626164, 11.46645584384318], [114.716034461456, 11.494626749968289], [114.68466815660805, 11.471795852267025]]]}}, {"type": "Feature", "properties": {"adcode": 460000, "name": "海南省", "count": 1}, "geometry": {"type": "Polygon", "coordinates": [[[116.63442482523556, 10.50655024024018], [116.64917926505257, 10.493574508001961], [116.70449858233789, 10.49524248293459], [116.69527558988817, 10.519980815877608], [116.63442482523556, 10.50655024024018]]]}}, {"type": "Feature", "properties": {"adcode": 460000, "name": "海南省", "count": 1}, "geometry": {"type": "Polygon", "coordinates": [[[110.45578892284499, 8.117946926531006], [110.46690059751549, 8.073520386824748], [110.5502443788543, 8.09567924541512], [110.59584171058788, 8.158546257408261], [110.5644248267566, 8.174528007843126], [110.45763933142801, 8.12980506502612], [110.45578892284499, 8.117946926531006]]]}}, {"type": "Feature", "properties": {"adcode": 460000, "name": "海南省", "count": 1}, "geometry": {"type": "Polygon", "coordinates": [[[111.45850215679076, 8.526659972210703], [111.49246198115195, 8.525572553711712], [111.50481321458727, 8.552244939435802], [111.45850215679076, 8.526659972210703]]]}}, {"type": "Feature", "properties": {"adcode": 460000, "name": "海南省", "count": 1}, "geometry": {"type": "Polygon", "coordinates": [[[115.25379180251863, 8.511354100270516], [115.26671986967149, 8.47878785449062], [115.29193992297743, 8.512501322815691], [115.25379180251863, 8.511354100270516]]]}}, {"type": "Feature", "properties": {"adcode": 460000, "name": "海南省", "count": 1}, "geometry": {"type": "Polygon", "coordinates": [[[113.21698255584333, 8.075355173930554], [113.2311592036479, 8.070031007453494], [113.27856400048712, 8.11269191900078], [113.26502760145954, 8.121595550173412], [113.21698255584333, 8.075355173930554]]]}}, {"type": "Feature", "properties": {"adcode": 460000, "name": "海南省", "count": 1}, "geometry": {"type": "Polygon", "coordinates": [[[114.07010547288137, 10.931454740410386], [114.0596418402212, 10.906787274878303], [114.10522953532036, 10.920868828402481], [114.09166514872922, 10.95024535640723], [114.07010547288137, 10.931454740410386]]]}}, {"type": "Feature", "properties": {"adcode": 460000, "name": "海南省", "count": 1}, "geometry": {"type": "Polygon", "coordinates": [[[117.25365708515062, 10.322647618717612], [117.29487012068843, 10.316125674931149], [117.29548365775314, 10.345581313621274], [117.27026961904227, 10.360340764669123], [117.25365708515062, 10.322647618717612]]]}}, {"type": "Feature", "properties": {"adcode": 460000, "name": "海南省", "count": 1}, "geometry": {"type": "Polygon", "coordinates": [[[114.20807858606557, 16.044074222630577], [114.30726083521321, 16.037703449443917], [114.30172386258313, 16.06073393908427], [114.26417969693847, 16.06250939912071], [114.20807858606557, 16.044074222630577]]]}}, {"type": "Feature", "properties": {"adcode": 460000, "name": "海南省", "count": 1}, "geometry": {"type": "Polygon", "coordinates": [[[110.6050779318375, 8.012726958165024], [110.63889889701265, 7.990754824637779], [110.6376691582705, 8.032849215953773], [110.61860941922677, 8.042951857385859], [110.6050779318375, 8.012726958165024]]]}}, {"type": "Feature", "properties": {"adcode": 460000, "name": "海南省", "count": 1}, "geometry": {"type": "Polygon", "coordinates": [[[115.50512855894524, 8.49243965118126], [115.51748656245887, 8.46228139319573], [115.55021598200067, 8.462952345306833], [115.56502320795407, 8.49198588015833], [115.55453317205931, 8.525119947892637], [115.51007080354931, 8.520868434518707], [115.50512855894524, 8.49243965118126]]]}}, {"type": "Feature", "properties": {"adcode": 460000, "name": "海南省", "count": 1}, "geometry": {"type": "Polygon", "coordinates": [[[111.53448661420529, 7.545891398953506], [111.53819098648619, 7.526323210884179], [111.57889406593227, 7.544775886831562], [111.60783569090553, 7.594015499457827], [111.56224776528278, 7.607641806994479], [111.53448661420529, 7.545891398953506]]]}}, {"type": "Feature", "properties": {"adcode": 460000, "name": "海南省", "count": 1}, "geometry": {"type": "Polygon", "coordinates": [[[111.65330846285507, 8.67482837525691], [111.66130232739566, 8.624520932275708], [111.71294899125593, 8.65165215579886], [111.69265228183608, 8.680671638386185], [111.65330846285507, 8.67482837525691]]]}}, {"type": "Feature", "properties": {"adcode": 460000, "name": "海南省", "count": 1}, "geometry": {"type": "Polygon", "coordinates": [[[110.45641567147158, 7.801333410406318], [110.48358212639732, 7.784801050844039], [110.50766495207819, 7.807411126169034], [110.48111034867759, 7.829274839702507], [110.45641567147158, 7.801333410406318]]]}}, {"type": "Feature", "properties": {"adcode": 460000, "name": "海南省", "count": 1}, "geometry": {"type": "Polygon", "coordinates": [[[112.34112265525161, 8.927689359823773], [112.38788014752316, 8.921130663275642], [112.37987629432043, 8.948327729245905], [112.34112265525161, 8.927689359823773]]]}}, {"type": "Feature", "properties": {"adcode": 460000, "name": "海南省", "count": 1}, "geometry": {"type": "Polygon", "coordinates": [[[116.46546548327659, 9.811879179037465], [116.47534858457308, 9.787118954383974], [116.50438370117365, 9.79310754172119], [116.48646633382542, 9.823152244580202], [116.46546548327659, 9.811879179037465]]]}}, {"type": "Feature", "properties": {"adcode": 460000, "name": "海南省", "count": 1}, "geometry": {"type": "Polygon", "coordinates": [[[111.9207065358568, 8.072586202477936], [111.94469521226135, 8.052393798909197], [111.99016035049684, 8.048716474232831], [112.01411365612334, 8.067020828451342], [112.00858394944834, 8.094896121892777], [111.95022519921405, 8.108101107198944], [111.9207065358568, 8.072586202477936]]]}}, {"type": "Feature", "properties": {"adcode": 460000, "name": "海南省", "count": 1}, "geometry": {"type": "Polygon", "coordinates": [[[114.4526526932289, 15.602077072005809], [114.46191931701824, 15.57960822398446], [114.4872533086699, 15.596403294956975], [114.4526526932289, 15.602077072005809]]]}}, {"type": "Feature", "properties": {"adcode": 460000, "name": "海南省", "count": 1}, "geometry": {"type": "Polygon", "coordinates": [[[114.9809119244497, 11.080874426472658], [115.0091549661859, 11.065519904128326], [115.01713619291127, 11.088400555524574], [114.9809119244497, 11.080874426472658]]]}}, {"type": "Feature", "properties": {"adcode": 460000, "name": "海南省", "count": 1}, "geometry": {"type": "Polygon", "coordinates": [[[114.1006725356172, 16.007078137686424], [114.10560742184546, 15.981173414631272], [114.12719916792877, 16.010553522410767], [114.1006725356172, 16.007078137686424]]]}}, {"type": "Feature", "properties": {"adcode": 460000, "name": "海南省", "count": 1}, "geometry": {"type": "Polygon", "coordinates": [[[116.04094604230963, 10.097372637318003], [116.06308912585082, 10.067846394744349], [116.09141033664689, 10.095542075760486], [116.06616360293144, 10.130937406418212], [116.04094604230963, 10.097372637318003]]]}}, {"type": "Feature", "properties": {"adcode": 460000, "name": "海南省", "count": 1}, "geometry": {"type": "Polygon", "coordinates": [[[117.2622568688031, 10.694096097859187], [117.40000962938763, 10.673327991814158], [117.41356265334339, 10.705095509554484], [117.36492700691679, 10.744514225375118], [117.28870297908188, 10.737588638660508], [117.2622568688031, 10.694096097859187]]]}}, {"type": "Feature", "properties": {"adcode": 460000, "name": "海南省", "count": 1}, "geometry": {"type": "Polygon", "coordinates": [[[114.84998130419812, 7.246272355499234], [114.81542944442582, 7.194577774018244], [114.86540196336013, 7.200598644256028], [114.84998130419812, 7.246272355499234]]]}}, {"type": "Feature", "properties": {"adcode": 460000, "name": "海南省", "count": 1}, "geometry": {"type": "Polygon", "coordinates": [[[112.8186353688764, 8.912529239638438], [112.85503165077031, 8.891311046881828], [112.86859631405227, 8.910247349643944], [112.8186353688764, 8.912529239638438]]]}}, {"type": "Feature", "properties": {"adcode": 460000, "name": "海南省", "count": 1}, "geometry": {"type": "Polygon", "coordinates": [[[111.6656393131028, 7.652659221012645], [111.70252824491463, 7.650221049999625], [111.74499075812878, 7.7053542428213], [111.72159601136217, 7.731462470368708], [111.68653812352433, 7.7131234064971546], [111.6656393131028, 7.652659221012645]]]}}, {"type": "Feature", "properties": {"adcode": 460000, "name": "海南省", "count": 1}, "geometry": {"type": "Polygon", "coordinates": [[[112.20323550842505, 8.837326861259905], [112.2309858729585, 8.82907616955816], [112.23653111588487, 8.85450457601369], [112.20323550842505, 8.837326861259905]]]}}, {"type": "Feature", "properties": {"adcode": 460000, "name": "海南省", "count": 1}, "geometry": {"type": "Polygon", "coordinates": [[[112.5231445975255, 5.796245364139338], [112.52746767133985, 5.768264528492277], [112.55832759913501, 5.7611832109347265], [112.55770869120272, 5.822525576509469], [112.5231445975255, 5.796245364139338]]]}}, {"type": "Feature", "properties": {"adcode": 460000, "name": "海南省", "count": 1}, "geometry": {"type": "Polygon", "coordinates": [[[114.59496056180058, 8.848174667265774], [114.64173398709852, 8.846356704197017], [114.67800968047685, 8.882948623610423], [114.66140834457711, 8.901899494172598], [114.61281639451678, 8.883052002958339], [114.59496056180058, 8.848174667265774]]]}}, {"type": "Feature", "properties": {"adcode": 460000, "name": "海南省", "count": 1}, "geometry": {"type": "Polygon", "coordinates": [[[114.86413990096646, 7.985415692467524], [114.90357917694135, 7.952827737145948], [114.9103495186521, 8.009149288854955], [114.87893582073438, 8.013295789422482], [114.86413990096646, 7.985415692467524]]]}}, {"type": "Feature", "properties": {"adcode": 460000, "name": "海南省", "count": 1}, "geometry": {"type": "Polygon", "coordinates": [[[112.94063509504677, 8.412044210085213], [112.98055876911651, 8.430893247525837], [112.94493555186189, 8.434537738346863], [112.94063509504677, 8.412044210085213]]]}}, {"type": "Feature", "properties": {"adcode": 460000, "name": "海南省", "count": 1}, "geometry": {"type": "Polygon", "coordinates": [[[113.59545466030865, 6.9637805749808095], [113.57573220446743, 6.922210965853704], [113.61885699927963, 6.944173636375037], [113.59545466030865, 6.9637805749808095]]]}}, {"type": "Feature", "properties": {"adcode": 460000, "name": "海南省", "count": 1}, "geometry": {"type": "Polygon", "coordinates": [[[116.69069834933468, 16.348901508344166], [116.70361053949185, 16.302912496572052], [116.73436629880399, 16.306905870575424], [116.74298082182352, 16.36378661448717], [116.7134452361797, 16.377018306482338], [116.69069834933468, 16.348901508344166]]]}}, {"type": "Feature", "properties": {"adcode": 460000, "name": "海南省", "count": 1}, "geometry": {"type": "Polygon", "coordinates": [[[117.34343605707328, 10.092639844290122], [117.34958422470123, 10.064912782314014], [117.38095184547717, 10.065463995038867], [117.36926008153227, 10.10852259777825], [117.34343605707328, 10.092639844290122]]]}}, {"type": "Feature", "properties": {"adcode": 460000, "name": "海南省", "count": 1}, "geometry": {"type": "Polygon", "coordinates": [[[112.9880122395256, 19.47467852145713], [113.03344053166575, 19.48300696354023], [113.04265422759174, 19.50892529026747], [113.02361198508352, 19.53152548006727], [112.98800903419759, 19.528811882419625], [112.97511990203728, 19.49896582549196], [112.9880122395256, 19.47467852145713]]]}}, {"type": "Feature", "properties": {"adcode": 460000, "name": "海南省", "count": 1}, "geometry": {"type": "Polygon", "coordinates": [[[114.4433677590914, 16.03705136875762], [114.48043319878457, 16.037721135683128], [114.5168945244578, 16.05969878620751], [114.46065875265793, 16.070471122308806], [114.4433677590914, 16.03705136875762]]]}}, {"type": "Feature", "properties": {"adcode": 460000, "name": "海南省", "count": 1}, "geometry": {"type": "Polygon", "coordinates": [[[113.82713483104847, 19.161497447966454], [113.86911701547177, 19.154220689861422], [113.90980821317943, 19.175132487514567], [113.9153489914683, 19.226522117771367], [113.87096337318518, 19.24006828021455], [113.8018130845179, 19.225836565622533], [113.79440501298579, 19.202105892443445], [113.82713483104847, 19.161497447966454]]]}}, {"type": "Feature", "properties": {"adcode": 460000, "name": "海南省", "count": 1}, "geometry": {"type": "Polygon", "coordinates": [[[112.64639196949884, 5.108802128120995], [112.65131106222097, 5.05754086770399], [112.67835754558847, 5.050337673067652], [112.714633115615, 5.077696645310823], [112.67405210830539, 5.123053138701029], [112.64639196949884, 5.108802128120995]]]}}, {"type": "Feature", "properties": {"adcode": 460000, "name": "海南省", "count": 1}, "geometry": {"type": "Polygon", "coordinates": [[[111.63427668864763, 7.908931355307222], [111.66071395476847, 7.888723584852012], [111.70805488684348, 7.888641668345818], [111.7086686248247, 7.928963885354156], [111.647187892345, 7.934408356850847], [111.63427668864763, 7.908931355307222]]]}}, {"type": "Feature", "properties": {"adcode": 460000, "name": "海南省", "count": 1}, "geometry": {"type": "Polygon", "coordinates": [[[112.23961156565504, 8.87638257215093], [112.27655545766585, 8.856852596328137], [112.28393703428077, 8.887588883727375], [112.23961156565504, 8.87638257215093]]]}}, {"type": "Feature", "properties": {"adcode": 460000, "name": "海南省", "count": 1}, "geometry": {"type": "Polygon", "coordinates": [[[112.88773941238772, 7.846098194290262], [112.92528607546065, 7.829476837385564], [112.92712973225929, 7.869208570220353], [112.88773941238772, 7.846098194290262]]]}}, {"type": "Feature", "properties": {"adcode": 460000, "name": "海南省", "count": 1}, "geometry": {"type": "Polygon", "coordinates": [[[112.57868047974232, 5.5634511711809465], [112.60208824766978, 5.519371410369698], [112.61009155362001, 5.467538930840544], [112.63838627317367, 5.491334915390164], [112.6119346182581, 5.5705965360256124], [112.57868047974232, 5.5634511711809465]]]}}, {"type": "Feature", "properties": {"adcode": 460000, "name": "海南省", "count": 1}, "geometry": {"type": "Polygon", "coordinates": [[[112.51882552865813, 5.658051260098146], [112.54043792100009, 5.618196776774736], [112.56141606031314, 5.632531519181355], [112.55709645358243, 5.678986011668832], [112.52438333748732, 5.689040301446431], [112.51882552865813, 5.658051260098146]]]}}, {"type": "Feature", "properties": {"adcode": 460000, "name": "海南省", "count": 1}, "geometry": {"type": "Polygon", "coordinates": [[[115.35687413503759, 13.951493358235371], [115.39256678862787, 13.927636754428386], [115.43386541148598, 13.946260043827802], [115.41844474840445, 13.979940093478806], [115.37286675047814, 13.971228400018248], [115.35687413503759, 13.951493358235371]]]}}, {"type": "Feature", "properties": {"adcode": 460000, "name": "海南省", "count": 1}, "geometry": {"type": "Polygon", "coordinates": [[[113.5922486978639, 10.243309178546195], [113.61319100604514, 10.224440937598404], [113.63350059114549, 10.245634682426408], [113.5922486978639, 10.243309178546195]]]}}, {"type": "Feature", "properties": {"adcode": 460000, "name": "海南省", "count": 1}, "geometry": {"type": "Polygon", "coordinates": [[[113.85573585758866, 15.480073739890305], [113.8890525366114, 15.466836110414304], [113.88535210934941, 15.493949128513227], [113.85573585758866, 15.480073739890305]]]}}, {"type": "Feature", "properties": {"adcode": 460000, "name": "海南省", "count": 1}, "geometry": {"type": "Polygon", "coordinates": [[[112.90261574961748, 4.9950190310635705], [112.9389092506077, 4.993789718898196], [112.9481256284695, 5.049796796494782], [112.90630814391221, 5.040315924741382], [112.90261574961748, 4.9950190310635705]]]}}, {"type": "Feature", "properties": {"adcode": 460000, "name": "海南省", "count": 1}, "geometry": {"type": "Polygon", "coordinates": [[[112.55279681660801, 5.111202059687572], [112.56451783299866, 5.073674199154527], [112.60641131619062, 5.093356675411469], [112.59717592672457, 5.121965090207105], [112.55279681660801, 5.111202059687572]]]}}, {"type": "Feature", "properties": {"adcode": 460000, "name": "海南省", "count": 1}, "geometry": {"type": "Polygon", "coordinates": [[[112.34554321611016, 5.623299900859974], [112.38122571740116, 5.617298079026081], [112.38060920899781, 5.644698678703544], [112.34554321611016, 5.623299900859974]]]}}, {"type": "Feature", "properties": {"adcode": 460000, "name": "海南省", "count": 1}, "geometry": {"type": "Polygon", "coordinates": [[[112.22138544111182, 16.76257308097568], [112.2491179774488, 16.75513442931553], [112.2571220407972, 16.78148820562498], [112.20596555653908, 16.799224030162154], [112.22138544111182, 16.76257308097568]]]}}, {"type": "Feature", "properties": {"adcode": 460000, "name": "海南省", "count": 1}, "geometry": {"type": "Polygon", "coordinates": [[[112.22883824466098, 15.699078046099475], [112.2547119676704, 15.737700308049998], [112.23561529033614, 15.744041301998536], [112.1986177734189, 15.716915024693458], [112.22883824466098, 15.699078046099475]]]}}, {"type": "Feature", "properties": {"adcode": 460000, "name": "海南省", "count": 1}, "geometry": {"type": "Polygon", "coordinates": [[[112.60763262612818, 5.369835125449344], [112.63593205240916, 5.349548130059961], [112.6808051560702, 5.373297460676347], [112.6863369583313, 5.408438904401823], [112.61932328973114, 5.403784954674899], [112.60763262612818, 5.369835125449344]]]}}, {"type": "Feature", "properties": {"adcode": 460000, "name": "海南省", "count": 1}, "geometry": {"type": "Polygon", "coordinates": [[[112.46755227248259, 5.741289480931791], [112.49226107340242, 5.738383426007951], [112.49349546754914, 5.777100732314302], [112.46755227248259, 5.741289480931791]]]}}, {"type": "Feature", "properties": {"adcode": 460000, "name": "海南省", "count": 1}, "geometry": {"type": "Polygon", "coordinates": [[[113.21273113336703, 6.308081340170635], [113.22567756467433, 6.28727138191588], [113.23923127769054, 6.327730564775404], [113.21273113336703, 6.308081340170635]]]}}, {"type": "Feature", "properties": {"adcode": 460000, "name": "海南省", "count": 1}, "geometry": {"type": "Polygon", "coordinates": [[[116.1481732422223, 9.581034067802863], [116.18521033202494, 9.566932506734], [116.18335722216129, 9.597040488221651], [116.1481732422223, 9.581034067802863]]]}}, {"type": "Feature", "properties": {"adcode": 460000, "name": "海南省", "count": 1}, "geometry": {"type": "Polygon", "coordinates": [[[114.94480993159378, 7.510308614743355], [114.95648610654442, 7.486551222459909], [115.00806877442696, 7.48640280782709], [115.00929541325522, 7.527335106294307], [114.94480993159378, 7.510308614743355]]]}}, {"type": "Feature", "properties": {"adcode": 460000, "name": "海南省", "count": 1}, "geometry": {"type": "Polygon", "coordinates": [[[111.54928861220426, 7.80929233963377], [111.58073486953559, 7.773153559402698], [111.61521117864649, 7.841943592684784], [111.59920870222696, 7.863302503302191], [111.54928861220426, 7.80929233963377]]]}}, {"type": "Feature", "properties": {"adcode": 460000, "name": "海南省", "count": 1}, "geometry": {"type": "Polygon", "coordinates": [[[113.93399851665696, 15.838681778575616], [113.96843602553355, 15.808643253705283], [113.96597649669083, 15.842643614637742], [113.93399851665696, 15.838681778575616]]]}}, {"type": "Feature", "properties": {"adcode": 460000, "name": "海南省", "count": 1}, "geometry": {"type": "Polygon", "coordinates": [[[114.92169382834217, 16.04023466502082], [114.89091345230588, 16.039671637155486], [114.90631042784818, 16.005134136134615], [114.92169382834217, 16.04023466502082]]]}}, {"type": "Feature", "properties": {"adcode": 460000, "name": "海南省", "count": 1}, "geometry": {"type": "Polygon", "coordinates": [[[116.74516510093628, 9.058417418520444], [116.69533604648362, 9.050779932138475], [116.7045590761675, 9.025943707704599], [116.73654793775285, 9.030052108575715], [116.74516510093628, 9.058417418520444]]]}}, {"type": "Feature", "properties": {"adcode": 460000, "name": "海南省", "count": 1}, "geometry": {"type": "Polygon", "coordinates": [[[112.64162752317525, 16.389250965794652], [112.67666192899478, 16.404119748318163], [112.65514914043217, 16.430002993768746], [112.64162752317525, 16.389250965794652]]]}}, {"type": "Feature", "properties": {"adcode": 460000, "name": "海南省", "count": 1}, "geometry": {"type": "Polygon", "coordinates": [[[115.75392145909105, 10.463426039882751], [115.77180220668292, 10.436940307677613], [115.79771384559331, 10.465826579727619], [115.75392145909105, 10.463426039882751]]]}}, {"type": "Feature", "properties": {"adcode": 460000, "name": "海南省", "count": 1}, "geometry": {"type": "Polygon", "coordinates": [[[117.20928413174063, 10.737598563709483], [117.18276710262306, 10.744025861267378], [117.20250367253912, 10.709948321076428], [117.20928413174063, 10.737598563709483]]]}}, {"type": "Feature", "properties": {"adcode": 460000, "name": "海南省", "count": 1}, "geometry": {"type": "Polygon", "coordinates": [[[112.66683179911993, 16.335203517455646], [112.69633559492794, 16.335150164292447], [112.67297601255923, 16.362769057836818], [112.66683179911993, 16.335203517455646]]]}}, {"type": "Feature", "properties": {"adcode": 460000, "name": "海南省", "count": 1}, "geometry": {"type": "Polygon", "coordinates": [[[115.77796542013162, 10.54350554297857], [115.79092411204607, 10.502318300138894], [115.80079760403686, 10.52705712201193], [115.77796542013162, 10.54350554297857]]]}}, {"type": "Feature", "properties": {"adcode": 460000, "name": "海南省", "count": 1}, "geometry": {"type": "Polygon", "coordinates": [[[112.50756865803326, 9.546388126818622], [112.5038635115994, 9.527481583809998], [112.56436253918207, 9.518765256650461], [112.56251082810229, 9.555961618256507], [112.50756865803326, 9.546388126818622]]]}}, {"type": "Feature", "properties": {"adcode": 460000, "name": "海南省", "count": 1}, "geometry": {"type": "Polygon", "coordinates": [[[114.60575180585272, 15.652541182913408], [114.57679491509944, 15.62832198897632], [114.60636922580741, 15.618521968297792], [114.60575180585272, 15.652541182913408]]]}}, {"type": "Feature", "properties": {"adcode": 460000, "name": "海南省", "count": 1}, "geometry": {"type": "Polygon", "coordinates": [[[117.29483635147304, 11.08018359736522], [117.25977868714628, 11.065540477396304], [117.28008143163825, 11.027932143289847], [117.29975595520877, 11.029664957528132], [117.29483635147304, 11.08018359736522]]]}}, {"type": "Feature", "properties": {"adcode": 460000, "name": "海南省", "count": 1}, "geometry": {"type": "Polygon", "coordinates": [[[117.68665466376035, 11.05150374595307], [117.6491470084321, 11.048637970827734], [117.65160786283617, 11.02748757410479], [117.68604109459723, 11.019199396270697], [117.68665466376035, 11.05150374595307]]]}}, {"type": "Feature", "properties": {"adcode": 460000, "name": "海南省", "count": 1}, "geometry": {"type": "Polygon", "coordinates": [[[114.1620742792395, 9.38620415597446], [114.17072092406521, 9.343696073792737], [114.19109647093306, 9.35259271878177], [114.18986099573272, 9.393343084626185], [114.1620742792395, 9.38620415597446]]]}}, {"type": "Feature", "properties": {"adcode": 460000, "name": "海南省", "count": 1}, "geometry": {"type": "Polygon", "coordinates": [[[114.71056908492491, 9.738815753885493], [114.68904266704632, 9.742980146960491], [114.67674770733059, 9.709357730489758], [114.70072876017596, 9.702232719397696], [114.71056908492491, 9.738815753885493]]]}}, {"type": "Feature", "properties": {"adcode": 460000, "name": "海南省", "count": 1}, "geometry": {"type": "Polygon", "coordinates": [[[112.54968334213326, 5.980312155839735], [112.54906739986487, 5.944585962103681], [112.57127081858002, 5.973198433356003], [112.54968334213326, 5.980312155839735]]]}}, {"type": "Feature", "properties": {"adcode": 500000, "name": "重庆市", "count": 7}, "geometry": {"type": "Polygon", "coordinates": [[[106.37027165463954, 28.525108901071274], [106.3991896008669, 28.569241642536838], [106.47320799379325, 28.529940025476034], [106.50100423497508, 28.544213548398588], [106.46270627616926, 28.585617727786765], [106.48864617824124, 28.590943955473627], [106.49852601057391, 28.66081600253574], [106.5244674085924, 28.67716241915717], [106.48801928032108, 28.74159173583803], [106.45775574539694, 28.76038797495642], [106.4491104566399, 28.816461633323673], [106.47010128624731, 28.832233918842388], [106.55778929997302, 28.7559294375203], [106.55717470220108, 28.718688038156433], [106.5836783731757, 28.691431600191674], [106.6132202518845, 28.690900804548505], [106.61383675244551, 28.666757551739636], [106.64764289634773, 28.648862941685294], [106.61445311234165, 28.644707902647106], [106.63289729958747, 28.622632614914394], [106.60276810347439, 28.592722554089725], [106.61138326315317, 28.549105730360935], [106.56396889971813, 28.52333530036927], [106.56088790657697, 28.484946564987943], [106.62860263157543, 28.503350726670362], [106.69372289607519, 28.476414385943755], [106.70417036713242, 28.450095221642524], [106.74291170905745, 28.466898348762257], [106.72199285145093, 28.51792035902798], [106.73429200276479, 28.554181327595767], [106.77369720754547, 28.56260125398827], [106.75275206566499, 28.60671928093085], [106.78047296718543, 28.626171597649495], [106.80328653672773, 28.588913463868533], [106.82672236343431, 28.623097081878875], [106.862489292063, 28.62420744188942], [106.88528150749774, 28.695620882866674], [106.86186881471659, 28.689827106506822], [106.81992961213153, 28.755854060552593], [106.84151580072236, 28.780538103754903], [106.86802665769385, 28.776908320642065], [106.9191184358885, 28.809416269206526], [106.94738276882642, 28.766383866795124], [106.98420151028698, 28.775723753054123], [106.97928890217419, 28.850684882593846], [107.01486467544306, 28.861054935450245], [107.01179671393096, 28.882015277816322], [107.1372454246715, 28.88715009511259], [107.20200926003243, 28.867883513352766], [107.19029436090703, 28.837480772554386], [107.2229685432153, 28.835426868151348], [107.20632888246352, 28.817067682682964], [107.21496167436516, 28.771996474192285], [107.24206707005085, 28.7615257475938], [107.2568374427793, 28.791932477584155], [107.3232204669265, 28.810185254495288], [107.33489087754971, 28.84527248552868], [107.37914999196441, 28.847828659159156], [107.43643761312413, 28.943159389315955], [107.40807628936095, 28.95935287914823], [107.39206208742829, 28.992838093400632], [107.35946093566463, 29.00855918332112], [107.39082756709468, 29.040432494119724], [107.36498775009953, 29.090639776750518], [107.40745081823216, 29.09375609206698], [107.42285564733399, 29.127733642786406], [107.40375144661648, 29.13712374093144], [107.39697442356977, 29.183607696167254], [107.43641957926765, 29.20296086441214], [107.48211631032902, 29.173307368414566], [107.56610588277795, 29.21737235224975], [107.58460416493345, 29.149502061532655], [107.60123396051344, 29.16412752899292], [107.65535994437211, 29.161969418815286], [107.6959318564164, 29.140479092104517], [107.74454505587215, 29.198927020427274], [107.8062250725319, 29.138405926762992], [107.78031077729966, 29.047427768704736], [107.81919618156626, 29.033372171174413], [107.80561813691787, 28.983656658981708], [107.86302906017968, 28.959685973449265], [107.87844653681663, 29.00574315312858], [107.90433116979658, 29.006795688429275], [107.92156691517651, 29.031887184890152], [108.02171012205284, 29.038956751228117], [108.0659640508697, 29.08539192829127], [108.14548361132383, 29.052491545912243], [108.18869913451422, 29.071390375374246], [108.25160163413709, 29.039550525065575], [108.27314432829118, 29.090768316482276], [108.30205194057325, 29.07818272420451], [108.29344629040267, 29.04473851923127], [108.3149687947039, 28.9604825120503], [108.34078726721215, 28.942639091503644], [108.35308699466934, 28.892359308063718], [108.34202260492007, 28.8588568108136], [108.34817302560293, 28.81483356931595], [108.38139025804679, 28.80221269170889], [108.38077684392287, 28.77128338546715], [108.34264581306509, 28.735673387573783], [108.32789634589776, 28.67850969114115], [108.4344004730444, 28.633308318799553], [108.49678370248557, 28.626113805302158], [108.49801901658577, 28.637144854104065], [108.57148933654105, 28.659360142900297], [108.63181605602199, 28.621011830594462], [108.60044640163379, 28.590575634815792], [108.60660501010203, 28.539075701576923], [108.56964795845681, 28.530657015221255], [108.58259554523968, 28.46335585381878], [108.6053807835464, 28.435469998509973], [108.6047671292781, 28.407050269383845], [108.572123519025, 28.385986109660017], [108.57582506000143, 28.3428073950249], [108.60723426219067, 28.324372285267028], [108.66317593778, 28.33377454682398], [108.65211456540855, 28.359603843652344], [108.69266387966934, 28.400597361459894], [108.6840598283867, 28.421666276982], [108.63613018650338, 28.45648288371689], [108.65272147117659, 28.476444031356568], [108.69573158002866, 28.481623694880064], [108.7049498622147, 28.50054274861817], [108.77574072586305, 28.425301502737007], [108.75541009867334, 28.389493830337837], [108.77882614034581, 28.380035041925886], [108.7572637990597, 28.30364112668642], [108.72218096548325, 28.28151581774474], [108.73387370875854, 28.227732172914425], [108.7683595425269, 28.21244453996708], [108.81707266571355, 28.244683661650807], [108.85100355925819, 28.199389474488996], [108.89106102988765, 28.219472212962156], [108.91936628436936, 28.21682457338007], [108.92551556661819, 28.18991659915326], [109.00102213212067, 28.16229224414661], [109.02187827897005, 28.219734018812318], [109.08147090538661, 28.183759039062213], [109.09685487370949, 28.201692832086323], [109.07654507697278, 28.247053029378428], [109.11224726276753, 28.27710299306438], [109.14738120857147, 28.349332805300364], [109.14861012106948, 28.416727278520415], [109.18685106813507, 28.470465944174414], [109.22876961990598, 28.474200027914478], [109.26939074264558, 28.494178234144464], [109.26877260111507, 28.537816593465976], [109.31486405871001, 28.57926328884784], [109.30195928100372, 28.620259013710623], [109.24723443191155, 28.606134798349945], [109.23060753417505, 28.619262224784713], [109.19670977348575, 28.597165485007444], [109.18807306338233, 28.635490437148583], [109.26630377347249, 28.671234937615434], [109.24784299112456, 28.69118687656317], [109.28966198250492, 28.72158202828073], [109.29396241264816, 28.746753130690017], [109.23614000263265, 28.7761600565077], [109.23058887947583, 28.88148423407004], [109.25644094843251, 28.951639437331703], [109.31483047465241, 29.0415393301901], [109.30745699996702, 29.06560342040342], [109.2355019360364, 29.08553126688236], [109.21085161190352, 29.144557590044684], [109.1578075582607, 29.179984926533784], [109.13437238361847, 29.16793338625785], [109.10540273872424, 29.215419497679285], [109.13683066125093, 29.269209461588364], [109.10170289241574, 29.287435068798725], [109.10724008326986, 29.359929421697103], [109.0555619450069, 29.40217804850418], [109.02977550404992, 29.35949121963358], [108.99480364191706, 29.362720094672664], [108.97885664754689, 29.332005621340613], [108.91498689267965, 29.32535668089592], [108.92973697688929, 29.398849599094913], [108.92297265123202, 29.434812968369034], [108.87989247292039, 29.440031861162947], [108.86201758753066, 29.46970570850953], [108.8841998757832, 29.501493987707683], [108.87372340536375, 29.538449061497197], [108.90881910263978, 29.57384777973216], [108.89650873625143, 29.60402778002942], [108.86570715559716, 29.59568383306903], [108.88357512803428, 29.627950917254022], [108.83980292132786, 29.65753797265942], [108.77689072182741, 29.634552385355313], [108.79291938785872, 29.659014092624375], [108.78181798978095, 29.69071166717442], [108.74793432964049, 29.648056425724533], [108.68643211457301, 29.688670047899425], [108.67229642707595, 29.748458959152195], [108.67597948247021, 29.799354418920394], [108.65447244743416, 29.853906185297028], [108.59666890715495, 29.862796550267316], [108.52080479961643, 29.769750802293586], [108.54427368011815, 29.748508858358324], [108.500417118603, 29.727609419941004], [108.49980052221203, 29.70682018424169], [108.45592926991478, 29.73995531357906], [108.43247218561527, 29.73990905646947], [108.43802280943339, 29.777321527969175], [108.41766655579133, 29.77158098891115], [108.41951343912217, 29.814685385609383], [108.36654986486425, 29.840133363030724], [108.4287601738933, 29.87905781484308], [108.46333316689514, 29.86304151603164], [108.51152931377202, 29.88445559171014], [108.51337942246593, 29.938407958217883], [108.53190857924649, 29.982528166603803], [108.52758003449986, 30.050915540652486], [108.50904542986801, 30.056562008253017], [108.56337340442052, 30.15659734658105], [108.54733179969163, 30.16277928512262], [108.57754692289623, 30.254865562863518], [108.54053342929902, 30.26876506520893], [108.51953162357472, 30.308493823806927], [108.49666772009915, 30.313593149859067], [108.45588502513112, 30.358404318590697], [108.4262581836989, 30.35318698294871], [108.39728654292277, 30.375365136943206], [108.42563677166251, 30.415116850283272], [108.40652312486122, 30.437281810344377], [108.42193129949325, 30.490917247049328], [108.46823018995991, 30.485853891886798], [108.50839611293914, 30.500403202213178], [108.55162877511444, 30.48659295308689], [108.56335183425195, 30.46753568585569], [108.64520788300872, 30.538112272365364], [108.63844532320448, 30.577783036583256], [108.68391075048817, 30.586453072654464], [108.69435975737471, 30.54368845312231], [108.73925567372558, 30.493659430436146], [108.78484230280532, 30.51223894515374], [108.80396239863339, 30.49010696330538], [108.83419071716345, 30.502016900082353], [108.88905292805147, 30.564424809075884], [108.96710576690784, 30.62661667682599], [109.00145943557337, 30.625485302647537], [109.03765843942863, 30.65420159896204], [109.06591567278068, 30.63871443118316], [109.10652648604089, 30.644875230959922], [109.09852711718169, 30.5645662148857], [109.13858647776429, 30.519787280679218], [109.24031659350588, 30.579681359277398], [109.2944363100125, 30.6290569230046], [109.35587882054207, 30.54965512146678], [109.33191832567303, 30.52033091759914], [109.34973785312535, 30.485768419102826], [109.43036162967555, 30.594448419074357], [109.53040686175285, 30.663668698174163], [109.53843578499968, 30.638477131808], [109.56928479071323, 30.645732090851727], [109.58592060261569, 30.692553780723543], [109.62038921479183, 30.701795115806068], [109.65604064948458, 30.737726248122854], [109.6517377811165, 30.75932017429149], [109.77539940571556, 30.847041765920544], [109.88953513456632, 30.898529342223107], [109.93876858083921, 30.877451126125077], [110.0032432038886, 30.881896703094192], [110.0142968060615, 30.827963845508926], [110.04316307348698, 30.79912965236688], [110.07698347629966, 30.79805319818832], [110.14662845589868, 30.910008032120547], [110.14847663968706, 30.952070811622416], [110.16760822653643, 30.977229559097808], [110.13551487906021, 30.98537545957895], [110.13489423709382, 31.028936714542972], [110.11515700488145, 31.030450627604235], [110.11453571400502, 31.086795089152446], [110.14167417298486, 31.114990978112807], [110.17500304694202, 31.12017009265532], [110.19474826198825, 31.157054897956037], [110.17499829350876, 31.177999416518674], [110.15030043199101, 31.27767144291246], [110.15647019354344, 31.312433664513794], [110.11327568267842, 31.407877390557985], [110.04864374754226, 31.408934173954414], [109.98232647488179, 31.472908426790543], [109.93995108881245, 31.468934045723437], [109.96452044086823, 31.507136365540376], [109.88948635647425, 31.517434488508666], [109.83273475669753, 31.553567174201195], [109.72236769216268, 31.546329093471524], [109.74021357271437, 31.59627293426426], [109.7593100371818, 31.600861862849708], [109.73220773678722, 31.626847400480564], [109.72604657474804, 31.698659758367572], [109.6780848490941, 31.71807204024423], [109.61723438258163, 31.71002850162737], [109.54452293317841, 31.728316234797404], [109.4975806389439, 31.714448626790244], [109.44075740431649, 31.720916874556035], [109.3760737563009, 31.70306845975006], [109.27652666037412, 31.714936505637038], [109.27775318869638, 31.741401620377644], [109.24884225643702, 31.75770577678944], [109.27467725952727, 31.774478168995824], [109.27098585337406, 31.79737329781317], [109.19029929778715, 31.8156446536966], [109.18597920296706, 31.853769918292404], [109.11813312675487, 31.890761249864752], [109.08057114839019, 31.927331733407584], [108.98172746639568, 31.97833802903518], [108.89756770057828, 31.983054735769144], [108.8328427964775, 32.037287603085446], [108.7828773632822, 32.04684172046394], [108.74652370173104, 32.074208386518286], [108.72928922796929, 32.10463836264919], [108.67212569654082, 32.101170570758576], [108.58048988471377, 32.170197698227824], [108.53916034823618, 32.17621800941117], [108.50518163129279, 32.19942716151897], [108.47551852393643, 32.18059880465141], [108.39406960093287, 32.19212470059504], [108.36514490798285, 32.170364642379525], [108.37437498645531, 32.15160729762702], [108.3946882270709, 32.14500831830137], [108.44772744940613, 32.08828697832833], [108.42489637221537, 32.05934005893391], [108.36761302734277, 32.075065111626074], [108.33932980837884, 32.06547272058764], [108.35716089728949, 32.03348294284948], [108.32458156699713, 32.01831689621228], [108.36515926640227, 31.986780588595337], [108.34671362473446, 31.96954649931692], [108.30245603402247, 31.995519794875637], [108.2544708884576, 31.965114974047047], [108.33873104256601, 31.858811661543815], [108.38116722390045, 31.852145751889978], [108.38609291301661, 31.827738320949955], [108.42429912983403, 31.80741116132557], [108.45021896115027, 31.812032512499666], [108.4576322007907, 31.77847932696672], [108.53054624629668, 31.75578910696336], [108.50089051470019, 31.732298141886588], [108.51016320697042, 31.69211084163706], [108.5422858192896, 31.663676829601492], [108.51449119413432, 31.664116500745134], [108.43788573450844, 31.63182341713825], [108.38549566840958, 31.589500018948478], [108.38119116814805, 31.54209588765656], [108.33445253410994, 31.537062284771757], [108.33937242014119, 31.510535685509964], [108.25019563996217, 31.496891105986577], [108.2292439896373, 31.505048048586033], [108.18667383616473, 31.490203785417897], [108.18852785313308, 31.46571931066305], [108.21938131125445, 31.46218848254351], [108.21136664063164, 31.40859193473525], [108.14902046595465, 31.369171222616693], [108.18112960346271, 31.335008314139355], [108.0904303929525, 31.266418157708255], [108.03383706276348, 31.251159194851603], [108.0264682447527, 31.215383853826303], [108.07134563308583, 31.23012864211088], [108.08489214747945, 31.203013197946646], [108.02094743783239, 31.114596129553277], [108.00436867027499, 31.107988964675243], [108.02217993857326, 31.06031232186656], [108.05536503349494, 31.05050396183621], [107.99884952571217, 31.02400641345628], [107.97859094348587, 30.982552738172384], [107.9380409224791, 30.987779077429412], [107.94357850305589, 30.917515744115967], [107.99026168397772, 30.907131174410342], [107.84685751470803, 30.79174799769142], [107.78327129817987, 30.818346837282622], [107.75921914245923, 30.815758020112906], [107.75613361545113, 30.86145184122772], [107.73518643856511, 30.883007308801698], [107.68843243666846, 30.874337877623372], [107.64049224616792, 30.820007676161197], [107.57277756879328, 30.84674299316868], [107.5110418003488, 30.853289531801884], [107.478291518751, 30.83727777063985], [107.49374153759202, 30.80805257357449], [107.4196576970286, 30.73903664484467], [107.47274316138987, 30.663552791767227], [107.51229187223113, 30.643603805728695], [107.48078085717096, 30.597188241451857], [107.42275388203407, 30.54607986447793], [107.43817552803637, 30.532192405508457], [107.40365213388604, 30.520305785486492], [107.36365995373981, 30.467238061249528], [107.33416854572431, 30.385268653756757], [107.2837906906425, 30.33631557921126], [107.21671301614379, 30.21283031112454], [107.09834317128939, 30.088996300329402], [107.07557649149688, 30.093145987560042], [107.07988409358005, 30.062589669948242], [107.05099883310733, 30.039317224803586], [107.01601338451603, 30.03577581839879], [106.97736802355871, 30.08406056051547], [106.94054730066819, 30.036501215968634], [106.90920248396556, 30.024624124061457], [106.85808546519038, 30.032368658793242], [106.83280020213965, 30.048903646928075], [106.82169963044464, 30.030232763898162], [106.78100113692514, 30.01617688959452], [106.72804808693795, 30.0260060488955], [106.72005194943927, 30.05761323464776], [106.69546654070562, 30.07318299592599], [106.69607855293816, 30.110978553722283], [106.66843649956735, 30.12138117490524], [106.67334731437879, 30.15604556905807], [106.6278855855927, 30.185611641282485], [106.60759101906713, 30.234756298376173], [106.63832905770327, 30.245577474277212], [106.60758745604272, 30.291604315451455], [106.55646080075472, 30.314307860929105], [106.54103675704361, 30.295681660579294], [106.43544168109261, 30.307288059882673], [106.42434465004582, 30.253535854548417], [106.39723611339338, 30.24111593870872], [106.34496087615415, 30.244270817343274], [106.33021500959681, 30.224653327969826], [106.30256502259365, 30.237113350307837], [106.29211881312494, 30.20455662990878], [106.26013766489872, 30.20872780484428], [106.25644543900493, 30.195801380802937], [106.22873221636999, 30.184936926082095], [106.17630299591092, 30.231922927574676], [106.16457254736386, 30.302699098103933], [106.12816859757642, 30.322783029478536], [106.1287867655358, 30.301606983917395], [106.06842310076777, 30.33258649053424], [106.02786738044375, 30.37241967288048], [105.93946772104842, 30.37111292485481], [105.8970195424197, 30.404180760072585], [105.84276588546058, 30.409284627257968], [105.82178383064148, 30.435039585628243], [105.78846826105402, 30.426214349713543], [105.75642002826268, 30.383359082690085], [105.7508789356048, 30.341544192004218], [105.7108865082308, 30.321944593570638], [105.71642399832892, 30.251671307147255], [105.66664938064194, 30.25330405388666], [105.62117781057121, 30.275084182673023], [105.6162606157445, 30.233223796924623], [105.65866644731697, 30.20937647309824], [105.63900773732016, 30.18562041824692], [105.54727733130325, 30.178371368282985], [105.53246845666055, 30.15195303687954], [105.59288535447546, 30.158242275513704], [105.57071254360244, 30.129769023111137], [105.63839816944467, 30.100237361939392], [105.63532666778595, 30.075387637356112], [105.67280391597461, 30.067034433879773], [105.68324918395403, 30.03800808716964], [105.715822727212, 30.04158413751919], [105.74966694993455, 30.017215582860956], [105.71951582776327, 29.974211662872744], [105.72689760276147, 29.956578803037473], [105.69861681037374, 29.92394241066907], [105.71337190451442, 29.892796945869254], [105.7349010269602, 29.890185198718463], [105.704153855376, 29.839876434941573], [105.60705747208426, 29.836395077672446], [105.57935650377472, 29.818224233271415], [105.57135099793204, 29.74342673683627], [105.52570281116711, 29.706964020951993], [105.47815111323972, 29.71722076186097], [105.47321345135299, 29.673544924789375], [105.41585175387029, 29.68695190325052], [105.37708891063161, 29.627158432395422], [105.34391182441077, 29.620442988329], [105.32917703316033, 29.59133875602815], [105.29294842559013, 29.57007076366717], [105.30154881473906, 29.531022115045932], [105.33409623064276, 29.458058601715617], [105.33041379819099, 29.4403531496535], [105.38324712588141, 29.45434287659317], [105.3955506484916, 29.43766815445661], [105.36911065206426, 29.419970909192894], [105.42264405670697, 29.418402215468273], [105.43805616151913, 29.399663427099053], [105.41463954786354, 29.351154963537404], [105.41648996481764, 29.31048076363237], [105.4615053909199, 29.322031596051406], [105.45533513155235, 29.287590803255313], [105.50967277874322, 29.28252650188066], [105.51770151871298, 29.263766312007444], [105.55411377353984, 29.27793904035337], [105.62799699251319, 29.27951568533782], [105.64397769584406, 29.252358778954175], [105.6912803888167, 29.286707936542893], [105.708492790238, 29.218318062192356], [105.69989000112272, 29.176038513385585], [105.72510167000544, 29.133699102803924], [105.74848809669224, 29.128988131335966], [105.72510331268985, 29.105483990472028], [105.75403470438314, 29.06836661477492], [105.7380278462346, 29.038566199376675], [105.7626621514347, 29.012943049157812], [105.75835045053297, 28.99044743911632], [105.79780772076317, 28.957525738789187], [105.79349166252219, 28.93553697419515], [105.8268090131842, 28.943970737439663], [105.84902207985401, 28.92673653593631], [105.90634108224181, 28.919973874121194], [105.96534750505597, 28.96541515354627], [105.99726382249116, 28.973169902677064], [106.0365518209652, 28.954743769277314], [106.04515427484179, 28.905518114398486], [106.0666665387687, 28.919094934596057], [106.09744034096506, 28.898134006248974], [106.14429594399742, 28.900799081281434], [106.16897888353526, 28.919691767928406], [106.20291628314803, 28.904042980933824], [106.26083652804206, 28.845409332576402], [106.24175342758745, 28.817117466536672], [106.2700718839329, 28.738462379114136], [106.30143050683017, 28.703795559701582], [106.30020449862158, 28.649213439610445], [106.34260671295623, 28.582959796636743], [106.32786118433445, 28.55251002785355], [106.37027165463954, 28.525108901071274]]]}}, {"type": "Feature", "properties": {"adcode": 500000, "name": "重庆市", "count": 7}, "geometry": {"type": "Polygon", "coordinates": [[[109.10037300326276, 30.5841356686745], [109.10098688017558, 30.609361978856715], [109.0874462744462, 30.577441226998772], [109.10037300326276, 30.5841356686745]]]}}, {"type": "Feature", "properties": {"adcode": 510000, "name": "四川省", "count": 22}, "geometry": {"type": "Polygon", "coordinates": [[[101.16609317465145, 27.197900610846297], [101.1346423947283, 27.02323258480412], [101.22715231644567, 26.981815395988114], [101.22530422753734, 26.958895085564077], [101.26286601896373, 26.95516889671609], [101.26594428614277, 26.90291498291618], [101.3095949480806, 26.902856925390353], [101.36367361157247, 26.883558937184233], [101.39751207631062, 26.84138448502364], [101.3569143798403, 26.771496215811403], [101.3852044290806, 26.753308123558746], [101.38766720251213, 26.722861456417853], [101.43387622798001, 26.740510398987926], [101.45671041762749, 26.730939439399833], [101.44374675623914, 26.77416971446786], [101.46411951632983, 26.78649570282973], [101.51169429870907, 26.768478775110722], [101.45115578251259, 26.692460428974123], [101.47956573224374, 26.67329445790569], [101.45918350717197, 26.6406338659], [101.45980219343474, 26.60641481821582], [101.40059910035261, 26.604733721179812], [101.3938272162654, 26.591898721416253], [101.42093348291452, 26.53145031976386], [101.45671818604167, 26.495646649194722], [101.50490604494183, 26.500064509976653], [101.52838450344402, 26.46746979687256], [101.56419139242328, 26.454691617461506], [101.63625078010942, 26.389321725283672], [101.63379146024147, 26.357702378991196], [101.65900035699002, 26.346937657212404], [101.63871203369578, 26.31909164646307], [101.59563447250189, 26.30357416018285], [101.5845446308738, 26.27997010269022], [101.62887436175009, 26.225218644514438], [101.68851170272742, 26.2417507681068], [101.73526735656378, 26.21968845334335], [101.77162387613626, 26.168691961495405], [101.80617685161923, 26.1563858472098], [101.79506831808523, 26.115006885527006], [101.83828221922658, 26.082844840170385], [101.83396130152758, 26.04628761529936], [101.85618409326645, 26.049551360406173], [101.8981204861933, 26.099570964412596], [101.9276760049881, 26.10600172883589], [101.95288892909865, 26.08500103918228], [102.01922379512204, 26.09663416260877], [102.07824407560207, 26.06534772098854], [102.10596328718557, 26.06856752794804], [102.1732208982184, 26.1471041709428], [102.2410832966192, 26.19068752799574], [102.24354766042245, 26.21269773721835], [102.34750470848269, 26.244765912955234], [102.39056320337855, 26.296755688731313], [102.43863884226941, 26.30054050919099], [102.5405504943483, 26.33888251382234], [102.56954885747291, 26.363057839097856], [102.62804021986395, 26.337320419306135], [102.63726282579374, 26.30781402257065], [102.59912613180552, 26.250982389717205], [102.70793186651252, 26.210573067175037], [102.73806563046944, 26.269039865026716], [102.78364306842835, 26.299100247686813], [102.8317478807239, 26.306689705219696], [102.87737360335538, 26.36466604025777], [102.89154251501539, 26.338942823780165], [102.97389729467508, 26.340973730054813], [102.99659566329898, 26.37199884496903], [102.98800288969126, 26.482916729784023], [103.02849327897285, 26.48600965223915], [103.05059281935854, 26.514329567769362], [103.05059133387321, 26.555537199017856], [103.0334010351552, 26.556646775028394], [103.02419203850025, 26.664159207406144], [103.00333246831539, 26.67918537470888], [103.00639884222268, 26.710702391718947], [102.96467581744353, 26.837902513785497], [102.94748523077232, 26.843278945192512], [102.89460324679837, 26.912675316930006], [102.89336881897918, 27.001696047101948], [102.86934113305102, 27.026718451871357], [102.91182799928896, 27.13376717990141], [102.88227298290423, 27.299186133422154], [102.93948194484392, 27.405424731387235], [102.98797245281557, 27.367588958750115], [103.05363127111985, 27.408843497832653], [103.0788290113142, 27.396063257947915], [103.13918065720708, 27.419991362241998], [103.14226171334997, 27.449732267339154], [103.2304293002715, 27.56927408873431], [103.28395927209706, 27.561298103028154], [103.29010325773294, 27.632353928973064], [103.36751142796534, 27.708012835155646], [103.3908821178568, 27.70852308362639], [103.4852315836801, 27.794473431378535], [103.50746830766079, 27.843242011919756], [103.500053069276, 27.909888388067774], [103.55253652524246, 27.978238707110677], [103.51364125146128, 27.964926231836305], [103.48398758471754, 28.03301948891265], [103.45681705024424, 28.020794184499255], [103.42843872897207, 28.043989445712956], [103.4679258858361, 28.121702611999712], [103.53092552853246, 28.168328597754787], [103.57102874571135, 28.230649856093137], [103.64180469701353, 28.26014912660287], [103.68973535995626, 28.23211545234628], [103.69957047499516, 28.198344044298178], [103.73770390608851, 28.235750777143707], [103.76850061259948, 28.233120107881877], [103.87521776470255, 28.316038305709604], [103.8511621828052, 28.356567680405796], [103.85794787040585, 28.38343313058052], [103.82647624352532, 28.439698343564682], [103.82770982726598, 28.45969367370668], [103.77958402379096, 28.524826554342813], [103.80055338304629, 28.562699564072954], [103.83634428698362, 28.586934337224246], [103.83078890845019, 28.6047839939526], [103.8486825146204, 28.66677655006275], [103.88568408532537, 28.619566745586418], [103.907856680841, 28.63112250017189], [103.95151677926228, 28.600602703505363], [104.05711900946194, 28.627107298720286], [104.09341488438454, 28.602914531622947], [104.1149752788245, 28.633382716873466], [104.16802214785099, 28.642388024851833], [104.22846634747657, 28.635126247582907], [104.25002271592825, 28.66033280769295], [104.2746366505872, 28.631442701681756], [104.31212982243524, 28.615106646846158], [104.36988542363743, 28.648614173821592], [104.42282030002494, 28.626029341618317], [104.41481162955107, 28.59766108530199], [104.37296239537285, 28.593992910596757], [104.35329476606844, 28.554612863213507], [104.25802970636217, 28.535835216592886], [104.2654158604956, 28.499028944225252], [104.25188080197846, 28.403279638739804], [104.27956816648599, 28.34270608877934], [104.31152897846334, 28.306304718974886], [104.34040144707171, 28.333646293774493], [104.38219907086012, 28.32937455152042], [104.39019825850676, 28.290905700057017], [104.41729124377356, 28.269300707963946], [104.44688560474705, 28.269342828132622], [104.45984520268057, 28.240901607430065], [104.44010206391049, 28.21079976527907], [104.39943387783181, 28.202324306723714], [104.4037451571692, 28.172780839542146], [104.44195486992139, 28.161739051529675], [104.4462756484333, 28.113186003998095], [104.39820766934928, 28.090961684013774], [104.37052733167252, 28.050838546353205], [104.30170917659515, 28.050429262167178], [104.30601150230441, 28.035628496264625], [104.36007888202597, 28.01228066022748], [104.39821395090526, 27.951459041623213], [104.50555603704534, 27.87761566690556], [104.52284473336451, 27.888776429036973], [104.57096058981611, 27.84018908452585], [104.60543575947723, 27.85766474823845], [104.63064158749017, 27.85023324420126], [104.67363049641905, 27.880319469021423], [104.74060324290978, 27.901395159695237], [104.75906441248839, 27.88393826665082], [104.79417414432557, 27.90090321861945], [104.88538831321806, 27.914268275426775], [104.91553059323081, 27.93859396014112], [104.90077161336569, 27.961866109744822], [104.97200682280159, 28.020423968322316], [104.97752351933723, 28.062674553490048], [105.05848690681901, 28.096259020534674], [105.11629703792666, 28.071417337939558], [105.1649836139339, 28.07096251443626], [105.18348062465904, 28.05409409871887], [105.16436962074687, 28.02077333817177], [105.18286713534837, 27.994910888867583], [105.21491578121628, 27.990201984370717], [105.24446844304629, 28.0087188023818], [105.26722603621191, 27.996554681420704], [105.28136461106347, 27.935211890379623], [105.22970129359541, 27.89503062540922], [105.25616654502562, 27.82729870653753], [105.30962678042918, 27.810293405505316], [105.27030952095828, 27.794465909521296], [105.28997542674465, 27.770084356990385], [105.2869065063113, 27.711819994382587], [105.30471916206594, 27.704373044525052], [105.35015877608572, 27.748260615205304], [105.43629832393223, 27.77472720852366], [105.50481535831521, 27.76854941171698], [105.55666549839849, 27.71941413651053], [105.60163670493418, 27.715205613678933], [105.62009279199215, 27.66590826556858], [105.66065193736586, 27.683334696070705], [105.71657231904105, 27.683240966522384], [105.71903122015983, 27.705495133501856], [105.76396804128557, 27.717671910087574], [105.8447718242531, 27.706669392881984], [105.86450895202383, 27.732130741498253], [105.91932851983114, 27.746445117429904], [105.92486455207612, 27.729487784953246], [105.98137651052208, 27.749490985411622], [106.01943074722443, 27.746198578386995], [106.05997124631622, 27.776296046143447], [106.11660931564482, 27.778927094098783], [106.18941129098467, 27.75362445554014], [106.23873449977273, 27.766917450339704], [106.30271246746153, 27.80816435825445], [106.33343287525216, 27.858391488308524], [106.32114162162141, 27.898097441532002], [106.30086331782952, 27.898664006994697], [106.30393427872092, 27.93621128218988], [106.32421092654869, 27.95203762812816], [106.28241543230835, 28.006556967059225], [106.24241646725633, 28.011338682653687], [106.2627285081395, 28.066279331627253], [106.20296165378267, 28.13384056335396], [106.14125604224989, 28.162232065613235], [106.08947939055186, 28.16219081156089], [105.9721491893918, 28.107553697056108], [105.94021025095542, 28.14299882024998], [105.89160678487454, 28.119284163231974], [105.85708509176699, 28.159367084637545], [105.88605614549051, 28.23746864766292], [105.84474172233776, 28.25534551184313], [105.82067378343778, 28.30590090609285], [105.78365845638848, 28.33534335057978], [105.76085407846438, 28.30792723238638], [105.73376266402005, 28.30265740988811], [105.7263804771553, 28.27156651854032], [105.68519334505801, 28.283745789664263], [105.63603990901555, 28.323883127572895], [105.65139991666844, 28.36230918194956], [105.64033624605864, 28.430763747144805], [105.60898099530364, 28.438693943933785], [105.6200471405607, 28.517580821923975], [105.67903502162967, 28.533778510783907], [105.68947672998424, 28.588412268768927], [105.7091439263282, 28.586280325054], [105.74113010922204, 28.616196370653217], [105.75344638098478, 28.589933303478745], [105.7805595411189, 28.610439297446103], [105.88110615078185, 28.594835916111343], [105.88603211169773, 28.670452991892386], [105.93403411567388, 28.686172763129672], [105.9629031342134, 28.76060292851153], [105.997277340854, 28.743196844314056], [106.02674242334433, 28.694321522742136], [106.08144524042837, 28.68110754454902], [106.09930436852711, 28.63543277780883], [106.14431157136278, 28.642304737817565], [106.16714477245486, 28.628693365144045], [106.180724120168, 28.588275685495553], [106.25100638430429, 28.53894789593201], [106.28853228039897, 28.53681261927183], [106.30082774851638, 28.504723137534743], [106.3450716766571, 28.47308645240138], [106.37519509340214, 28.47935551883907], [106.37027165463954, 28.525108901071274], [106.32786118433445, 28.55251002785355], [106.34260671295623, 28.582959796636743], [106.30020449862158, 28.649213439610445], [106.30143050683017, 28.703795559701582], [106.2700718839329, 28.738462379114136], [106.24175342758745, 28.817117466536672], [106.26083652804206, 28.845409332576402], [106.20291628314803, 28.904042980933824], [106.16897888353526, 28.919691767928406], [106.14429594399742, 28.900799081281434], [106.09744034096506, 28.898134006248974], [106.0666665387687, 28.919094934596057], [106.04515427484179, 28.905518114398486], [106.0365518209652, 28.954743769277314], [105.99726382249116, 28.973169902677064], [105.96534750505597, 28.96541515354627], [105.90634108224181, 28.919973874121194], [105.84902207985401, 28.92673653593631], [105.8268090131842, 28.943970737439663], [105.79349166252219, 28.93553697419515], [105.79780772076317, 28.957525738789187], [105.75835045053297, 28.99044743911632], [105.7626621514347, 29.012943049157812], [105.7380278462346, 29.038566199376675], [105.75403470438314, 29.06836661477492], [105.72510331268985, 29.105483990472028], [105.74848809669224, 29.128988131335966], [105.72510167000544, 29.133699102803924], [105.69989000112272, 29.176038513385585], [105.708492790238, 29.218318062192356], [105.6912803888167, 29.286707936542893], [105.64397769584406, 29.252358778954175], [105.62799699251319, 29.27951568533782], [105.55411377353984, 29.27793904035337], [105.51770151871298, 29.263766312007444], [105.50967277874322, 29.28252650188066], [105.45533513155235, 29.287590803255313], [105.4615053909199, 29.322031596051406], [105.41648996481764, 29.31048076363237], [105.41463954786354, 29.351154963537404], [105.43805616151913, 29.399663427099053], [105.42264405670697, 29.418402215468273], [105.36911065206426, 29.419970909192894], [105.3955506484916, 29.43766815445661], [105.38324712588141, 29.45434287659317], [105.33041379819099, 29.4403531496535], [105.33409623064276, 29.458058601715617], [105.29294842559013, 29.57007076366717], [105.32917703316033, 29.59133875602815], [105.34391182441077, 29.620442988329], [105.37708891063161, 29.627158432395422], [105.41585175387029, 29.68695190325052], [105.47321345135299, 29.673544924789375], [105.47815111323972, 29.71722076186097], [105.52570281116711, 29.706964020951993], [105.57135099793204, 29.74342673683627], [105.57935650377472, 29.818224233271415], [105.60705747208426, 29.836395077672446], [105.704153855376, 29.839876434941573], [105.7349010269602, 29.890185198718463], [105.71337190451442, 29.892796945869254], [105.69861681037374, 29.92394241066907], [105.72689760276147, 29.956578803037473], [105.71951582776327, 29.974211662872744], [105.74966694993455, 30.017215582860956], [105.715822727212, 30.04158413751919], [105.68324918395403, 30.03800808716964], [105.67280391597461, 30.067034433879773], [105.63532666778595, 30.075387637356112], [105.63839816944467, 30.100237361939392], [105.57071254360244, 30.129769023111137], [105.59288535447546, 30.158242275513704], [105.53246845666055, 30.15195303687954], [105.55282933584205, 30.186657850075104], [105.63900773732016, 30.18562041824692], [105.65866644731697, 30.20937647309824], [105.6162606157445, 30.233223796924623], [105.62117781057121, 30.275084182673023], [105.66664938064194, 30.25330405388666], [105.71642399832892, 30.251671307147255], [105.7108865082308, 30.321944593570638], [105.7508789356048, 30.341544192004218], [105.75642002826268, 30.383359082690085], [105.78846826105402, 30.426214349713543], [105.82178383064148, 30.435039585628243], [105.84276588546058, 30.409284627257968], [105.8970195424197, 30.404180760072585], [105.93946772104842, 30.37111292485481], [106.02786738044375, 30.37241967288048], [106.06842310076777, 30.33258649053424], [106.1287867655358, 30.301606983917395], [106.12816859757642, 30.322783029478536], [106.16457254736386, 30.302699098103933], [106.17630299591092, 30.231922927574676], [106.22873221636999, 30.184936926082095], [106.25644543900493, 30.195801380802937], [106.26013766489872, 30.20872780484428], [106.29211881312494, 30.20455662990878], [106.30256502259365, 30.237113350307837], [106.33021500959681, 30.224653327969826], [106.34496087615415, 30.244270817343274], [106.39723611339338, 30.24111593870872], [106.42434465004582, 30.253535854548417], [106.43544168109261, 30.307288059882673], [106.54103675704361, 30.295681660579294], [106.55646080075472, 30.314307860929105], [106.60758745604272, 30.291604315451455], [106.63832905770327, 30.245577474277212], [106.60759101906713, 30.234756298376173], [106.6278855855927, 30.185611641282485], [106.67334731437879, 30.15604556905807], [106.66843649956735, 30.12138117490524], [106.69607855293816, 30.110978553722283], [106.69546654070562, 30.07318299592599], [106.72005194943927, 30.05761323464776], [106.72804808693795, 30.0260060488955], [106.78100113692514, 30.01617688959452], [106.82169963044464, 30.030232763898162], [106.83280020213965, 30.048903646928075], [106.85808546519038, 30.032368658793242], [106.90920248396556, 30.024624124061457], [106.94054730066819, 30.036501215968634], [106.97123359012512, 30.087184973482348], [107.01601338451603, 30.03577581839879], [107.05345576899182, 30.04190263431913], [107.07988409358005, 30.062589669948242], [107.07557649149688, 30.093145987560042], [107.09834317128939, 30.088996300329402], [107.21671301614379, 30.21283031112454], [107.2837906906425, 30.33631557921126], [107.33416854572431, 30.385268653756757], [107.36365995373981, 30.467238061249528], [107.40365213388604, 30.520305785486492], [107.43817552803637, 30.532192405508457], [107.42275388203407, 30.54607986447793], [107.48078085717096, 30.597188241451857], [107.51229187223113, 30.643603805728695], [107.47274316138987, 30.663552791767227], [107.4196576970286, 30.73903664484467], [107.49374153759202, 30.80805257357449], [107.478291518751, 30.83727777063985], [107.5110418003488, 30.853289531801884], [107.57277756879328, 30.84674299316868], [107.64049224616792, 30.820007676161197], [107.68843243666846, 30.874337877623372], [107.73518643856511, 30.883007308801698], [107.75613361545113, 30.86145184122772], [107.75921914245923, 30.815758020112906], [107.78327129817987, 30.818346837282622], [107.84685751470803, 30.79174799769142], [107.99026168397772, 30.907131174410342], [107.94357850305589, 30.917515744115967], [107.9380409224791, 30.987779077429412], [107.97859094348587, 30.982552738172384], [107.99884952571217, 31.02400641345628], [108.05536503349494, 31.05050396183621], [108.02217993857326, 31.06031232186656], [108.00436867027499, 31.107988964675243], [108.02094743783239, 31.114596129553277], [108.08489214747945, 31.203013197946646], [108.07134563308583, 31.23012864211088], [108.0264682447527, 31.215383853826303], [108.03383706276348, 31.251159194851603], [108.0904303929525, 31.266418157708255], [108.18112960346271, 31.335008314139355], [108.14902046595465, 31.369171222616693], [108.21136664063164, 31.40859193473525], [108.21938131125445, 31.46218848254351], [108.18852785313308, 31.46571931066305], [108.18667383616473, 31.490203785417897], [108.2292439896373, 31.505048048586033], [108.25019563996217, 31.496891105986577], [108.33937242014119, 31.510535685509964], [108.33445253410994, 31.537062284771757], [108.38119116814805, 31.54209588765656], [108.38549566840958, 31.589500018948478], [108.43788573450844, 31.63182341713825], [108.51449119413432, 31.664116500745134], [108.5422858192896, 31.663676829601492], [108.51016320697042, 31.69211084163706], [108.50089051470019, 31.732298141886588], [108.53054624629668, 31.75578910696336], [108.4576322007907, 31.77847932696672], [108.45021896115027, 31.812032512499666], [108.42429912983403, 31.80741116132557], [108.38609291301661, 31.827738320949955], [108.38116722390045, 31.852145751889978], [108.33873104256601, 31.858811661543815], [108.2544708884576, 31.965114974047047], [108.30245603402247, 31.995519794875637], [108.34671362473446, 31.96954649931692], [108.36515926640227, 31.986780588595337], [108.32458156699713, 32.01831689621228], [108.35716089728949, 32.03348294284948], [108.33932980837884, 32.06547272058764], [108.36761302734277, 32.075065111626074], [108.42489637221537, 32.05934005893391], [108.44772744940613, 32.08828697832833], [108.36514490798285, 32.170364642379525], [108.39406960093287, 32.19212470059504], [108.47551852393643, 32.18059880465141], [108.50518163129279, 32.19942716151897], [108.50270594946885, 32.24397700250492], [108.46500778658087, 32.26866916333106], [108.40946659872186, 32.25035591548145], [108.38482762867176, 32.26149124548046], [108.30612576241467, 32.230229387242304], [108.23596602770589, 32.27280922139481], [108.17488733091804, 32.2195837425526], [108.15203987870339, 32.2372611605978], [108.13846061775232, 32.217492570122694], [108.08173301360937, 32.23112832962474], [108.01349518672001, 32.20999081697796], [108.01963824909326, 32.175531598299315], [107.97481982771072, 32.14425082322563], [107.88562049437205, 32.212763202003394], [107.85971495984121, 32.19957134364927], [107.80723493835929, 32.24606236055337], [107.74862764011331, 32.33656002327117], [107.70308023485393, 32.33001949190447], [107.67602465798846, 32.39527538337425], [107.64344879478321, 32.41201002095014], [107.59361369947389, 32.41003800643432], [107.52266657456698, 32.38062739515952], [107.48496806987991, 32.42346489311326], [107.45161016503738, 32.41579839545948], [107.45593008878674, 32.451668677087774], [107.43370820632104, 32.46374332023675], [107.43123528228537, 32.5278361039143], [107.37703034100734, 32.538413352337464], [107.35182604282721, 32.50464119153652], [107.30882375901216, 32.488065415986185], [107.25904083841439, 32.40126936895274], [107.20730407903007, 32.42701252954706], [107.18510119062624, 32.46636809504143], [107.12219050772875, 32.480398634123866], [107.07539549350197, 32.54043770957662], [107.10308295462906, 32.59892570617643], [107.09384433264958, 32.64730090193912], [107.055103292761, 32.684102388816406], [107.06186016345129, 32.70675005616924], [107.00784647268384, 32.719461899389685], [106.90840489909732, 32.70256926050408], [106.89917495001727, 32.719687471971014], [106.8505037761449, 32.72266641188585], [106.81904899198793, 32.70348119656707], [106.78882906682885, 32.710981050127145], [106.77896448150518, 32.73412205402274], [106.72909193679145, 32.73763110617137], [106.66580686474325, 32.69292432923052], [106.62280286058534, 32.68040682487294], [106.58157609568899, 32.68646431704621], [106.51371035646187, 32.66669752823208], [106.49394229353717, 32.647496680985206], [106.44700267378761, 32.65795142028879], [106.41678424968754, 32.61457509059259], [106.38476287365546, 32.62465023068557], [106.34356678588004, 32.669035239047034], [106.26366732896679, 32.671680636672605], [106.25074106273523, 32.69183056657317], [106.16996725725207, 32.6957714094652], [106.11567384975929, 32.71783791677033], [106.06702886735138, 32.75609213834016], [106.0891753973817, 32.8219622053644], [106.06702385279401, 32.82650272762546], [106.0399818179125, 32.86274003515224], [106.00744942539829, 32.82764440150445], [105.96510451713468, 32.847373450524195], [105.92763344116646, 32.824328236173095], [105.88947459565176, 32.83691410553736], [105.84508166815833, 32.81625308547237], [105.8210142764284, 32.8227452567427], [105.81854920732151, 32.76842626662603], [105.7753707463013, 32.74823456958617], [105.76489165289289, 32.76583552568273], [105.7150350530658, 32.75779807902747], [105.67386648912161, 32.72465194010449], [105.59273106022843, 32.6975713075681], [105.58164513314134, 32.72726929414136], [105.56007510892059, 32.72322052034673], [105.55143637259155, 32.79263816986374], [105.53045436002374, 32.789072267010994], [105.52057176515851, 32.84586045297288], [105.49154197355602, 32.87140548028207], [105.49524473587984, 32.910097842125644], [105.46374877338882, 32.92808740579629], [105.4101045619572, 32.91996550949413], [105.40394971412273, 32.88379808081122], [105.37688504823048, 32.87426051132489], [105.42366519735276, 32.78226765182032], [105.45018240764114, 32.76520890431853], [105.44463165037692, 32.730980132512336], [105.3646045283914, 32.710823315105344], [105.34310922057574, 32.68064781348163], [105.29399244591515, 32.65505130901088], [105.25958087863613, 32.65055507057229], [105.21588232013275, 32.66464625293172], [105.21157128595267, 32.63491901013865], [105.18137080287381, 32.61572325459491], [105.10741684164395, 32.59192382154115], [105.075430980641, 32.63527143422617], [105.02325809324255, 32.648470979476684], [104.87899772621573, 32.59934428210415], [104.8426402965383, 32.65220650386385], [104.81736028518071, 32.66122783361381], [104.79270310862725, 32.64153924229116], [104.7366749704563, 32.633443160541866], [104.69365953033437, 32.67177680749482], [104.64024338209578, 32.66029043961428], [104.58982836112037, 32.694072008867764], [104.57997557496311, 32.72074972602715], [104.52385167439462, 32.72668930249187], [104.5090302125641, 32.751809324345885], [104.45592131554069, 32.74662757475397], [104.3610737000194, 32.8205262046706], [104.29165150066972, 32.833720019718506], [104.27443525827891, 32.900574176972235], [104.28550004362073, 32.94073596029909], [104.34263491709835, 32.938124302724596], [104.37520553502543, 32.951129629752984], [104.38073738002241, 32.99228047969657], [104.42321682568976, 33.008843204507194], [104.3887316207435, 33.033412702948965], [104.33464433864778, 33.035993057031476], [104.37519708227902, 33.10712265048769], [104.30084446870126, 33.30249860619479], [104.33094373874526, 33.31344475912144], [104.38318123678982, 33.29636499276211], [104.41703762497848, 33.32487126932178], [104.37088005121038, 33.34288085474808], [104.28978159288891, 33.33452042019382], [104.26948950630415, 33.38952517820114], [104.21776273086253, 33.40251117412629], [104.21036196268378, 33.44496132086963], [104.17766341966916, 33.47087521436811], [104.15235840310888, 33.540702435207024], [104.17395466276636, 33.59760342638256], [104.10055711702589, 33.66130990951859], [104.04335660998453, 33.68428894269495], [103.97768788159229, 33.669029889701264], [103.85894819962483, 33.68058656835738], [103.77565146710427, 33.65703209353332], [103.68826323453563, 33.69195523403212], [103.66553264366989, 33.68402772570492], [103.64341269843052, 33.7069821645879], [103.59112873415658, 33.71449706243696], [103.56154640137842, 33.69803589519789], [103.54982546491452, 33.669619617196034], [103.51771638197536, 33.6765162627294], [103.5430342509137, 33.71792482911421], [103.51585668834423, 33.805463849231344], [103.46211250032266, 33.80033437268685], [103.43187777373943, 33.751001484776076], [103.35187860558912, 33.741564377823394], [103.27631937982378, 33.77255642942941], [103.28246436210048, 33.80041714647936], [103.24740767208412, 33.812381703669004], [103.22585590764523, 33.79296777384416], [103.16296036161472, 33.80381856410234], [103.15124012334165, 33.81723078493795], [103.17899470240587, 33.898831378035204], [103.16233753310256, 33.927622985215216], [103.12903789725995, 33.93005364974962], [103.11794402874808, 33.95140402191309], [103.1549325410726, 33.99714298146143], [103.14506276571076, 34.03484981641478], [103.11732390114567, 34.03282874700639], [103.12718209142824, 34.064097577850326], [103.17651850511436, 34.078068838618336], [103.11916768730924, 34.11070597249422], [103.1216302651684, 34.160273189029304], [103.09761051018441, 34.18007730648756], [103.04966010599975, 34.19349860845356], [103.00364768950826, 34.18321864898928], [102.97114278199588, 34.204117223410385], [102.9754349743571, 34.25113773385804], [102.94720509630149, 34.2907921890304], [102.90971717919794, 34.31161402553974], [102.85797666457442, 34.299711969550465], [102.85489535592231, 34.26952937415127], [102.79629338588435, 34.27140618424885], [102.77779893276139, 34.23525318416269], [102.72669638799249, 34.23425604297682], [102.69289249593973, 34.197165080403884], [102.66217900569144, 34.191279317359474], [102.64927910286856, 34.16455158197483], [102.59700884846191, 34.1462714962626], [102.65419557310018, 34.112006195404255], [102.6474391581979, 34.07879468000832], [102.6142421129086, 34.09817898848778], [102.46922214937797, 34.071138967078916], [102.4352601995805, 34.08545015173993], [102.40443490371722, 34.03134765480191], [102.39027296339322, 33.96978970935091], [102.3435292607729, 33.967861009321645], [102.31402757244409, 33.99224926681214], [102.28513207186785, 33.975910173003044], [102.24696693567655, 33.98487460430554], [102.22416195346068, 33.961523834375775], [102.16614044953849, 33.981299144513464], [102.13403892480217, 33.96336679156877], [102.25128455408179, 33.85965654561017], [102.2592918698014, 33.81936811358864], [102.24143011375573, 33.785038342118966], [102.29436455870334, 33.78201345394753], [102.32264189786098, 33.75259592977729], [102.2826820195079, 33.717310530031305], [102.34046608308651, 33.723683894819224], [102.31342652579575, 33.66346081727585], [102.34477409324117, 33.60358743868965], [102.43836784610117, 33.57264306344422], [102.47604059390194, 33.541301969824616], [102.4445412812119, 33.53024989617713], [102.4593623492232, 33.49934025048559], [102.46059893687645, 33.44741916095356], [102.44577926788162, 33.45288029606369], [102.39091300071416, 33.4023874415813], [102.36691607116249, 33.41040185877836], [102.30851968858553, 33.39601598001501], [102.29437962129923, 33.412027791619835], [102.25623030140474, 33.40756802940226], [102.21616861504731, 33.34758101792489], [102.19024825430479, 33.335045900151606], [102.21555572138436, 33.246046159490426], [102.19889488259093, 33.221500264731816], [102.15814448606407, 33.24094636679198], [102.14270922291273, 33.27194302674116], [102.1149421262671, 33.28641696475983], [102.08721336292716, 33.20283901057522], [102.0527584190907, 33.18785818720181], [101.99195361781987, 33.198036139409744], [101.93358890988625, 33.18516084298095], [101.92005493678515, 33.15212221097192], [101.88555682168503, 33.13409231478829], [101.86396789909101, 33.10149936006565], [101.82383801907899, 33.11746804248212], [101.83989054744646, 33.183119834573034], [101.82815718648632, 33.21213782753249], [101.76828792990585, 33.24708473067882], [101.7676704407369, 33.267099816235906], [101.87568263072278, 33.312780635145515], [101.8855473744673, 33.382276328737746], [101.91388812066555, 33.42424465571031], [101.944647164824, 33.44118612103629], [101.90464850420979, 33.480178621809955], [101.90526234550055, 33.53757421344895], [101.882456501151, 33.576478099068986], [101.84234319839419, 33.60086052159812], [101.82937885026287, 33.55295759721859], [101.78122718135498, 33.55487429549283], [101.76704275586644, 33.536900662223616], [101.77567666748683, 33.53191762342987], [101.76704615344566, 33.45404022589534], [101.69378918290477, 33.432111324752064], [101.66182870580988, 33.38221085569014], [101.64769422258836, 33.321250241872626], [101.6759687352727, 33.29569187212779], [101.7337820900825, 33.27810302094016], [101.70794130418233, 33.21107092743457], [101.65200291382493, 33.16109582432169], [101.65937968634849, 33.134031440282484], [101.63171589912986, 33.09950132428264], [101.48550493333471, 33.225025616279034], [101.40096428620436, 33.223378119160415], [101.38434490295946, 33.205362630560785], [101.39173244356107, 33.15578271132747], [101.3794260465085, 33.15128135909464], [101.29523140862803, 33.26056019050525], [101.21583718595684, 33.25457708464307], [101.18068209505061, 33.267532514370295], [101.15477022061025, 33.234457894293016], [101.12270367157126, 33.21939514707229], [101.11346144299483, 33.19285375333964], [101.16773203704643, 33.09825146248802], [101.14182244556463, 33.08417060221441], [101.1442909435348, 33.05459488701222], [101.18254121039112, 33.03961948829642], [101.16958677071547, 33.00799309683837], [101.1819264671526, 32.982426002246946], [101.12702832396954, 32.98735194533966], [101.12209990201403, 32.9080241084007], [101.17637786898796, 32.891033334848046], [101.2220163812226, 32.85391960955764], [101.23557324716798, 32.82326662352265], [101.22140602792453, 32.72415761800397], [101.1554101798961, 32.65959997986421], [101.12272639515633, 32.656529455320324], [101.07532099647635, 32.68070159850852], [101.02864367594803, 32.65862910073568], [100.9955195958489, 32.62597745671871], [100.9550265408031, 32.61953953609371], [100.93045853726642, 32.598919992752535], [100.88615769823562, 32.631191396322635], [100.83251536128648, 32.64724102800802], [100.76961300863664, 32.642106520802], [100.68902929205969, 32.67641290554835], [100.71053717629445, 32.64363715992179], [100.70869428230039, 32.608365745183555], [100.6718315256414, 32.626572164281264], [100.66016085761119, 32.61449989493096], [100.65647696323701, 32.54492719491265], [100.64418979012417, 32.52477041118225], [100.60175965952884, 32.55205456313688], [100.54381189879668, 32.56813307878437], [100.46843868762039, 32.69288944936748], [100.44929586136736, 32.69284428046844], [100.41845132890373, 32.73005202817792], [100.37658210431353, 32.6968331332786], [100.39750444502761, 32.754199708124624], [100.33785172448508, 32.71753249599443], [100.25730578686594, 32.740800235097275], [100.22958445078098, 32.69448574812681], [100.22835293300437, 32.64865257314846], [100.20677017580243, 32.60478928013103], [100.18825557050822, 32.62895026394478], [100.10803966784285, 32.63840499435432], [100.08647921175373, 32.66711834950429], [100.1376382773911, 32.722534713332955], [100.1154318202091, 32.800491232907305], [100.12159627860761, 32.83518892221294], [100.06309234976736, 32.893994851937016], [100.02807067266838, 32.894070190187726], [100.03666668951837, 32.92719621943984], [99.95501541423472, 32.94650667899761], [99.94641282434449, 32.985174820296386], [99.87623447454982, 33.043905066282065], [99.87623604596074, 32.9917329754081], [99.84971040675299, 32.939997647567715], [99.8040345471947, 32.938911552593304], [99.78675855982995, 32.95495050876607], [99.76271364007454, 32.92279485640562], [99.79046248189992, 32.88163416918933], [99.76518215067179, 32.824314718448974], [99.7590220549874, 32.76798565582119], [99.7165498262005, 32.730767819735405], [99.6993341497246, 32.76500937363497], [99.64525962688954, 32.773157045339495], [99.63911241950711, 32.78926319441088], [99.5880464069028, 32.787788226654115], [99.55722054756893, 32.837534672556394], [99.45161475962828, 32.860378561028604], [99.37461731365903, 32.89801891577837], [99.35249461385979, 32.88348130699808], [99.26771736341222, 32.87658384312663], [99.23386785542336, 32.98053172639733], [99.2135367377944, 32.989546910974646], [99.19504104757522, 33.03366767117063], [99.12351216936666, 33.04408080525767], [99.0890346629074, 33.077161589108755], [99.0233226756274, 33.09281495087348], [99.01351076202052, 33.07930905095022], [98.97058503073282, 33.096480113893826], [98.96629113120729, 33.11353117312942], [98.92146548497337, 33.11712194220844], [98.85804701829247, 33.1491613497146], [98.80377379078777, 33.2176686988799], [98.80130576053143, 33.26871070907645], [98.7587859811939, 33.27516975549525], [98.77911115333076, 33.36869192840893], [98.73539820302865, 33.40515958123514], [98.74154786720086, 33.47607696596375], [98.72494163285269, 33.501545826534525], [98.64753669615504, 33.547084717430565], [98.65183611863007, 33.59346370994186], [98.62233944027528, 33.60846435552523], [98.61680413280826, 33.63588827392211], [98.65613403732125, 33.645800512918775], [98.61003758483366, 33.68124019964527], [98.58233309906994, 33.73005139875552], [98.53915655595821, 33.74492120871031], [98.51815676826931, 33.77224496948859], [98.49344111263186, 33.76719447429601], [98.49220556416093, 33.794562335158645], [98.46255025476114, 33.84671478377511], [98.43415847695792, 33.841187572740346], [98.40642022827863, 33.86553192644432], [98.42490650495003, 33.91127505092291], [98.41442694192442, 33.954988884065564], [98.43970796120155, 33.97984897100299], [98.42737030098282, 34.02748891099513], [98.39594729578378, 34.05129411999454], [98.39902518404756, 34.083536851866434], [98.34367334666673, 34.093021451118084], [98.20581986392371, 34.08270110367217], [98.0972206648695, 34.121228484174225], [98.02773079982997, 34.121332480637584], [97.9540518237651, 34.18942925357224], [97.8980605222918, 34.20831039364502], [97.80981444575795, 34.20620794617077], [97.76600787365533, 34.157111460664694], [97.66510143050206, 34.12549555061765], [97.70198382217659, 34.03516068013176], [97.65219617283509, 33.997031696432956], [97.65957372364987, 33.954807458489995], [97.62883327279698, 33.91809298261909], [97.60113706061745, 33.92854782239981], [97.52153780574481, 33.90159580376942], [97.50299522780695, 33.91048740817584], [97.45973670921879, 33.88551436415251], [97.39436821284542, 33.887431954459785], [97.39744685861993, 33.84665995833818], [97.37098840326901, 33.84021314972993], [97.37221905231603, 33.81583782701639], [97.40545503311249, 33.793430898746216], [97.42209487961544, 33.753124701197954], [97.4171632871377, 33.72673171501684], [97.43443184256928, 33.68042814363169], [97.41470158296816, 33.603653553829496], [97.44924578868466, 33.58026195634869], [97.52278057037064, 33.575475789693144], [97.51103876573175, 33.51906654165202], [97.55181513313535, 33.464260461212085], [97.6251508462874, 33.45979434510558], [97.67433442760131, 33.4312459041615], [97.75369695727186, 33.408176903037145], [97.67556562488524, 33.339294955213546], [97.62207679576332, 33.33538368415049], [97.60730776700869, 33.26237072062287], [97.5481162482409, 33.20226046631935], [97.48694060164239, 33.16653919132892], [97.49744891394089, 33.13601413297231], [97.48632378800225, 33.105414733453834], [97.51661058159847, 33.09598068582966], [97.5419433960233, 33.0343761133092], [97.49930508369032, 33.00967944036003], [97.52341043019524, 32.987170546824075], [97.37469929869067, 32.954810004015734], [97.34703519940943, 32.8940881093306], [97.37531603305246, 32.88450192870571], [97.3919303618332, 32.82669477110861], [97.38516185732739, 32.7774173534465], [97.42828506724679, 32.712513145839765], [97.4227358530213, 32.70294167886592], [97.48200678551034, 32.65270237659779], [97.53453900861328, 32.63673118614031], [97.54318667261933, 32.62012300536385], [97.60731976375247, 32.61262419704077], [97.61655321174423, 32.584893306830146], [97.70017093063642, 32.53331480383136], [97.79503395332812, 32.519685625961294], [97.80676206435338, 32.49850955690936], [97.93994722688494, 32.480937562229315], [98.10650435432846, 32.38968475994473], [98.12438422151487, 32.399298632860955], [98.21819475899423, 32.34081478726086], [98.20832536554232, 32.31652863577746], [98.22991129372309, 32.26089757213826], [98.21819694792042, 32.23304653693238], [98.25948334148175, 32.207237961603454], [98.302543581419, 32.1200434229529], [98.35662576886038, 32.085466915647025], [98.40399893943672, 32.04332779089203], [98.4021516218005, 32.02506231550682], [98.4342009953249, 32.005800330554756], [98.43173553888127, 31.920999808890674], [98.39846063133993, 31.894051884729706], [98.42557092483923, 31.854930082197544], [98.41386025120944, 31.830517905559226], [98.50831362800791, 31.750355480718998], [98.51634565225459, 31.715769615826293], [98.54536978998173, 31.71584420001494], [98.55339433472972, 31.65883401762232], [98.61868932765599, 31.59008691191886], [98.65064863948923, 31.577301332937502], [98.71392148652258, 31.507338033669416], [98.84390323057023, 31.4283531671951], [98.84266998342416, 31.41456876467252], [98.88643241616718, 31.373269353226146], [98.80998358564607, 31.305211102500436], [98.80505118356908, 31.277604634282852], [98.77238246456992, 31.24791236655527], [98.69119146497303, 31.331777769423287], [98.64328129663075, 31.33748576586364], [98.61561945175367, 31.302265727363896], [98.60331648959158, 31.256270843024353], [98.62300111623584, 31.219953387815004], [98.60208671233147, 31.190812354157718], [98.67461188539478, 31.152851005046188], [98.7096274534451, 31.11644934907609], [98.71147203323717, 31.081628996776345], [98.73606566111103, 31.04780060096806], [98.77423573100076, 31.029875943425765], [98.80567410216702, 30.99455646629792], [98.77362227239198, 30.906823052049575], [98.79642756988932, 30.878115322991583], [98.84946522046064, 30.848438744129883], [98.9042965881215, 30.78172420802628], [98.95714221983899, 30.76418546807288], [98.96266562595585, 30.727167141257436], [98.90675967210812, 30.697427972031086], [98.92152075433896, 30.60840943986708], [98.93872712027793, 30.598091066547696], [98.92582479589237, 30.5687586645678], [98.93135610950864, 30.520843623484513], [98.96451285395202, 30.44912286048727], [98.9663563138224, 30.334038951716813], [98.98598635410521, 30.279745047037594], [98.97003844652147, 30.260153488247877], [98.99212018115045, 30.21459770090128], [98.98046822883008, 30.182050612987126], [98.98844271650006, 30.15098616215634], [99.0436497437162, 30.078877698006977], [99.03567234897478, 30.053000956432207], [99.06699014166104, 29.930618779582236], [99.0227934722396, 29.8451057511286], [98.9915193729048, 29.676368718295784], [99.0135989262541, 29.606615161657167], [99.05102939579112, 29.562813275715907], [99.04366391818782, 29.519105908254804], [99.07438065902045, 29.31530747991301], [99.11314603188846, 29.2427802679305], [99.10391199543984, 29.16184911970812], [99.13102159107424, 28.94803242115825], [99.10268899155804, 28.841182931024644], [99.11315843209297, 28.765185538370627], [99.13287528785253, 28.734262466149683], [99.1254812090438, 28.6975287570901], [99.1464404497961, 28.640344008023558], [99.18282709756691, 28.58841491824396], [99.16926003969941, 28.565796432666385], [99.19084715147872, 28.494342970529775], [99.18591464573377, 28.439626685711758], [99.16371236179663, 28.424850558397086], [99.19948260251499, 28.365426450510125], [99.22844823929225, 28.35018861759466], [99.23645530224591, 28.317532089676853], [99.2881277406258, 28.285888899216484], [99.30533261290553, 28.22734216539389], [99.3735275007053, 28.181334214862325], [99.41105913521432, 28.294691303360846], [99.3913596152783, 28.317875710800386], [99.43570757518467, 28.397951403229932], [99.40305011930849, 28.443712993711767], [99.42522613782664, 28.453722003652317], [99.39504724061996, 28.49053021118358], [99.40181589305031, 28.54573340699936], [99.46223673813043, 28.54896819382119], [99.4647056828965, 28.579452062355458], [99.50299888659931, 28.618958276497793], [99.5394373729839, 28.62326011111134], [99.53079217065572, 28.67731418130861], [99.55239657529252, 28.710423088678443], [99.61339577956355, 28.739837304211147], [99.60847248056767, 28.783887939483034], [99.62446635884905, 28.814277743913856], [99.67548062627446, 28.809999506830383], [99.71666420398562, 28.846089626684428], [99.72097168957937, 28.75697722542825], [99.75421380456086, 28.70083407794891], [99.79305260596733, 28.698768566371616], [99.83378469714746, 28.66052657499159], [99.83316828310599, 28.627973409184598], [99.872041858504, 28.631710455322104], [99.87450835216443, 28.611756286656583], [99.91763343267081, 28.59915728272726], [99.98400441117606, 28.52913081399339], [99.9889174652383, 28.47653267460185], [100.07246109859722, 28.42582115935715], [100.05585817861075, 28.368464151737424], [100.1353101158803, 28.34949664155556], [100.17480942450308, 28.32480729910742], [100.14580138898508, 28.28839637379536], [100.18715521975415, 28.252098757951686], [100.15197474255643, 28.20773710450435], [100.10140363534623, 28.20135193073731], [100.08970145687155, 28.180778228838054], [100.0607821276332, 28.19346829217509], [100.03190146489672, 28.184033393249866], [100.01962090817588, 28.1466013210465], [100.08724284829287, 28.028714783777136], [100.11928311029783, 28.01815479170418], [100.19518771398127, 27.935810940611187], [100.16864815907192, 27.907202022520323], [100.20937932001138, 27.8765860750026], [100.30727509782697, 27.86067987871078], [100.3072759617258, 27.829982596918242], [100.28452777268785, 27.805667139596036], [100.30358865441325, 27.788164922501643], [100.31035150858646, 27.723535441742374], [100.32633137000735, 27.719797024647576], [100.44142626769036, 27.865879470455827], [100.5031863661942, 27.851751489634708], [100.50998383183803, 27.827424571391482], [100.54395081856899, 27.80898634259385], [100.60804880803404, 27.858798603207518], [100.63326360104327, 27.915383241587914], [100.67996038859903, 27.92270584575103], [100.71806430076543, 27.858101084784295], [100.70577086280912, 27.80042070209497], [100.75560068299278, 27.76967501283777], [100.77408285444425, 27.742674118298442], [100.78086347208989, 27.691287844817957], [100.84685694887047, 27.671789426949008], [100.82650237876558, 27.615558421039086], [100.85364307774222, 27.623560487063187], [100.91093820132339, 27.521225940043333], [100.89986247981636, 27.45328779866406], [100.93553472509143, 27.46918687283419], [100.9502784361639, 27.42668434449154], [101.02023589576753, 27.332460061757292], [101.04049411064155, 27.221292987016163], [101.06998382667486, 27.194110468777748], [101.11737762974654, 27.208467534803894], [101.16609317465145, 27.197900610846297]]]}}, {"type": "Feature", "properties": {"adcode": 520000, "name": "贵州省", "count": 11}, "geometry": {"type": "Polygon", "coordinates": [[[109.26939074264558, 28.494178234144464], [109.22876961990598, 28.474200027914478], [109.18685106813507, 28.470465944174414], [109.14861012106948, 28.416727278520415], [109.14738120857147, 28.349332805300364], [109.11224726276753, 28.27710299306438], [109.07654507697278, 28.247053029378428], [109.09685487370949, 28.201692832086323], [109.08147090538661, 28.183759039062213], [109.02187827897005, 28.219734018812318], [109.00102213212067, 28.16229224414661], [108.92551556661819, 28.18991659915326], [108.91936628436936, 28.21682457338007], [108.89106102988765, 28.219472212962156], [108.85100355925819, 28.199389474488996], [108.81707266571355, 28.244683661650807], [108.7683595425269, 28.21244453996708], [108.73387370875854, 28.227732172914425], [108.72218096548325, 28.28151581774474], [108.7572637990597, 28.30364112668642], [108.77882614034581, 28.380035041925886], [108.75541009867334, 28.389493830337837], [108.77574072586305, 28.425301502737007], [108.7049498622147, 28.50054274861817], [108.69573158002866, 28.481623694880064], [108.65272147117659, 28.476444031356568], [108.63613018650338, 28.45648288371689], [108.6840598283867, 28.421666276982], [108.69266387966934, 28.400597361459894], [108.65211456540855, 28.359603843652344], [108.66317593778, 28.33377454682398], [108.60723426219067, 28.324372285267028], [108.57582506000143, 28.3428073950249], [108.572123519025, 28.385986109660017], [108.6047671292781, 28.407050269383845], [108.6053807835464, 28.435469998509973], [108.58259554523968, 28.46335585381878], [108.56964795845681, 28.530657015221255], [108.60660501010203, 28.539075701576923], [108.60044640163379, 28.590575634815792], [108.63181605602199, 28.621011830594462], [108.57148933654105, 28.659360142900297], [108.49801901658577, 28.637144854104065], [108.49678370248557, 28.626113805302158], [108.4344004730444, 28.633308318799553], [108.32789634589776, 28.67850969114115], [108.34264581306509, 28.735673387573783], [108.38077684392287, 28.77128338546715], [108.38139025804679, 28.80221269170889], [108.34817302560293, 28.81483356931595], [108.34202260492007, 28.8588568108136], [108.35308699466934, 28.892359308063718], [108.34078726721215, 28.942639091503644], [108.3149687947039, 28.9604825120503], [108.29344629040267, 29.04473851923127], [108.30205194057325, 29.07818272420451], [108.27314432829118, 29.090768316482276], [108.25160163413709, 29.039550525065575], [108.18869913451422, 29.071390375374246], [108.14548361132383, 29.052491545912243], [108.0659640508697, 29.08539192829127], [108.02171012205284, 29.038956751228117], [107.92156691517651, 29.031887184890152], [107.90433116979658, 29.006795688429275], [107.87844653681663, 29.00574315312858], [107.86302906017968, 28.959685973449265], [107.80561813691787, 28.983656658981708], [107.81919618156626, 29.033372171174413], [107.78031077729966, 29.047427768704736], [107.8062250725319, 29.138405926762992], [107.74454505587215, 29.198927020427274], [107.6959318564164, 29.140479092104517], [107.65535994437211, 29.161969418815286], [107.60123396051344, 29.16412752899292], [107.58460416493345, 29.149502061532655], [107.56610588277795, 29.21737235224975], [107.48211631032902, 29.173307368414566], [107.43641957926765, 29.20296086441214], [107.39697442356977, 29.183607696167254], [107.40375144661648, 29.13712374093144], [107.42285564733399, 29.127733642786406], [107.40745081823216, 29.09375609206698], [107.36498775009953, 29.090639776750518], [107.39082756709468, 29.040432494119724], [107.35946093566463, 29.00855918332112], [107.39206208742829, 28.992838093400632], [107.40807628936095, 28.95935287914823], [107.43643761312413, 28.943159389315955], [107.37914999196441, 28.847828659159156], [107.33489087754971, 28.84527248552868], [107.3232204669265, 28.810185254495288], [107.2568374427793, 28.791932477584155], [107.24206707005085, 28.7615257475938], [107.21496167436516, 28.771996474192285], [107.20632888246352, 28.817067682682964], [107.2229685432153, 28.835426868151348], [107.19029436090703, 28.837480772554386], [107.20200926003243, 28.867883513352766], [107.1372454246715, 28.88715009511259], [107.01179671393096, 28.882015277816322], [107.01486467544306, 28.861054935450245], [106.97928890217419, 28.850684882593846], [106.98420151028698, 28.775723753054123], [106.94738276882642, 28.766383866795124], [106.9191184358885, 28.809416269206526], [106.86802665769385, 28.776908320642065], [106.84151580072236, 28.780538103754903], [106.81992961213153, 28.755854060552593], [106.86186881471659, 28.689827106506822], [106.88528150749774, 28.695620882866674], [106.862489292063, 28.62420744188942], [106.82672236343431, 28.623097081878875], [106.80328653672773, 28.588913463868533], [106.78047296718543, 28.626171597649495], [106.75275206566499, 28.60671928093085], [106.77369720754547, 28.56260125398827], [106.73429200276479, 28.554181327595767], [106.72199285145093, 28.51792035902798], [106.74291170905745, 28.466898348762257], [106.70417036713242, 28.450095221642524], [106.69372289607519, 28.476414385943755], [106.62860263157543, 28.503350726670362], [106.56088790657697, 28.484946564987943], [106.56396889971813, 28.52333530036927], [106.61138326315317, 28.549105730360935], [106.60276810347439, 28.592722554089725], [106.63289729958747, 28.622632614914394], [106.61445311234165, 28.644707902647106], [106.64764289634773, 28.648862941685294], [106.61383675244551, 28.666757551739636], [106.6132202518845, 28.690900804548505], [106.5836783731757, 28.691431600191674], [106.55717470220108, 28.718688038156433], [106.55778929997302, 28.7559294375203], [106.47010128624731, 28.832233918842388], [106.4491104566399, 28.816461633323673], [106.45775574539694, 28.76038797495642], [106.48801928032108, 28.74159173583803], [106.5244674085924, 28.67716241915717], [106.49852601057391, 28.66081600253574], [106.48864617824124, 28.590943955473627], [106.46270627616926, 28.585617727786765], [106.50100423497508, 28.544213548398588], [106.47320799379325, 28.529940025476034], [106.3991896008669, 28.569241642536838], [106.37027165463954, 28.525108901071274], [106.37519509340214, 28.47935551883907], [106.3450716766571, 28.47308645240138], [106.30082774851638, 28.504723137534743], [106.28853228039897, 28.53681261927183], [106.25100638430429, 28.53894789593201], [106.180724120168, 28.588275685495553], [106.16714477245486, 28.628693365144045], [106.14431157136278, 28.642304737817565], [106.09930436852711, 28.63543277780883], [106.08144524042837, 28.68110754454902], [106.02674242334433, 28.694321522742136], [105.997277340854, 28.743196844314056], [105.9629031342134, 28.76060292851153], [105.93403411567388, 28.686172763129672], [105.88603211169773, 28.670452991892386], [105.88110615078185, 28.594835916111343], [105.7805595411189, 28.610439297446103], [105.75344638098478, 28.589933303478745], [105.74113010922204, 28.616196370653217], [105.7091439263282, 28.586280325054], [105.68947672998424, 28.588412268768927], [105.67903502162967, 28.533778510783907], [105.6200471405607, 28.517580821923975], [105.60898099530364, 28.438693943933785], [105.64033624605864, 28.430763747144805], [105.65139991666844, 28.36230918194956], [105.63603990901555, 28.323883127572895], [105.68519334505801, 28.283745789664263], [105.7263804771553, 28.27156651854032], [105.73376266402005, 28.30265740988811], [105.76085407846438, 28.30792723238638], [105.78365845638848, 28.33534335057978], [105.82067378343778, 28.30590090609285], [105.84474172233776, 28.25534551184313], [105.88605614549051, 28.23746864766292], [105.85708509176699, 28.159367084637545], [105.89160678487454, 28.119284163231974], [105.94021025095542, 28.14299882024998], [105.9721491893918, 28.107553697056108], [106.08947939055186, 28.16219081156089], [106.14125604224989, 28.162232065613235], [106.20296165378267, 28.13384056335396], [106.2627285081395, 28.066279331627253], [106.24241646725633, 28.011338682653687], [106.28241543230835, 28.006556967059225], [106.32421092654869, 27.95203762812816], [106.30393427872092, 27.93621128218988], [106.30086331782952, 27.898664006994697], [106.32114162162141, 27.898097441532002], [106.33343287525216, 27.858391488308524], [106.30271246746153, 27.80816435825445], [106.23873449977273, 27.766917450339704], [106.18941129098467, 27.75362445554014], [106.11660931564482, 27.778927094098783], [106.05997124631622, 27.776296046143447], [106.01943074722443, 27.746198578386995], [105.98137651052208, 27.749490985411622], [105.92486455207612, 27.729487784953246], [105.91932851983114, 27.746445117429904], [105.86450895202383, 27.732130741498253], [105.8447718242531, 27.706669392881984], [105.76396804128557, 27.717671910087574], [105.71903122015983, 27.705495133501856], [105.71657231904105, 27.683240966522384], [105.66065193736586, 27.683334696070705], [105.62009279199215, 27.66590826556858], [105.60163670493418, 27.715205613678933], [105.55666549839849, 27.71941413651053], [105.50481535831521, 27.76854941171698], [105.43629832393223, 27.77472720852366], [105.35015877608572, 27.748260615205304], [105.30471916206594, 27.704373044525052], [105.29243907004404, 27.631249237659407], [105.30103889392252, 27.611086268227492], [105.25310348389982, 27.58197013788756], [105.22910439703175, 27.546424153522505], [105.25679775352732, 27.514060890748883], [105.2309536310259, 27.488584146548757], [105.22972479005361, 27.43602626698922], [105.17919990541395, 27.366911462028764], [105.18104836242107, 27.39241329883759], [105.11756271667231, 27.41780456329414], [105.0646640524263, 27.417814701650205], [104.86878911952685, 27.290631771829453], [104.8490693417448, 27.299109411614417], [104.85399922784589, 27.332069378398785], [104.8219409724498, 27.352735421508093], [104.76832567737128, 27.317053256617083], [104.75170329002304, 27.34521031977851], [104.60914964626846, 27.306598974166654], [104.56790148733478, 27.33156540077743], [104.5370657618126, 27.327257819283673], [104.4944596186305, 27.41426492999047], [104.46482049847465, 27.41364894614922], [104.36071756717179, 27.46721723523685], [104.30603835894617, 27.40678372862602], [104.29313424468681, 27.373871992158143], [104.24515357055802, 27.336185954638456], [104.24638603993884, 27.291540378002857], [104.20818018076035, 27.296828571020832], [104.17054978813118, 27.262741031255274], [104.11133460116892, 27.33760300577489], [104.08177556586394, 27.330162453397964], [104.01479500596798, 27.383425074578803], [104.01295155313018, 27.428575222776296], [103.95402014388826, 27.425025484615823], [103.93005200516363, 27.443655203740153], [103.90297982248676, 27.385256962042472], [103.90113380676192, 27.347536899530258], [103.87217317480518, 27.331047644154392], [103.86354186163975, 27.28160619708772], [103.79813857387566, 27.265011208283294], [103.7993721292063, 27.250124931779556], [103.74636397724414, 27.209658772422816], [103.69408149528846, 27.126168084196834], [103.63139805280382, 27.120424175972527], [103.61848467914795, 27.096482657857283], [103.65045351464586, 27.09271000483045], [103.65782834683714, 27.065538707573978], [103.61233395734271, 27.079449015300376], [103.5994103162178, 27.061880556980658], [103.6215625677162, 27.035234976287413], [103.62094852237499, 27.00699922182217], [103.67319077592161, 27.051662791967658], [103.70268982384285, 27.048947462086243], [103.72975137015993, 27.0185519188747], [103.75129971136647, 26.963657286789008], [103.7728660533684, 26.950875499502544], [103.76115819686659, 26.905545549148243], [103.77718483067787, 26.874088164210292], [103.71991465093596, 26.85114662651071], [103.70331446638825, 26.79459588420409], [103.72299478186612, 26.74277640656912], [103.77102578314609, 26.716600237130162], [103.74638691234136, 26.623593964521174], [103.76117066517551, 26.585091462861367], [103.81359081252914, 26.55252440705022], [103.81729454398916, 26.530055457651763], [103.86357099816468, 26.512473001729116], [104.06520053968772, 26.514822458451928], [104.06581309567378, 26.573148272867076], [104.11875979074718, 26.637849107895597], [104.15823398670905, 26.64646095556708], [104.21992217843975, 26.620363183207022], [104.26610969155693, 26.617696623930634], [104.27226010811994, 26.633732419901982], [104.31098640018062, 26.612822078840708], [104.35092090736114, 26.620769279228234], [104.42167297269421, 26.70892513952682], [104.46547093399016, 26.644340028614103], [104.45683154475651, 26.602612510553694], [104.4858492986113, 26.579691278340285], [104.55436907082898, 26.590570731184286], [104.57717471463556, 26.568668174428684], [104.56855092093735, 26.52478176077387], [104.5962627586646, 26.521051388885727], [104.63622852477502, 26.47819091496085], [104.6294712080721, 26.451959765755998], [104.66325400252703, 26.43422732055292], [104.66202727139039, 26.39779686437234], [104.68167886619841, 26.377394797104635], [104.65711771094239, 26.335628821069744], [104.59011652809154, 26.31800189523721], [104.5401945658002, 26.253565236558085], [104.54636581537943, 26.22728259404585], [104.51612553911893, 26.166004256844985], [104.52600569816617, 26.114467120422955], [104.49698641843158, 26.0708575878937], [104.45747049479313, 26.085795436391567], [104.46796706536266, 26.009488260395877], [104.43588482826193, 25.927655781414874], [104.41184923418918, 25.90987148264738], [104.4389700205111, 25.868995472156595], [104.39523164583198, 25.761787900468978], [104.36816736315622, 25.730555163128454], [104.32638094102599, 25.760800598288107], [104.30795292304352, 25.648183826799578], [104.33007294981239, 25.599063358482848], [104.38662379573229, 25.595747269258645], [104.42603523987191, 25.57633831218936], [104.43343497034851, 25.520769418523578], [104.41617878670412, 25.49969957408425], [104.43220369771946, 25.472725395394402], [104.44700502073246, 25.49542475612803], [104.48095327251852, 25.494969603658284], [104.52170735581194, 25.527474168243188], [104.5544115376102, 25.525391612009624], [104.54084549085293, 25.401180898870116], [104.56428071947104, 25.4033852333022], [104.61353216904638, 25.36558358360555], [104.64364524567833, 25.357440822282726], [104.63750496627881, 25.296379510230267], [104.68725013991408, 25.29682932364574], [104.7333371870683, 25.268659325025745], [104.81340018110429, 25.263319308219337], [104.82388242714099, 25.236301683256382], [104.80415368373883, 25.22490825129751], [104.8201855236656, 25.170841279891082], [104.7992254413051, 25.164310962653122], [104.7511802363272, 25.215118183018536], [104.72165951868743, 25.196198161989166], [104.72965251713282, 25.168600549594963], [104.69278422643717, 25.12318829473263], [104.68295967581723, 25.07935573755378], [104.61723345396797, 25.06159424707117], [104.68234649054581, 25.054989763907567], [104.71060533829603, 24.996984353206134], [104.6614722792939, 24.96564084826693], [104.63321906580049, 24.90497498477424], [104.58463152672509, 24.87409090779824], [104.53716656042923, 24.814887083926664], [104.54025333153024, 24.75736000649116], [104.52729480021819, 24.732893022434123], [104.59325631031389, 24.710724392877143], [104.62646912428923, 24.662353281965878], [104.70078944127968, 24.647009204588226], [104.72660056604866, 24.6192573930354], [104.7690558466779, 24.661106960289715], [104.83931813612327, 24.677518529846832], [104.86335373469026, 24.731874780477067], [104.89660342204118, 24.75416321136374], [105.03041303405963, 24.788621472318138], [105.02366436669446, 24.816860387360155], [105.03593159822394, 24.87379075909964], [105.07461589533942, 24.919274129215022], [105.12815363519475, 24.960483214963222], [105.1540396215272, 24.95943993237231], [105.17500037669983, 24.986032401603055], [105.20951699862464, 24.996383323014275], [105.24830993630118, 24.968230012141593], [105.2643029131192, 24.93028292406816], [105.33065017368779, 24.92747172069305], [105.36197427658641, 24.944222590538324], [105.42473448988059, 24.93174191208169], [105.45371942848449, 24.872146648485444], [105.48952642086907, 24.834271126419385], [105.49384970244766, 24.81041008863768], [105.56975776012132, 24.798648548921985], [105.60424330011402, 24.80517197653383], [105.61408733617085, 24.78291366519496], [105.70196858099274, 24.769742054675067], [105.76350837959971, 24.720299844095926], [105.823947488999, 24.70409180446573], [105.86034520842398, 24.73076674128272], [105.93854467735275, 24.726413890164952], [105.95820729020183, 24.679114503125536], [106.02082486611626, 24.63437268274701], [106.04354594433184, 24.68539565548706], [106.10999844003229, 24.715219305011818], [106.14637906289502, 24.76359189307961], [106.16921062586951, 24.76146162206362], [106.20252361732595, 24.85214700657679], [106.19388497205695, 24.88684630213854], [106.14143405150114, 24.955063337443463], [106.18771232417794, 24.954063019330697], [106.2117674537549, 24.982820930585994], [106.30102369925362, 24.974661269833646], [106.43822142884419, 25.02007205125041], [106.44624221853329, 25.034170522967433], [106.51602307022884, 25.054943262287374], [106.54750497019137, 25.083719166269123], [106.58695565088962, 25.08863814234878], [106.636163796291, 25.13353297580954], [106.64107776647776, 25.165454010970347], [106.68715192874812, 25.179977327436465], [106.72833587173223, 25.163150263590207], [106.76095592613164, 25.183708203015776], [106.78375359357065, 25.171825867316418], [106.84912158173029, 25.18762890467952], [106.88425004155056, 25.182800827900518], [106.90025516457769, 25.23256825568298], [106.92915842732623, 25.25147326612126], [106.97152734598967, 25.233535387403634], [107.00956097875776, 25.276139150647882], [107.0083295033158, 25.353432932896013], [106.98379138678551, 25.35945118345535], [106.9598556950674, 25.438382541744463], [106.99237501241142, 25.44314976210755], [107.01138923086798, 25.49600291809793], [107.06234660068642, 25.509379649590635], [107.05988529791298, 25.55957136285134], [107.18124556462294, 25.579082454387496], [107.20097862938916, 25.608244292140654], [107.22440126953147, 25.605034661435266], [107.22809993840063, 25.557023772669986], [107.25949932122136, 25.543535891411302], [107.33203345714463, 25.46138108945734], [107.3037727399097, 25.43335507142969], [107.31360545655778, 25.40201136523273], [107.35416004663918, 25.393834876471484], [107.37137366727958, 25.41217686390682], [107.4163169771456, 25.393264441225593], [107.40461286940389, 25.347334691962654], [107.42803700374839, 25.289522546297707], [107.47680283502368, 25.30044193519447], [107.48545328444337, 25.277221353554648], [107.46754249591775, 25.214442214966283], [107.50831843203652, 25.20969308443773], [107.57251703437807, 25.257419895209267], [107.59531616347505, 25.25148135332739], [107.6279314008203, 25.310926720247828], [107.65559949362552, 25.316826819318347], [107.65744711783087, 25.259519308973196], [107.6918748199053, 25.22051915340415], [107.69617995467335, 25.19508825327442], [107.73740444674272, 25.241020785034934], [107.7577358703518, 25.229664347674564], [107.75588908829945, 25.189095402984755], [107.7848744667683, 25.155575086310346], [107.75835836217452, 25.125785922491822], [107.83487409600579, 25.116694412744458], [107.86819803427728, 25.1421844303537], [107.92426582137229, 25.1567970732809], [107.99738938059109, 25.19719786142596], [108.07606203773251, 25.194318774542737], [108.11056308030051, 25.210545733000522], [108.13893700629201, 25.270065038428232], [108.14757479256659, 25.324675416673603], [108.13831254766853, 25.39112058743472], [108.18893169508289, 25.40579494308242], [108.15806212584977, 25.445163862195717], [108.18831122364176, 25.459258618165016], [108.24751638708167, 25.430693499451067], [108.23704013384592, 25.462551732649878], [108.27644801387521, 25.480351748644235], [108.304121285914, 25.526190620645306], [108.3440798352157, 25.536370006390083], [108.35514793015984, 25.51368482807397], [108.39576381243707, 25.491517340746924], [108.41425233765077, 25.443471912968487], [108.46732485521916, 25.45922642076701], [108.58155099637699, 25.366588334786734], [108.58524972506444, 25.335790439177224], [108.62095045796046, 25.308752180017407], [108.62586912573458, 25.336310941160185], [108.59632992509233, 25.43303196009461], [108.60309777189036, 25.4924224387394], [108.63077687171399, 25.52100360949919], [108.68485449625221, 25.533859056665047], [108.65413122364288, 25.5506454247048], [108.65658734715518, 25.585170678990078], [108.68177862208123, 25.58782011466629], [108.6848492058509, 25.62341343149705], [108.72050233764, 25.63522693007093], [108.77961687638275, 25.628763488388245], [108.79565092715912, 25.577004115688442], [108.77715536068953, 25.55485766310132], [108.81045751558071, 25.527386834592612], [108.82217620256097, 25.55061342553716], [108.88629906953395, 25.556638613853313], [108.88506784192333, 25.543688249013393], [108.94472783787621, 25.557670797340933], [109.02021419328355, 25.512668217526578], [109.0834928280435, 25.550873338648387], [109.04722276030856, 25.56710576517846], [109.02634370542067, 25.629726154050548], [109.07056710495031, 25.6938023681315], [109.07425528730349, 25.720748006774848], [109.0386146569746, 25.738590656988496], [109.00302041807603, 25.734916102534758], [108.94963365445896, 25.6870970218473], [108.89614399525452, 25.68284423969254], [108.89183282063078, 25.71464632146373], [108.93611674153036, 25.740481596024132], [108.95945433715144, 25.732887656935024], [108.99504216252227, 25.76565336774098], [108.98522517980044, 25.77915124013062], [109.0435243043463, 25.790838952239223], [109.07302166901889, 25.77678801186332], [109.09024529463352, 25.805327687475785], [109.1389194025747, 25.795132302360667], [109.12720686998752, 25.762793361587057], [109.14323999347957, 25.741803234900743], [109.20183154895236, 25.78823971998], [109.20245121512453, 25.740290758938052], [109.29170937036328, 25.714415443686107], [109.3353316880695, 25.731581405048587], [109.32304223312697, 25.761779879964234], [109.3347105619957, 25.834472377597557], [109.35437404761431, 25.836053742309197], [109.39188664129588, 25.900080280318498], [109.43008345886352, 25.933467534871042], [109.40358075277648, 25.96733847797674], [109.46834539265987, 26.00670506232687], [109.4776086407081, 26.029850764103134], [109.44796778240381, 26.055579562139577], [109.44487866710408, 26.101791043861514], [109.4979911028448, 26.09655946568896], [109.50910946483175, 26.12829136938546], [109.4714234771212, 26.148054213444382], [109.43438096411803, 26.238702288352954], [109.46214901868404, 26.31386757006639], [109.43746222651349, 26.2896781629067], [109.346356823708, 26.263941862382254], [109.3205501644091, 26.290276378007427], [109.28122251271655, 26.295707185203646], [109.26646304680686, 26.32789962122485], [109.29105367756378, 26.350388828842032], [109.31501305673146, 26.418409841673274], [109.37585232929702, 26.45420060761525], [109.35740544659028, 26.471894967252663], [109.38077032329868, 26.493285291761968], [109.37646314099005, 26.518448736712415], [109.40231098251809, 26.532889765083485], [109.385685882096, 26.598696584405342], [109.35001689853591, 26.658620300362863], [109.32912718085672, 26.645828736705017], [109.30148002226268, 26.660847672073928], [109.27873676010068, 26.6982916234841], [109.3500145882038, 26.692824219340302], [109.40229828065083, 26.71949520559005], [109.44298297155851, 26.759597968331015], [109.48188375763937, 26.759696074789005], [109.4713778962142, 26.82959918368391], [109.43125245216332, 26.891931588906314], [109.55042709028865, 26.94662283675568], [109.51522504270083, 27.05843571631236], [109.49298265769966, 27.079140138239534], [109.48186384824984, 27.053544568901017], [109.44975117491843, 27.068905003946877], [109.46765197580305, 27.134433764106237], [109.43617193720492, 27.117330302361022], [109.41027579838493, 27.153493627711125], [109.25964275999708, 27.13132047180948], [109.23440446151415, 27.148886575347394], [109.16104021443053, 27.066266776382637], [109.09631737828079, 27.06831943769036], [109.12403602151088, 27.122113414888037], [109.02809038942819, 27.103554020408087], [108.93603657956656, 27.044693842522506], [108.93849605028133, 27.016987788735776], [108.87327238978769, 27.015948595143342], [108.78630843333234, 27.083983654240022], [108.87449937568584, 27.105955387014003], [108.92250875264568, 27.160242119914564], [108.90343701319193, 27.20441613411543], [108.95874682618498, 27.235183462281835], [108.97899619571163, 27.26756545895693], [109.04895327956244, 27.29289102848533], [109.03973912210284, 27.330646001673653], [109.09876220671579, 27.33589758230249], [109.13757862245329, 27.417743211126155], [109.13695989527903, 27.447479139864306], [109.16225035000363, 27.417255353204123], [109.19740595945747, 27.44970883319451], [109.24054400435222, 27.41735661730174], [109.29528428941414, 27.423154012471727], [109.29835250220029, 27.475180096833583], [109.39977713176296, 27.549866876432166], [109.45650677763506, 27.566916717843835], [109.44601164152755, 27.585458127514325], [109.46514715398766, 27.62792626969621], [109.4515600581692, 27.67295106991887], [109.4657611793242, 27.679346057319293], [109.40900439265167, 27.724290057478186], [109.36162174781884, 27.7211348246783], [109.37268826560985, 27.735954727192418], [109.32782154290291, 27.7821039670776], [109.34194748034464, 27.837666308630606], [109.31675771720109, 27.86734995776787], [109.29709122135743, 27.95571904316605], [109.31490610089449, 27.98793585287545], [109.3572991906156, 28.006886568091634], [109.37389716811721, 28.033815073588805], [109.33087275833306, 28.062409382671245], [109.29339825096856, 28.03553537585016], [109.30936837582829, 28.103114911093805], [109.33332477797198, 28.141078585708183], [109.33516456010904, 28.189622488782355], [109.36281334002422, 28.253917711297042], [109.38310730963572, 28.267604225621284], [109.33024195196444, 28.292978911292973], [109.31304249355809, 28.27720064003191], [109.27063360499088, 28.312573190000663], [109.26386678482166, 28.337338833704838], [109.284155591706, 28.37313066319153], [109.25955632259816, 28.392109393299542], [109.25586026874132, 28.464207578781043], [109.26939074264558, 28.494178234144464]]]}}, {"type": "Feature", "properties": {"adcode": 520000, "name": "贵州省", "count": 11}, "geometry": {"type": "Polygon", "coordinates": [[[109.4713778962142, 26.82959918368391], [109.48188375763937, 26.759696074789005], [109.51771681641213, 26.749121582480292], [109.4923826090532, 26.815250280997088], [109.50844470650361, 26.839846885772857], [109.5047350325017, 26.877716180408903], [109.48187460212841, 26.895250640387008], [109.44791356625525, 26.861556535126308], [109.4713778962142, 26.82959918368391]]]}}, {"type": "Feature", "properties": {"adcode": 520000, "name": "贵州省", "count": 11}, "geometry": {"type": "Polygon", "coordinates": [[[109.52389333395958, 26.743796957211927], [109.5633955601391, 26.72625156047167], [109.5923594407997, 26.756181175612515], [109.54982390865639, 26.73531105477907], [109.52389333395958, 26.743796957211927]]]}}, {"type": "Feature", "properties": {"adcode": 530000, "name": "云南省", "count": 9}, "geometry": {"type": "Polygon", "coordinates": [[[105.30471916206594, 27.704373044525052], [105.2869065063113, 27.711819994382587], [105.28997542674465, 27.770084356990385], [105.27030952095828, 27.794465909521296], [105.30962678042918, 27.810293405505316], [105.25616654502562, 27.82729870653753], [105.22970129359541, 27.89503062540922], [105.28136461106347, 27.935211890379623], [105.26722603621191, 27.996554681420704], [105.24446844304629, 28.0087188023818], [105.21491578121628, 27.990201984370717], [105.18286713534837, 27.994910888867583], [105.16436962074687, 28.02077333817177], [105.18348062465904, 28.05409409871887], [105.1649836139339, 28.07096251443626], [105.11629703792666, 28.071417337939558], [105.05848690681901, 28.096259020534674], [104.97752351933723, 28.062674553490048], [104.97200682280159, 28.020423968322316], [104.90077161336569, 27.961866109744822], [104.91553059323081, 27.93859396014112], [104.88538831321806, 27.914268275426775], [104.79417414432557, 27.90090321861945], [104.75906441248839, 27.88393826665082], [104.74060324290978, 27.901395159695237], [104.67363049641905, 27.880319469021423], [104.63064158749017, 27.85023324420126], [104.60543575947723, 27.85766474823845], [104.57096058981611, 27.84018908452585], [104.52284473336451, 27.888776429036973], [104.50555603704534, 27.87761566690556], [104.39821395090526, 27.951459041623213], [104.36007888202597, 28.01228066022748], [104.30601150230441, 28.035628496264625], [104.30170917659515, 28.050429262167178], [104.37052733167252, 28.050838546353205], [104.39820766934928, 28.090961684013774], [104.4462756484333, 28.113186003998095], [104.44195486992139, 28.161739051529675], [104.4037451571692, 28.172780839542146], [104.39943387783181, 28.202324306723714], [104.44010206391049, 28.21079976527907], [104.45984520268057, 28.240901607430065], [104.44688560474705, 28.269342828132622], [104.41729124377356, 28.269300707963946], [104.39019825850676, 28.290905700057017], [104.38219907086012, 28.32937455152042], [104.34040144707171, 28.333646293774493], [104.31152897846334, 28.306304718974886], [104.27956816648599, 28.34270608877934], [104.25188080197846, 28.403279638739804], [104.2654158604956, 28.499028944225252], [104.25802970636217, 28.535835216592886], [104.35329476606844, 28.554612863213507], [104.37296239537285, 28.593992910596757], [104.41481162955107, 28.59766108530199], [104.42282030002494, 28.626029341618317], [104.36988542363743, 28.648614173821592], [104.31212982243524, 28.615106646846158], [104.2746366505872, 28.631442701681756], [104.25002271592825, 28.66033280769295], [104.22846634747657, 28.635126247582907], [104.16802214785099, 28.642388024851833], [104.1149752788245, 28.633382716873466], [104.09341488438454, 28.602914531622947], [104.05711900946194, 28.627107298720286], [103.95151677926228, 28.600602703505363], [103.907856680841, 28.63112250017189], [103.88568408532537, 28.619566745586418], [103.8486825146204, 28.66677655006275], [103.83078890845019, 28.6047839939526], [103.83634428698362, 28.586934337224246], [103.80055338304629, 28.562699564072954], [103.77958402379096, 28.524826554342813], [103.82770982726598, 28.45969367370668], [103.82647624352532, 28.439698343564682], [103.85794787040585, 28.38343313058052], [103.8511621828052, 28.356567680405796], [103.87521776470255, 28.316038305709604], [103.76850061259948, 28.233120107881877], [103.73770390608851, 28.235750777143707], [103.69957047499516, 28.198344044298178], [103.68973535995626, 28.23211545234628], [103.64180469701353, 28.26014912660287], [103.57102874571135, 28.230649856093137], [103.53092552853246, 28.168328597754787], [103.4679258858361, 28.121702611999712], [103.42843872897207, 28.043989445712956], [103.45681705024424, 28.020794184499255], [103.48398758471754, 28.03301948891265], [103.51364125146128, 27.964926231836305], [103.55253652524246, 27.978238707110677], [103.500053069276, 27.909888388067774], [103.50746830766079, 27.843242011919756], [103.4852315836801, 27.794473431378535], [103.3908821178568, 27.70852308362639], [103.36751142796534, 27.708012835155646], [103.29010325773294, 27.632353928973064], [103.28395927209706, 27.561298103028154], [103.2304293002715, 27.56927408873431], [103.14226171334997, 27.449732267339154], [103.13918065720708, 27.419991362241998], [103.0788290113142, 27.396063257947915], [103.05363127111985, 27.408843497832653], [102.98797245281557, 27.367588958750115], [102.93948194484392, 27.405424731387235], [102.88227298290423, 27.299186133422154], [102.91182799928896, 27.13376717990141], [102.86934113305102, 27.026718451871357], [102.89336881897918, 27.001696047101948], [102.89460324679837, 26.912675316930006], [102.94748523077232, 26.843278945192512], [102.96467581744353, 26.837902513785497], [103.00639884222268, 26.710702391718947], [103.00333246831539, 26.67918537470888], [103.02419203850025, 26.664159207406144], [103.0334010351552, 26.556646775028394], [103.05059133387321, 26.555537199017856], [103.05059281935854, 26.514329567769362], [103.02849327897285, 26.48600965223915], [102.98800288969126, 26.482916729784023], [102.99659566329898, 26.37199884496903], [102.97389729467508, 26.340973730054813], [102.89154251501539, 26.338942823780165], [102.87737360335538, 26.36466604025777], [102.8317478807239, 26.306689705219696], [102.78364306842835, 26.299100247686813], [102.73806563046944, 26.269039865026716], [102.70793186651252, 26.210573067175037], [102.59912613180552, 26.250982389717205], [102.63726282579374, 26.30781402257065], [102.62804021986395, 26.337320419306135], [102.56954885747291, 26.363057839097856], [102.5405504943483, 26.33888251382234], [102.43863884226941, 26.30054050919099], [102.39056320337855, 26.296755688731313], [102.34750470848269, 26.244765912955234], [102.24354766042245, 26.21269773721835], [102.2410832966192, 26.19068752799574], [102.1732208982184, 26.1471041709428], [102.10596328718557, 26.06856752794804], [102.07824407560207, 26.06534772098854], [102.01922379512204, 26.09663416260877], [101.95288892909865, 26.08500103918228], [101.9276760049881, 26.10600172883589], [101.8981204861933, 26.099570964412596], [101.85618409326645, 26.049551360406173], [101.83396130152758, 26.04628761529936], [101.83828221922658, 26.082844840170385], [101.79506831808523, 26.115006885527006], [101.80617685161923, 26.1563858472098], [101.77162387613626, 26.168691961495405], [101.73526735656378, 26.21968845334335], [101.68851170272742, 26.2417507681068], [101.62887436175009, 26.225218644514438], [101.5845446308738, 26.27997010269022], [101.59563447250189, 26.30357416018285], [101.63871203369578, 26.31909164646307], [101.65900035699002, 26.346937657212404], [101.63379146024147, 26.357702378991196], [101.63625078010942, 26.389321725283672], [101.56419139242328, 26.454691617461506], [101.52838450344402, 26.46746979687256], [101.50490604494183, 26.500064509976653], [101.45671818604167, 26.495646649194722], [101.42093348291452, 26.53145031976386], [101.3938272162654, 26.591898721416253], [101.40059910035261, 26.604733721179812], [101.45980219343474, 26.60641481821582], [101.45918350717197, 26.6406338659], [101.47956573224374, 26.67329445790569], [101.45115578251259, 26.692460428974123], [101.51169429870907, 26.768478775110722], [101.46411951632983, 26.78649570282973], [101.44374675623914, 26.77416971446786], [101.45671041762749, 26.730939439399833], [101.43387622798001, 26.740510398987926], [101.38766720251213, 26.722861456417853], [101.3852044290806, 26.753308123558746], [101.3569143798403, 26.771496215811403], [101.39751207631062, 26.84138448502364], [101.36367361157247, 26.883558937184233], [101.3095949480806, 26.902856925390353], [101.26594428614277, 26.90291498291618], [101.26286601896373, 26.95516889671609], [101.22530422753734, 26.958895085564077], [101.22715231644567, 26.981815395988114], [101.1346423947283, 27.02323258480412], [101.16609317465145, 27.197900610846297], [101.11737762974654, 27.208467534803894], [101.06998382667486, 27.194110468777748], [101.04049411064155, 27.221292987016163], [101.02023589576753, 27.332460061757292], [100.9502784361639, 27.42668434449154], [100.93553472509143, 27.46918687283419], [100.89986247981636, 27.45328779866406], [100.91093820132339, 27.521225940043333], [100.85364307774222, 27.623560487063187], [100.82650237876558, 27.615558421039086], [100.84685694887047, 27.671789426949008], [100.78086347208989, 27.691287844817957], [100.77408285444425, 27.742674118298442], [100.75560068299278, 27.76967501283777], [100.70577086280912, 27.80042070209497], [100.71806430076543, 27.858101084784295], [100.67996038859903, 27.92270584575103], [100.63326360104327, 27.915383241587914], [100.60804880803404, 27.858798603207518], [100.54395081856899, 27.80898634259385], [100.50998383183803, 27.827424571391482], [100.5031863661942, 27.851751489634708], [100.44142626769036, 27.865879470455827], [100.32633137000735, 27.719797024647576], [100.31035150858646, 27.723535441742374], [100.30358865441325, 27.788164922501643], [100.28452777268785, 27.805667139596036], [100.3072759617258, 27.829982596918242], [100.30727509782697, 27.86067987871078], [100.20937932001138, 27.8765860750026], [100.16864815907192, 27.907202022520323], [100.19518771398127, 27.935810940611187], [100.11928311029783, 28.01815479170418], [100.08724284829287, 28.028714783777136], [100.01962090817588, 28.1466013210465], [100.03190146489672, 28.184033393249866], [100.0607821276332, 28.19346829217509], [100.08970145687155, 28.180778228838054], [100.10140363534623, 28.20135193073731], [100.15197474255643, 28.20773710450435], [100.18715521975415, 28.252098757951686], [100.14580138898508, 28.28839637379536], [100.17480942450308, 28.32480729910742], [100.1353101158803, 28.34949664155556], [100.05585817861075, 28.368464151737424], [100.07246109859722, 28.42582115935715], [99.9889174652383, 28.47653267460185], [99.98400441117606, 28.52913081399339], [99.91763343267081, 28.59915728272726], [99.87450835216443, 28.611756286656583], [99.872041858504, 28.631710455322104], [99.83316828310599, 28.627973409184598], [99.83378469714746, 28.66052657499159], [99.79305260596733, 28.698768566371616], [99.75421380456086, 28.70083407794891], [99.72097168957937, 28.75697722542825], [99.71666420398562, 28.846089626684428], [99.67548062627446, 28.809999506830383], [99.62446635884905, 28.814277743913856], [99.60847248056767, 28.783887939483034], [99.61339577956355, 28.739837304211147], [99.55239657529252, 28.710423088678443], [99.53079217065572, 28.67731418130861], [99.5394373729839, 28.62326011111134], [99.50299888659931, 28.618958276497793], [99.4647056828965, 28.579452062355458], [99.46223673813043, 28.54896819382119], [99.40181589305031, 28.54573340699936], [99.39504724061996, 28.49053021118358], [99.42522613782664, 28.453722003652317], [99.40305011930849, 28.443712993711767], [99.43570757518467, 28.397951403229932], [99.3913596152783, 28.317875710800386], [99.41105913521432, 28.294691303360846], [99.3735275007053, 28.181334214862325], [99.30533261290553, 28.22734216539389], [99.2881277406258, 28.285888899216484], [99.23645530224591, 28.317532089676853], [99.22844823929225, 28.35018861759466], [99.19948260251499, 28.365426450510125], [99.16371236179663, 28.424850558397086], [99.18591464573377, 28.439626685711758], [99.19084715147872, 28.494342970529775], [99.16926003969941, 28.565796432666385], [99.18282709756691, 28.58841491824396], [99.1464404497961, 28.640344008023558], [99.1254812090438, 28.6975287570901], [99.13287528785253, 28.734262466149683], [99.11315843209297, 28.765185538370627], [99.10268899155804, 28.841182931024644], [99.13102159107424, 28.94803242115825], [99.10391199543984, 29.16184911970812], [99.11253068674793, 29.22033506816713], [99.03630712573597, 29.20683719175915], [99.02342292581483, 29.18807505319674], [98.98049030317729, 29.204389241095082], [98.96024509380904, 29.165280210861138], [98.96638288312892, 29.12765365021356], [98.99091907551755, 29.105114780225637], [99.01238570534153, 29.0360460137779], [98.92524313181745, 28.978199022981848], [98.91725303145648, 28.88660022456983], [98.97313701939709, 28.86449802914577], [98.97191063766661, 28.83201872189639], [98.92217243071319, 28.823730843085578], [98.91233436413425, 28.800677680073623], [98.85197393765556, 28.798013425717656], [98.82730566859775, 28.821030393336592], [98.82113536576635, 28.92053949925542], [98.78537130515876, 28.998456757765055], [98.75703305496785, 29.003665671867992], [98.70168358659498, 28.963943402216138], [98.65499903119715, 28.976587690997462], [98.62365754870729, 28.95831935732101], [98.65622798399242, 28.910112163851462], [98.64332726612956, 28.894950130355287], [98.66790018203915, 28.843049029307284], [98.65193007159729, 28.816878416138625], [98.68325830064444, 28.739748005959886], [98.66605977588408, 28.71197773720234], [98.59412955410625, 28.667453007493474], [98.63718773532582, 28.551869397802385], [98.6187455844204, 28.509310740874493], [98.62550956836728, 28.4893220798589], [98.67343557902143, 28.47872280682576], [98.73981371004979, 28.348100566511015], [98.74596811566717, 28.320705862592288], [98.70968522160896, 28.28859152586793], [98.71153034764384, 28.229016291662976], [98.64948361510714, 28.20011680701316], [98.62551525442026, 28.165329812499813], [98.55900922964894, 28.18272711673009], [98.49355551755123, 28.14086872863372], [98.46390645860643, 28.15081388881189], [98.42811706276026, 28.1042931530023], [98.38869188945377, 28.11431243122728], [98.38930640584682, 28.163927840757736], [98.36961935706753, 28.18346905618399], [98.37699859271187, 28.24569706223437], [98.3524013502706, 28.292646670865437], [98.317370037679, 28.324327006973256], [98.30077246643108, 28.38387067973796], [98.20840190974263, 28.358084955427906], [98.20716840735096, 28.330167422104772], [98.23121948741188, 28.314386897289207], [98.26633061783338, 28.242176286905845], [98.21642344783614, 28.21263037556342], [98.16890391685605, 28.205695439702396], [98.17384367976793, 28.162969403871664], [98.13866158079153, 28.141797845906172], [98.1596465260583, 28.10065450805353], [98.13249504788588, 27.990195068805775], [98.14236810363596, 27.948443832827042], [98.18681092556713, 27.939005563509383], [98.20470826883738, 27.88931455169295], [98.16891058968714, 27.850624745374454], [98.2151969977054, 27.81047261094438], [98.23369642270605, 27.69025150232141], [98.28295343495421, 27.65419428354573], [98.3100076867237, 27.583100169541687], [98.31677040067504, 27.518894505092916], [98.33705132785171, 27.508241761750824], [98.38808830484763, 27.514540428373056], [98.4287447767409, 27.548511123821207], [98.42935940765429, 27.65298330907817], [98.44354589927275, 27.664666967819482], [98.47441516974399, 27.633992101602455], [98.53495011914985, 27.62037986622702], [98.55408280844992, 27.645871099698777], [98.58675718568469, 27.587051920957833], [98.58306196346994, 27.571137488358193], [98.65010936249702, 27.567375729201533], [98.66178125565443, 27.586449454352998], [98.70601181006876, 27.552952522608468], [98.68451065017653, 27.48400340416221], [98.70417084465551, 27.46167421716092], [98.68635377808523, 27.425067815372834], [98.70232816126672, 27.412295481502078], [98.70601545667542, 27.361825989483243], [98.74044924783057, 27.32991135923772], [98.73429855900056, 27.286860961926077], [98.7164657173017, 27.270927743095626], [98.72261508691257, 27.220934451923853], [98.69557365241394, 27.21086536145236], [98.71339549297377, 27.139539063220976], [98.7121672954281, 27.075654982641918], [98.76507841040792, 27.050603338131122], [98.76199947938846, 27.018106023362215], [98.73184348914725, 27.002125421545365], [98.75645995409249, 26.877897548674223], [98.73000109852957, 26.85122877780929], [98.7613878872263, 26.798922886286473], [98.74538470450554, 26.696912274925722], [98.7693964516924, 26.690506043898402], [98.76200644154767, 26.660573819969123], [98.78110432406582, 26.621026924179393], [98.7724790748062, 26.578231924052847], [98.75277297367752, 26.559498258940387], [98.75646742698925, 26.492063436093442], [98.73308622838061, 26.351167847287744], [98.68084609753285, 26.3083437162736], [98.67224776878851, 26.24022603318077], [98.71279787696785, 26.231570167357773], [98.73493490342062, 26.185383481765278], [98.71218456067473, 26.15640768071082], [98.7195614403942, 26.127394140077982], [98.66057905914019, 26.088271827024503], [98.65566310780585, 26.14039485337884], [98.63231282499096, 26.14634116284699], [98.5750745650223, 26.118958928377097], [98.60217610441494, 26.055020805316147], [98.6138685989508, 25.96897898658304], [98.63723242102158, 25.97218042022046], [98.68638111350738, 25.926361311515063], [98.70542994965618, 25.85581899573578], [98.67716884265027, 25.816559305956464], [98.64030850053435, 25.799390855144935], [98.55349693807834, 25.84623704619605], [98.52880633639742, 25.841334651034522], [98.4763025752521, 25.77762908617332], [98.45716190462142, 25.683271336442353], [98.40905866461665, 25.66433560745748], [98.40166818289649, 25.59422617422082], [98.3260243779242, 25.566807520132468], [98.31434712068825, 25.543628051524447], [98.24728848138183, 25.6084381182316], [98.17018575519363, 25.620748246104725], [98.18932123180458, 25.56953756985542], [98.1633977442511, 25.524701886150787], [98.13069070293822, 25.51061636004496], [98.15722680023882, 25.457752771654206], [98.13686294865111, 25.382105722862935], [98.10048349556985, 25.38909879737354], [98.0992518030923, 25.354521321850246], [98.06908652340752, 25.312386596659024], [98.00641091521177, 25.29902091572905], [98.00702531683848, 25.28009801433289], [97.94006851363027, 25.21592398056193], [97.90375676779382, 25.217579546031335], [97.87540058123744, 25.258126250935167], [97.83899205043926, 25.27158825155159], [97.79578427805036, 25.1568418239049], [97.74276491652165, 25.07940114491782], [97.71937384266622, 25.081583056412132], [97.72737427215684, 25.044751765380084], [97.71629890590697, 24.97921243792444], [97.72922319541362, 24.909817929559658], [97.78530000638453, 24.87729581937951], [97.79702362738695, 24.84693646810866], [97.76495072587714, 24.825199561565494], [97.68002022336611, 24.828530190994854], [97.65174166321493, 24.792223998545133], [97.56924100781556, 24.767292884785274], [97.54702630860996, 24.74065030970052], [97.56924187367997, 24.709732843073294], [97.57047715732787, 24.60431066543494], [97.55443741228483, 24.49222815416664], [97.52973840664272, 24.444812535814805], [97.58835915847806, 24.437284212955102], [97.6695756422673, 24.454620805974226], [97.67941214896521, 24.402867598643105], [97.71569373303545, 24.36031420976548], [97.66219987028217, 24.34078767027939], [97.66465973558746, 24.298263292522638], [97.72061744077138, 24.29762578469861], [97.76680954992861, 24.259988537851527], [97.72923437136555, 24.228897723999914], [97.72800393608425, 24.18524625301286], [97.75386820492326, 24.16558754153752], [97.74278005859833, 24.161221505998864], [97.7304674200544, 24.11536434102223], [97.63699557273924, 24.049964502369022], [97.62838491911242, 24.0068033855234], [97.57233677746858, 23.984943730628608], [97.5291283747566, 23.944945274291307], [97.5278940493854, 23.928535273984703], [97.61792646668775, 23.89033779057173], [97.64683783360447, 23.84269490522109], [97.68372311458208, 23.87874173679406], [97.71754756286364, 23.869387644452814], [97.72800859661453, 23.897279645575605], [97.76311630291619, 23.908761611104232], [97.79518655211234, 23.953641550846566], [97.8099990482861, 23.944916549517124], [97.8630825215979, 23.98054984793596], [97.8957647063657, 23.97620510558959], [97.9019262608198, 24.016109492092657], [97.98371283079608, 24.032912797902547], [97.99476584147403, 24.048179231456064], [98.09065132854339, 24.087313636071865], [98.19675243583472, 24.10001095568487], [98.21957667177647, 24.115333355491135], [98.34264399007452, 24.10048028476645], [98.37707658643612, 24.11572139961668], [98.5467364767274, 24.130217388992065], [98.59358907752335, 24.082212523724326], [98.6458666146681, 24.107839278799386], [98.68149897065722, 24.1017656693571], [98.7183680781953, 24.129558272576308], [98.84096165457038, 24.12856532733976], [98.87609945716689, 24.15318637253362], [98.89457685829242, 24.10077860248295], [98.80704490919133, 24.02689735133301], [98.7731429614285, 24.024119508449953], [98.72697899996959, 23.972190033748728], [98.7005467372887, 23.98315682371945], [98.67290131772478, 23.962431028613608], [98.7005473436869, 23.948163944469897], [98.68518862185196, 23.90334266650888], [98.7011638347952, 23.83601302180628], [98.66860349995619, 23.802682645137793], [98.69563501356137, 23.786208348872538], [98.78423888004025, 23.783441695506944], [98.82370073593368, 23.72929058507681], [98.8113666901151, 23.705166509258174], [98.83541957612547, 23.685487918945416], [98.84652082702395, 23.63399624663884], [98.88165274409093, 23.62198538608277], [98.88165316978694, 23.59731714144918], [98.84405492515283, 23.580817874823477], [98.8033534565134, 23.54235877844352], [98.82555564694634, 23.472182960789468], [98.87426242235334, 23.48542954230865], [98.91181904758251, 23.428371907345184], [98.9204299903059, 23.3630395004414], [98.87241632123019, 23.33172891027527], [98.90628422620586, 23.333942040369134], [98.93641182070242, 23.31194501586702], [98.92842414579157, 23.26800738727275], [98.88905024284088, 23.21141652696002], [98.90628674462025, 23.187780924642873], [99.00147042035519, 23.16229699787061], [99.05670453034132, 23.166552711801966], [99.04749371159102, 23.11652607237153], [99.10528723078647, 23.088418156571304], [99.18603717986706, 23.10228827929982], [99.25442565194054, 23.07979638167016], [99.3472262122842, 23.130821358419603], [99.37918901299837, 23.1016253058195], [99.5272210908647, 23.067770762636062], [99.51610622911217, 23.00885143008981], [99.56240130077713, 22.92801150392236], [99.53031139356942, 22.899297407310165], [99.44571590251961, 22.936527057093425], [99.43523113729528, 22.915576680765117], [99.46176239114614, 22.846751021665014], [99.4001146621351, 22.828481455295293], [99.38411773214797, 22.763971316756834], [99.32573358780151, 22.75357907200102], [99.31406329998366, 22.73981015202746], [99.33863487498364, 22.71107320059833], [99.38473729495654, 22.573526914899322], [99.35830014301376, 22.53764160912087], [99.38104818895134, 22.495605958738924], [99.29625222240017, 22.4138970917756], [99.25074814579017, 22.3956792031197], [99.27719943009286, 22.3486240138276], [99.23289602938763, 22.298806416124986], [99.23474373441728, 22.25283720590391], [99.17433899669662, 22.187923703169606], [99.18729017394294, 22.165220479445065], [99.15522219383216, 22.161835443620422], [99.21873048337564, 22.113148258924003], [99.35339432968601, 22.098046819413888], [99.4858603270004, 22.1308672948502], [99.51550823642698, 22.102118189438308], [99.56180157117386, 22.115536736282532], [99.57783231116831, 22.10113577997289], [99.64798567679546, 22.10331253243261], [99.69531042023735, 22.06994451687206], [99.76177195284579, 22.070452273797383], [99.86911337245763, 22.031773964272684], [99.8703461395668, 22.069503517379964], [99.97126952490339, 22.055547483287718], [99.96451333955503, 22.016723948196955], [99.99890231575873, 21.975550475910122], [99.98109806783657, 21.92174679419106], [99.95898721745192, 21.90958840850239], [99.94301111368854, 21.823514759237902], [99.99031294725346, 21.706099840219075], [100.04804356501717, 21.672015130055165], [100.09295290905007, 21.70477545060693], [100.13055054614527, 21.702017600584593], [100.16819157099916, 21.665373368217967], [100.10650807246188, 21.587400629439074], [100.12191990876674, 21.567377407188587], [100.12993833211765, 21.506155994850722], [100.16757850760318, 21.485061289110174], [100.18362505170491, 21.518495767555024], [100.20522164414848, 21.511851344792944], [100.23420297011873, 21.46900922512087], [100.29760108170694, 21.480106738531884], [100.34800407522515, 21.53067789089649], [100.43604285025421, 21.535105220918602], [100.48172700544006, 21.4611625667921], [100.52558440977364, 21.473541861094297], [100.5780286378994, 21.454149979992778], [100.69056995804665, 21.51305036220213], [100.72930125966737, 21.520792460651418], [100.75207159381864, 21.557523042047503], [100.78780587289336, 21.57313309559933], [100.80322080625442, 21.61210949562527], [100.84639726247744, 21.637223618018606], [100.86920943176555, 21.675083711307664], [101.01364566865037, 21.709351457985928], [101.08798258532536, 21.77592884698751], [101.12185328960078, 21.77371707957204], [101.11014809799359, 21.748135954622274], [101.11507755452998, 21.693090960532917], [101.1514513174903, 21.671448499936613], [101.1674920642921, 21.59247815903041], [101.14528711325151, 21.56238755242228], [101.20758422152296, 21.559713672448332], [101.20881873878704, 21.51128685924168], [101.22361231132719, 21.50128280487318], [101.19155201804581, 21.476184325185148], [101.1934038199127, 21.42718018457286], [101.14097394538146, 21.411489861533475], [101.18230343524405, 21.336906208267678], [101.24333062481168, 21.304653148550894], [101.24517885473415, 21.27789777363199], [101.22053846815741, 21.236627238405127], [101.28886470081811, 21.180843273107946], [101.38598888480249, 21.228094219096498], [101.43774506507891, 21.229236006850822], [101.53100398851846, 21.254573678697824], [101.60008571296817, 21.235706418789245], [101.58715075834617, 21.1938811799544], [101.60439825637904, 21.17491779211019], [101.67082691029515, 21.197136579869284], [101.70157081100324, 21.148552489980126], [101.76313848992068, 21.15019111843512], [101.7933582611577, 21.210462066166283], [101.83286284632695, 21.207185422958407], [101.8322441955313, 21.25513785760415], [101.79027172696107, 21.287956373996057], [101.74403276998811, 21.299630426911207], [101.72863838843453, 21.339207469088436], [101.74834216566708, 21.41162870875034], [101.7397160938444, 21.485142331623255], [101.77114324327195, 21.515215011420494], [101.75388335390416, 21.54025555722104], [101.75326583248832, 21.58700568315317], [101.80322246898177, 21.57982243227332], [101.82729637118125, 21.619373535583218], [101.806307068055, 21.64659467033331], [101.77854092439435, 21.643216769483935], [101.76620574528783, 21.718290697905193], [101.7458691037045, 21.732185759528193], [101.76990218974682, 21.835577126352284], [101.73847543683037, 21.847795255145247], [101.73354819118829, 21.877797100052213], [101.69847634340407, 21.89949899649384], [101.69970428894428, 21.941147924097443], [101.66527497091681, 21.936768652545528], [101.6049934907764, 21.970161408783714], [101.62468749483013, 22.008446808248305], [101.57233191280629, 22.117741369495214], [101.60129421099279, 22.134389031203686], [101.59513478696624, 22.163774333142605], [101.5457978306202, 22.24075074417062], [101.56307625121718, 22.271802407251627], [101.62406487697989, 22.28510299813774], [101.6701806260904, 22.37526603874682], [101.64681864822991, 22.402976029256187], [101.6707926444879, 22.47759966818352], [101.713837205352, 22.480291932788706], [101.77296602640219, 22.508475453377926], [101.82295191501453, 22.459344150386848], [101.8217179115568, 22.429475219439563], [101.8612250509986, 22.391923851928343], [101.90007306260146, 22.386974181829576], [101.90623172808715, 22.43952961434382], [101.97695617734921, 22.43000468548924], [102.04452402126938, 22.46023286872405], [102.12950954895926, 22.433094436548583], [102.14370335823413, 22.39992246216082], [102.1776531701775, 22.43262342692633], [102.26890751437779, 22.42218469695455], [102.25474598426554, 22.459802856719897], [102.32118235701766, 22.556453045686183], [102.35499499857183, 22.56578463017445], [102.4029936355638, 22.632024839762238], [102.38267343756047, 22.68171772572422], [102.43504775165847, 22.701605405844564], [102.45788237139566, 22.765096907674092], [102.50915463801661, 22.77682355409869], [102.54991235139171, 22.746039306224592], [102.56841952825106, 22.70358486941095], [102.60599676376988, 22.733397082866407], [102.65580468410019, 22.69029282625199], [102.68714110792902, 22.702375213137017], [102.79916865901427, 22.62286179732199], [102.82198937112395, 22.625663213708552], [102.87871849494557, 22.589300367831612], [102.89103981966987, 22.535713988100195], [102.92918665706809, 22.48484339916936], [102.98506289587199, 22.48029211268072], [103.02862675815915, 22.44366542302073], [103.07961550380519, 22.456294110942295], [103.06977646034365, 22.490585368232843], [103.1812860142919, 22.560873021163026], [103.1590822052678, 22.59232022957509], [103.19361739389939, 22.650368905033385], [103.21827630505084, 22.645985927520723], [103.28105659059749, 22.68075922647899], [103.28658693812851, 22.734279478294535], [103.3191518132879, 22.780007941573164], [103.32099396126272, 22.809780858985572], [103.37322536896767, 22.79701232519737], [103.4391192600978, 22.755116609834054], [103.4341869909907, 22.69938373134186], [103.50703809081942, 22.60350487107856], [103.52741839187503, 22.595277407164815], [103.57861951895683, 22.669362500521046], [103.56567429388713, 22.703567877064863], [103.6401552514067, 22.797326762680317], [103.74098714098686, 22.700091055997962], [103.764392736615, 22.690712187502143], [103.87357500445125, 22.56828911455024], [103.89206391666478, 22.567197287301084], [103.96279676891919, 22.504664694454], [104.006998384981, 22.52001268559882], [104.00699640512151, 22.577480875083225], [104.04076450991283, 22.67899358497389], [104.04321923177744, 22.73030940971702], [104.11520952454582, 22.810779430497046], [104.25948310500691, 22.844028561760073], [104.27178903497968, 22.830239397330384], [104.25456222010665, 22.77566238437388], [104.27056183688133, 22.740351647413135], [104.32096654206809, 22.73089702493875], [104.37320515444284, 22.692183661648585], [104.4199832131985, 22.736872914122955], [104.49649592717246, 22.776759851234033], [104.52551401910583, 22.816545877640614], [104.59394039693903, 22.848621027410143], [104.67199399102336, 22.819308457202574], [104.73527959784394, 22.828041655326057], [104.73035942929542, 22.854502570185918], [104.7580443853662, 22.864418758765044], [104.769741868192, 22.895835044881302], [104.84370284306587, 22.928455639430595], [104.85787672424827, 22.973087893643918], [104.81842128329444, 23.034123899089135], [104.80177374152086, 23.112224695009363], [104.87204205178486, 23.125543374115065], [104.88004673470546, 23.165695107122424], [104.9101991143002, 23.177795795625634], [104.94644846756655, 23.154105036052545], [104.9562673516927, 23.19092112443001], [105.0900612518038, 23.262617651495763], [105.11899093885323, 23.249440400867357], [105.17877655993205, 23.280856028025667], [105.23484643874605, 23.26609303994228], [105.2569962120955, 23.319929829294843], [105.32212355129552, 23.391775649936363], [105.35037669750625, 23.36372219002317], [105.36942649810618, 23.319213117521993], [105.41249218853642, 23.285141296432208], [105.44207482940213, 23.294517603679253], [105.49886538594161, 23.20454616105538], [105.5396124316989, 23.186517012801325], [105.5229454704111, 23.236494732759542], [105.55688150137655, 23.25910095412492], [105.59015425147886, 23.314617916169297], [105.6461194549471, 23.348069497278264], [105.69650468250325, 23.329304890836347], [105.69097237536482, 23.36500826685544], [105.63444079756871, 23.406285543006593], [105.69650125535516, 23.40342959034694], [105.75494451525955, 23.461562067620044], [105.80241181200437, 23.469295619895917], [105.81228099865504, 23.50881358927626], [105.84868241241263, 23.52862628174546], [105.88875816667999, 23.527025321476955], [105.90969481979552, 23.501243791593573], [105.93245458914173, 23.510546310584452], [105.9828232828089, 23.491226202894385], [105.9963296072288, 23.4494844483653], [106.03623449528274, 23.486134384569127], [106.06819428416422, 23.49704769878492], [106.08234332117772, 23.52555971499868], [106.13780263582747, 23.57110978522174], [106.11683431512984, 23.60672043194464], [106.14581751412088, 23.667047745550466], [106.1538354301584, 23.725681452082437], [106.13285641537166, 23.79683512761825], [106.18838618912405, 23.826491891395747], [106.16925597532641, 23.863123917714677], [106.18900055261994, 23.880669112481286], [106.15382713199628, 23.89264101823651], [106.12421477082867, 23.958227168251764], [106.08724447613521, 24.000306473488916], [106.0927844031535, 24.019435172603252], [106.04972316818314, 24.052813117540165], [106.04603394430269, 24.091061240064], [106.00796061836314, 24.100991692039965], [105.99445557008181, 24.122331066698116], [105.96007736820339, 24.112600152469156], [105.91582016417478, 24.1241440492672], [105.89858640767476, 24.101214088747252], [105.9047444822649, 24.071170674154985], [105.88873422689878, 24.042212520166743], [105.8560605390684, 24.05857208293125], [105.83817171098075, 24.032314227062894], [105.79313314928243, 24.025129459964763], [105.79868261386913, 24.053552669719434], [105.76169121372654, 24.07536420881781], [105.73582999660259, 24.061157868696142], [105.70077293072991, 24.068295776883875], [105.64608800839557, 24.034519166000155], [105.62518688099662, 24.128504934239068], [105.59134851165878, 24.13944533758622], [105.53031211244816, 24.13171319291246], [105.48956521044119, 24.018518069465042], [105.40260538470588, 24.045132815331577], [105.39214278280956, 24.0669873754026], [105.33068944745965, 24.096019137915924], [105.31717821311297, 24.11788935035304], [105.26987504747356, 24.09447743036462], [105.28954138055713, 24.076427725928404], [105.25696330724551, 24.06280249149341], [105.19723322032377, 24.107006527196276], [105.17935284754829, 24.168672240578708], [105.22618696705186, 24.16710005755203], [105.23972953137086, 24.210220856852203], [105.21201733502737, 24.2162021672343], [105.16146816096531, 24.289751855225163], [105.19352469475388, 24.327972021863154], [105.18489375732247, 24.348667205042638], [105.13557533144558, 24.378004586331986], [105.10847268087623, 24.373617619412933], [105.10354676033555, 24.416104778962445], [105.03963203927137, 24.44339850072868], [104.9770751452983, 24.414171646504013], [104.92736006227925, 24.412646576893025], [104.91137948338294, 24.427910213616194], [104.833779358392, 24.44798706118315], [104.78200032807028, 24.445177481778835], [104.762906816603, 24.46094843390869], [104.74567372554849, 24.436988156928326], [104.71308494584278, 24.442999460968547], [104.70079845794326, 24.421234710234494], [104.71862069030297, 24.341670002473762], [104.70633108116274, 24.322608292002897], [104.60865086644947, 24.37889223245443], [104.62770843435088, 24.399575309236916], [104.6141833760743, 24.423554386604163], [104.57356165916369, 24.426273801043987], [104.54766625314836, 24.520405459695972], [104.51804227355572, 24.53665406005642], [104.48716233579077, 24.654551265474613], [104.54025333153024, 24.75736000649116], [104.53716656042923, 24.814887083926664], [104.58463152672509, 24.87409090779824], [104.63321906580049, 24.90497498477424], [104.6614722792939, 24.96564084826693], [104.71060533829603, 24.996984353206134], [104.68234649054581, 25.054989763907567], [104.61723345396797, 25.06159424707117], [104.68295967581723, 25.07935573755378], [104.69278422643717, 25.12318829473263], [104.72965251713282, 25.168600549594963], [104.72165951868743, 25.196198161989166], [104.7511802363272, 25.215118183018536], [104.7992254413051, 25.164310962653122], [104.8201855236656, 25.170841279891082], [104.80415368373883, 25.22490825129751], [104.82388242714099, 25.236301683256382], [104.81340018110429, 25.263319308219337], [104.7333371870683, 25.268659325025745], [104.68725013991408, 25.29682932364574], [104.63750496627881, 25.296379510230267], [104.64364524567833, 25.357440822282726], [104.61353216904638, 25.36558358360555], [104.56428071947104, 25.4033852333022], [104.54084549085293, 25.401180898870116], [104.5544115376102, 25.525391612009624], [104.52170735581194, 25.527474168243188], [104.48095327251852, 25.494969603658284], [104.44700502073246, 25.49542475612803], [104.43220369771946, 25.472725395394402], [104.41617878670412, 25.49969957408425], [104.43343497034851, 25.520769418523578], [104.42603523987191, 25.57633831218936], [104.38662379573229, 25.595747269258645], [104.33007294981239, 25.599063358482848], [104.30795292304352, 25.648183826799578], [104.32638094102599, 25.760800598288107], [104.36816736315622, 25.730555163128454], [104.39523164583198, 25.761787900468978], [104.4389700205111, 25.868995472156595], [104.41184923418918, 25.90987148264738], [104.43588482826193, 25.927655781414874], [104.46796706536266, 26.009488260395877], [104.45747049479313, 26.085795436391567], [104.49698641843158, 26.0708575878937], [104.52600569816617, 26.114467120422955], [104.51612553911893, 26.166004256844985], [104.54636581537943, 26.22728259404585], [104.5401945658002, 26.253565236558085], [104.59011652809154, 26.31800189523721], [104.65711771094239, 26.335628821069744], [104.68167886619841, 26.377394797104635], [104.66202727139039, 26.39779686437234], [104.66325400252703, 26.43422732055292], [104.6294712080721, 26.451959765755998], [104.63622852477502, 26.47819091496085], [104.5962627586646, 26.521051388885727], [104.56855092093735, 26.52478176077387], [104.57717471463556, 26.568668174428684], [104.55436907082898, 26.590570731184286], [104.4858492986113, 26.579691278340285], [104.45683154475651, 26.602612510553694], [104.46547093399016, 26.644340028614103], [104.42167297269421, 26.70892513952682], [104.35092090736114, 26.620769279228234], [104.31098640018062, 26.612822078840708], [104.27226010811994, 26.633732419901982], [104.26610969155693, 26.617696623930634], [104.21992217843975, 26.620363183207022], [104.15823398670905, 26.64646095556708], [104.11875979074718, 26.637849107895597], [104.06581309567378, 26.573148272867076], [104.06520053968772, 26.514822458451928], [103.86357099816468, 26.512473001729116], [103.81729454398916, 26.530055457651763], [103.81359081252914, 26.55252440705022], [103.76117066517551, 26.585091462861367], [103.74638691234136, 26.623593964521174], [103.77102578314609, 26.716600237130162], [103.72299478186612, 26.74277640656912], [103.70331446638825, 26.79459588420409], [103.71991465093596, 26.85114662651071], [103.77718483067787, 26.874088164210292], [103.76115819686659, 26.905545549148243], [103.7728660533684, 26.950875499502544], [103.75129971136647, 26.963657286789008], [103.72975137015993, 27.0185519188747], [103.70268982384285, 27.048947462086243], [103.67319077592161, 27.051662791967658], [103.62094852237499, 27.00699922182217], [103.6215625677162, 27.035234976287413], [103.5994103162178, 27.061880556980658], [103.61233395734271, 27.079449015300376], [103.65782834683714, 27.065538707573978], [103.65045351464586, 27.09271000483045], [103.61848467914795, 27.096482657857283], [103.63139805280382, 27.120424175972527], [103.69408149528846, 27.126168084196834], [103.74636397724414, 27.209658772422816], [103.7993721292063, 27.250124931779556], [103.79813857387566, 27.265011208283294], [103.86354186163975, 27.28160619708772], [103.87217317480518, 27.331047644154392], [103.90113380676192, 27.347536899530258], [103.90297982248676, 27.385256962042472], [103.93005200516363, 27.443655203740153], [103.95402014388826, 27.425025484615823], [104.01295155313018, 27.428575222776296], [104.01479500596798, 27.383425074578803], [104.08177556586394, 27.330162453397964], [104.11133460116892, 27.33760300577489], [104.17054978813118, 27.262741031255274], [104.20818018076035, 27.296828571020832], [104.24638603993884, 27.291540378002857], [104.24515357055802, 27.336185954638456], [104.29313424468681, 27.373871992158143], [104.30603835894617, 27.40678372862602], [104.36071756717179, 27.46721723523685], [104.46482049847465, 27.41364894614922], [104.4944596186305, 27.41426492999047], [104.5370657618126, 27.327257819283673], [104.56790148733478, 27.33156540077743], [104.60914964626846, 27.306598974166654], [104.75170329002304, 27.34521031977851], [104.76832567737128, 27.317053256617083], [104.8219409724498, 27.352735421508093], [104.85399922784589, 27.332069378398785], [104.8490693417448, 27.299109411614417], [104.86878911952685, 27.290631771829453], [105.0646640524263, 27.417814701650205], [105.11756271667231, 27.41780456329414], [105.18104836242107, 27.39241329883759], [105.17919990541395, 27.366911462028764], [105.22972479005361, 27.43602626698922], [105.2309536310259, 27.488584146548757], [105.25679775352732, 27.514060890748883], [105.22910439703175, 27.546424153522505], [105.25310348389982, 27.58197013788756], [105.30103889392252, 27.611086268227492], [105.29243907004404, 27.631249237659407], [105.30471916206594, 27.704373044525052]]]}}, {"type": "Feature", "properties": {"adcode": 540000, "name": "西藏自治区", "count": 3}, "geometry": {"type": "Polygon", "coordinates": [[[89.70912405346847, 36.09231938356161], [89.6125379241428, 36.10891936822398], [89.59220537509246, 36.125850854324106], [89.48779066036766, 36.15029604459052], [89.37300798434181, 36.226974520013705], [89.29000973400991, 36.230494780183705], [89.22967198563077, 36.294714100795545], [89.19636231921945, 36.25945036376207], [89.12414751923242, 36.253537599477006], [89.09949032782087, 36.28006448316286], [89.01097980819635, 36.31446113205456], [88.96188690579429, 36.31798114159199], [88.92378965414653, 36.36385237493252], [88.80046551589298, 36.337219442402144], [88.78134115331875, 36.2908931457058], [88.7640773039237, 36.29135995341001], [88.68777028414237, 36.36712102419716], [88.62138596380194, 36.38891719099511], [88.61584683979116, 36.427455350239036], [88.57087363902173, 36.46066859781497], [88.49611886431462, 36.44557269511395], [88.46829614583727, 36.481108402861324], [88.3542423783943, 36.476238432024275], [88.36346824834446, 36.456973681802275], [88.2391989042839, 36.46772351122951], [88.22008230235942, 36.44653332369205], [88.1799545584274, 36.45176914431403], [88.13178670358904, 36.42617052747425], [87.98045401340546, 36.43697507906533], [87.95588718097467, 36.4076669553141], [87.91714440256763, 36.39279677655412], [87.8233779687721, 36.39078428809901], [87.76474292418091, 36.373837449435605], [87.72901066333722, 36.383957473710474], [87.56782146906295, 36.3417111686254], [87.46773690750678, 36.35351171724424], [87.45723310714038, 36.40889764469042], [87.42390719764951, 36.424731294875684], [87.38387306695378, 36.41172032754175], [87.36050552954319, 36.419451635147], [87.34514493322865, 36.392020832745246], [87.28924273094587, 36.357908485211944], [87.1907174641477, 36.34824825152695], [87.15863531087918, 36.32456410447963], [87.14629786895175, 36.29656848114871], [87.08345506615667, 36.30954799184531], [87.04904116844, 36.295603814057095], [86.9938276983573, 36.30781406102565], [86.9416761801719, 36.28334650262643], [86.92877655088346, 36.26454763290047], [86.88509150923866, 36.26214951136658], [86.8610531495623, 36.29927957256943], [86.7439045393459, 36.290926308358316], [86.69717312296838, 36.243675838895726], [86.59699211618415, 36.22160897792596], [86.52976080119193, 36.22634688882702], [86.51307837381064, 36.204567844172075], [86.452517650217, 36.22033779688595], [86.39024019054928, 36.20579158118582], [86.35579242457183, 36.16765972178588], [86.27710940420928, 36.16972618306415], [86.2463284629023, 36.140742495260184], [86.18525887895554, 36.13004309915616], [86.17970314991845, 36.06376246179908], [86.19760918225062, 36.04685434572113], [86.17105987874524, 36.00710545207109], [86.14821249205824, 36.00318963776354], [86.126612161317, 35.94065621748379], [86.09085404491454, 35.90573204476121], [86.08777511184604, 35.875663032458206], [86.05086083957637, 35.841742617287764], [86.03304177756745, 35.845665360660654], [85.94707267356485, 35.777937598311574], [85.80896596096278, 35.777868164532045], [85.68882052432805, 35.7501782185361], [85.65071192136251, 35.73032891876773], [85.61073312906285, 35.65064695634211], [85.5638950619048, 35.63944181614916], [85.51633288789553, 35.679703927820945], [85.37131786688914, 35.69893136461334], [85.33873699469002, 35.75243958995686], [85.26866832433318, 35.78800930561795], [85.1435048220966, 35.741247268760794], [85.05052845035895, 35.75096810335735], [84.99222503658999, 35.73606396462213], [84.97136482502303, 35.708423268318604], [84.72681034032054, 35.6125494832332], [84.5680915943674, 35.587404361134894], [84.4463526092917, 35.54912687558324], [84.47354341400688, 35.51509680920496], [84.45067927688864, 35.472158574905315], [84.33055430419293, 35.412701455298986], [84.19812747921243, 35.38007971043366], [84.15797713089829, 35.35853649744619], [84.13821205331399, 35.37802377390914], [84.09317372922793, 35.361397603066386], [84.07469277763862, 35.398977802819786], [84.00338405373611, 35.42157349456801], [83.9037786043581, 35.40226944096124], [83.88281621848658, 35.366646808828634], [83.79512547492418, 35.35382158641484], [83.67500311813703, 35.36021249670393], [83.61965470751986, 35.33443260103235], [83.59687034475813, 35.35055460751308], [83.53886958443489, 35.34072436581007], [83.53763299926408, 35.363173596311], [83.49992323920408, 35.35965304612749], [83.44615118550897, 35.38098153967948], [83.27752913144569, 35.400131811419506], [83.24860467821682, 35.416733682022524], [83.17522381520713, 35.388361126150535], [83.12401052399365, 35.397546009086525], [83.08581485642264, 35.4243588786346], [83.06490106394068, 35.46143332940026], [82.99614590694321, 35.48353679367267], [82.9691495578519, 35.54743541305971], [82.97896547740457, 35.599014217776336], [82.95380084441683, 35.63557538344453], [82.96484951599376, 35.66667840953154], [82.89230718609522, 35.67309227284708], [82.87135417098958, 35.68815156199592], [82.79238034475144, 35.687534728650384], [82.777580675231, 35.6651472496749], [82.72892444607086, 35.63692636646868], [82.62628318105267, 35.691557827266976], [82.54371354986723, 35.70756291430596], [82.49922229953597, 35.70015231624239], [82.4658447935833, 35.71658360461672], [82.42201319337305, 35.711641599365585], [82.38997324752354, 35.655230861283236], [82.33339283540403, 35.65044196874587], [82.3475311414498, 35.61003424518308], [82.3254064276057, 35.55847631095083], [82.29651791073326, 35.543919777571936], [82.26083527933898, 35.54688106642086], [82.23188083621923, 35.519605190087745], [82.18683982124352, 35.512241684874276], [82.06842212421772, 35.44926691109003], [82.0315439710434, 35.450800871766894], [82.02663231358363, 35.42497084495626], [82.05059322335241, 35.349291985009835], [82.02724870849094, 35.3205432929868], [81.98857454100562, 35.30454381768981], [81.95295990996058, 35.30659373037864], [81.92529635562326, 35.270497311263014], [81.85133516521833, 35.25776617189188], [81.80194463568405, 35.2698925024214], [81.73412862078507, 35.261541136502764], [81.68370123063393, 35.234728403744604], [81.51062071424062, 35.234216459016935], [81.50196789564409, 35.27816810072373], [81.43834746249294, 35.332211677948024], [81.38290517156832, 35.334137548838974], [81.36077133080543, 35.35368791251398], [81.31163238724334, 35.3362033403031], [81.2827571977377, 35.344548240562645], [81.26369827495274, 35.32162175017358], [81.2169044252805, 35.31819297924003], [81.18915745577432, 35.36452718380225], [81.13981168482655, 35.363951250674965], [81.10099234884702, 35.384897253627415], [81.09668243789541, 35.406361711760994], [81.05180795308287, 35.401526804288125], [81.02910092095831, 35.379625353742306], [81.0284885547667, 35.336189400400905], [81.0002788126439, 35.33383075965431], [81.02358151736914, 35.31032535737693], [80.9616429979725, 35.31001801271769], [80.92234094537098, 35.33010880514571], [80.89219676073468, 35.32328484334104], [80.84227261175221, 35.34470672728131], [80.68708971207599, 35.33830264439265], [80.68893106464529, 35.36368035260309], [80.65453718614302, 35.393021901338486], [80.59797553360606, 35.408695446390276], [80.56655362595599, 35.3906267589203], [80.53075653526454, 35.403728123335476], [80.51284067881076, 35.390994919893174], [80.44241262458105, 35.41617372751786], [80.4306884749108, 35.448339262260696], [80.37279411519621, 35.38688123654624], [80.31931957900368, 35.385995059373904], [80.28489720839612, 35.35189349106429], [80.26582685002839, 35.29478718943458], [80.36049938693732, 35.20765500473433], [80.25597906534198, 35.202432654550655], [80.22146982899237, 35.17650349033658], [80.22825396553444, 35.14666976873332], [80.11593292877188, 35.06524552171201], [80.07588853493398, 35.07552989742418], [80.0291707385094, 35.0334935061198], [80.04145628813424, 35.021214155064754], [80.02180349412467, 34.97028675373028], [80.0396146517307, 34.94228789033602], [80.03224456685977, 34.90109328191836], [80.00154605431548, 34.89431149276873], [79.99479484758808, 34.855549966388054], [79.95918144290454, 34.86203406231338], [79.92475555221412, 34.84883845072016], [79.94566459574688, 34.82031743891988], [79.89643176793302, 34.73139541849307], [79.90505864669804, 34.68318008682033], [79.86498268754293, 34.6708521367761], [79.88410564218844, 34.64231683956385], [79.84152733690904, 34.55653385290747], [79.85943027432998, 34.5274727639365], [79.79954172337844, 34.47803589837293], [79.69788764361839, 34.47704969574337], [79.67391390861084, 34.45043971218945], [79.57916082119002, 34.45547080408709], [79.54336845458504, 34.47565375178781], [79.50258359333463, 34.453826657529895], [79.36072739544942, 34.4269999442253], [79.32447030355519, 34.44237167010344], [79.27222408590943, 34.43504686753158], [79.23959939948972, 34.414316854898225], [79.1773119100221, 34.421647587146225], [79.15941419825941, 34.44037797177354], [79.07006321659443, 34.41168208294701], [79.03688557170173, 34.42063370836082], [79.00865556935622, 34.398979836688895], [79.04671205440134, 34.347486224740095], [79.0178607233267, 34.31245435997809], [78.9798209938978, 34.31751412998123], [78.9239308453595, 34.15476725719748], [78.90855029557956, 34.1423889710612], [78.87651657526827, 34.16220171163709], [78.82715942109839, 34.124459138550755], [78.80000383405297, 34.13630710880906], [78.73528585927887, 34.088668870488334], [78.65966005901402, 34.085805575035295], [78.65474455473344, 34.02925601089468], [78.7346717023413, 33.99885578560774], [78.74267493885701, 33.979488128511925], [78.73221079961411, 33.917396564402935], [78.76053914752974, 33.908449420381004], [78.75622848504942, 33.78958881350778], [78.77780282463694, 33.731360491375625], [78.69039457531565, 33.67511740056734], [78.6830197985266, 33.65320544077023], [78.71129840806563, 33.621757096177596], [78.7531505129743, 33.62173200231338], [78.74021861131642, 33.55191495238004], [78.81482439594637, 33.47961975698942], [78.84815345056766, 33.41875291479192], [78.8950137902587, 33.41130826017735], [78.9479123248717, 33.37528013985089], [78.96633409960914, 33.33324581831479], [79.02033309191211, 33.32208593408003], [79.03936311972856, 33.26701420492758], [79.08177289992956, 33.24393060026027], [79.07008622443472, 33.22692441879852], [79.15018202070344, 33.182904556115794], [79.16005565894821, 33.16439165945736], [79.13722709859294, 33.11625760992086], [79.16067564796334, 33.01050015730948], [79.20263738942856, 32.963402091413386], [79.25378966697563, 32.94134730341364], [79.22545439289605, 32.88910711451594], [79.23593135394366, 32.844891914535296], [79.22299030680236, 32.7830371795857], [79.27348410566357, 32.77750197880019], [79.29930813863392, 32.72765361888452], [79.27102497941503, 32.67683920800625], [79.2974656534078, 32.636001848729954], [79.30607148878858, 32.59566821096765], [79.27041170162006, 32.55991715231001], [79.25010238316392, 32.51553383650683], [79.1884546228434, 32.510430173184645], [79.17796436552901, 32.49173776724764], [79.133538758436, 32.47096305323498], [79.10087279066786, 32.36838612000937], [79.06579737424295, 32.37952570413621], [79.00378038746526, 32.37411562524798], [78.96880416177244, 32.330739205425246], [78.80866805180472, 32.43533614603185], [78.7802874660152, 32.47922447406819], [78.75871190845989, 32.56246219270225], [78.77966988256125, 32.60684531144468], [78.74023217108751, 32.65369246535016], [78.7396157282475, 32.70254402013158], [78.68426290199909, 32.67894491046943], [78.67320063872478, 32.65730742872753], [78.62648030660132, 32.629172114634], [78.58707573288758, 32.636748420782055], [78.57597872494682, 32.614064459014], [78.5166930292107, 32.60487261589568], [78.49814551893368, 32.579610975394395], [78.42277087754304, 32.564311138124374], [78.39318121869721, 32.52899218626676], [78.47094500463166, 32.434193466790205], [78.45673156998653, 32.37857966511477], [78.48145537478844, 32.355897023311265], [78.47898263741494, 32.328079567507345], [78.50680556557546, 32.29680144817288], [78.47342085010727, 32.23546682813943], [78.42832952875033, 32.21106904920175], [78.42771267185249, 32.193342012570824], [78.46785900779106, 32.12653725214349], [78.50804432191565, 32.145913291198944], [78.52535428093137, 32.1135225908891], [78.60740929406136, 32.0517524328305], [78.60556337276603, 32.0228320058078], [78.70332833757364, 31.987661280574567], [78.76056849797179, 31.945989978465366], [78.76673230693497, 31.92516807629051], [78.73778138835766, 31.884008337914572], [78.66337791356855, 31.850568680530564], [78.65292954303393, 31.81804682269005], [78.70456101464754, 31.777261953673168], [78.76118866348557, 31.667284177226485], [78.79695409373872, 31.674450986578872], [78.80497581737285, 31.639830341671125], [78.84385722292609, 31.608822322654113], [78.83213158205885, 31.583828863179733], [78.77783466911434, 31.543979156628364], [78.73840193739349, 31.531727359623567], [78.72793924562802, 31.477157119285106], [78.75379797180156, 31.47714954373712], [78.7901704198246, 31.434825904670802], [78.75811220353472, 31.391404946167583], [78.75318355326466, 31.354634440529495], [78.79325699374596, 31.300002700362732], [78.85743568920456, 31.288359947670585], [78.8636034976578, 31.311877003276443], [78.8827173723574, 31.276121549571673], [78.92212344600111, 31.24595478095829], [78.92888912640262, 31.219867144123636], [78.9958220746991, 31.15780394433987], [78.97250390845558, 31.114878007238193], [79.00809601388518, 31.043072002660576], [79.0572152363245, 31.027065179904906], [79.0947380179336, 30.99115556775792], [79.17984023047136, 31.0148402653289], [79.20390318502574, 30.99950507443936], [79.22548541763315, 30.948259691886218], [79.33006335235285, 30.96816346560593], [79.31408663612741, 31.016891133119074], [79.35587488585556, 31.030137528544667], [79.40263536939148, 31.070570464748414], [79.42235645715891, 31.06033648312237], [79.4248240318181, 31.017302015208926], [79.50387903307572, 31.026712775481727], [79.54898190382112, 30.957116264310752], [79.59585268321129, 30.92536612281988], [79.65860442799313, 30.95606814939987], [79.66659477420698, 30.97963862715332], [79.72747595852675, 30.940573451369247], [79.75642327890766, 30.935950077000747], [79.8335591153799, 30.850361054119222], [79.88909341605772, 30.854540977616686], [79.9112735277048, 30.83246377681584], [79.89895479888324, 30.798570687823684], [79.95924563620862, 30.770751577446216], [79.95371659951489, 30.737873386524498], [79.96846101881451, 30.68539154106261], [80.01205621366533, 30.661085038655568], [80.0415384807302, 30.6028519109503], [80.14131332142172, 30.557510767877883], [80.2122965679991, 30.585440496791115], [80.2597521928858, 30.565891717070997], [80.32002185189414, 30.56374935509225], [80.35566992051771, 30.519894936644263], [80.42831769216588, 30.515235594645002], [80.4443583136155, 30.49464520822617], [80.50303867417843, 30.482944597135326], [80.54750715256007, 30.44851462413795], [80.5832733263148, 30.46351742891602], [80.63126965493383, 30.458338402796546], [80.6902486531778, 30.41645483559584], [80.71728910074765, 30.41435057468756], [80.81522479759252, 30.320972466593645], [80.9089051083474, 30.30248523841972], [80.93165337278754, 30.26629506332116], [80.99425482391655, 30.267175329583168], [81.03228779869362, 30.24639115957793], [81.0359701674607, 30.204502518827233], [81.0795872595526, 30.150630457802105], [81.08327783171694, 30.099904079954424], [81.10789738519804, 30.08488823934171], [81.09373811037335, 30.052257266177], [81.12946364639404, 30.015495508553794], [81.25398169039708, 30.011508035957483], [81.24536464657875, 30.032235573233148], [81.28042709228328, 30.06070644730091], [81.29087521532276, 30.09435332929348], [81.26689734235242, 30.15286894041664], [81.33326275217028, 30.149143908211496], [81.39104384917474, 30.198730355963892], [81.39473594178928, 30.240094905335965], [81.41629033964014, 30.269560656673256], [81.40335361507432, 30.291256792192133], [81.42491824557179, 30.30470286730146], [81.39719649600575, 30.31863582134386], [81.403351751238, 30.368721116100414], [81.42984850386998, 30.378548163242435], [81.40396677191515, 30.40329964501234], [81.41567046120844, 30.419814328436672], [81.45144161305183, 30.41161290260608], [81.49220664611306, 30.380759834098114], [81.55335399843376, 30.369048440703015], [81.56384103158759, 30.4284071902052], [81.61066511973051, 30.41243138286556], [81.6278892037942, 30.44646046920463], [81.7564294724459, 30.38490030492186], [81.86996552713813, 30.372676201369273], [81.93709988894464, 30.344267347669668], [81.95185270164586, 30.355597477354912], [81.98870321592405, 30.322450038745963], [82.01940121691437, 30.33888287146048], [82.05749629369774, 30.3315645028085], [82.10181866715031, 30.34547430489489], [82.13018623908275, 30.30366512814034], [82.1116843966044, 30.226126155468236], [82.13944511863866, 30.200302865482115], [82.18636500420878, 30.184870406073802], [82.20488219343676, 30.1429926838941], [82.1808097541149, 30.121215419012504], [82.17525496027255, 30.067357522236442], [82.24434796032858, 30.071063723677955], [82.30895950938606, 30.03525817422687], [82.3310880108985, 30.044540996926287], [82.36551790503768, 30.013396642092225], [82.40984430287516, 30.011302080601446], [82.49566269548613, 29.94719813068676], [82.55866659331137, 29.955135070777445], [82.60673562029643, 29.886175744048764], [82.6411794617211, 29.868495027118893], [82.6215041212901, 29.83426456610157], [82.70140433693247, 29.84710679557401], [82.73523306898369, 29.806056841948347], [82.68911347265131, 29.765602203265463], [82.75493628732355, 29.761388315766894], [82.77157322671839, 29.72606770483947], [82.81413060490335, 29.716773523091742], [82.82832414048579, 29.687173332398483], [82.94597058295435, 29.70436331126679], [82.96439431469085, 29.658571355028307], [83.00857903528065, 29.66728125500648], [83.0859920387541, 29.60419972448032], [83.12603603624599, 29.622942984668157], [83.15688054629864, 29.616748978122285], [83.16181837997587, 29.594908344219853], [83.21487818209431, 29.599679081398428], [83.26416278172894, 29.570553335593196], [83.27339384903325, 29.505478882693804], [83.32257710636621, 29.502277405291288], [83.38037485393116, 29.421448713611568], [83.41301785695771, 29.41988146201819], [83.42041765009478, 29.360468210083454], [83.44757051832192, 29.332351612574957], [83.46115899768205, 29.285437713875552], [83.48958739469039, 29.279777326679902], [83.5464468456841, 29.201121063642763], [83.57545443092431, 29.203774967521685], [83.5939494057133, 29.174018999535097], [83.65364870849481, 29.167167202246116], [83.66471635275263, 29.20004513452541], [83.72499942840247, 29.244321406340053], [83.79776017954612, 29.249052185660684], [83.8181382849784, 29.293960074139907], [83.84901915809404, 29.294538017157702], [83.90947252481261, 29.323271444911278], [83.9470161076687, 29.312270624598458], [83.98450425401674, 29.324691456621434], [83.99986077768737, 29.29126183045463], [84.1143084355677, 29.285871284108158], [84.12788511091293, 29.239442492284905], [84.20075312944564, 29.239566033068662], [84.19519737207493, 29.20980321222812], [84.16864157126388, 29.19409214962932], [84.1742013534461, 29.133515740843375], [84.20507761015733, 29.118416755427077], [84.19025962200796, 29.083900588888795], [84.19211321192743, 29.044694790015456], [84.222358567568, 29.048917644894683], [84.24640818728298, 29.03010419091717], [84.22606241011307, 28.949527755564528], [84.23223102206623, 28.88932458015058], [84.26612458615989, 28.89508296965074], [84.3282612584884, 28.85884856608836], [84.33809960128947, 28.866687728114233], [84.40580443652202, 28.85352334859053], [84.40210786139934, 28.827848923839408], [84.43170901718686, 28.823678195022723], [84.44282159445075, 28.763935786996022], [84.48112793552063, 28.735183912750088], [84.55527936889868, 28.746394894998442], [84.61814219058914, 28.732258336130275], [84.64889299474859, 28.71437909892108], [84.66733320543666, 28.680761725740236], [84.69745150134258, 28.671783699906744], [84.69622356437885, 28.633460493289167], [84.85522830973048, 28.56789504670162], [84.89468234626791, 28.587373802622725], [84.97951297026341, 28.586191560143092], [85.05440431504931, 28.674208773218233], [85.12396136239249, 28.675760722390486], [85.19368006712314, 28.62390086153553], [85.18195740283689, 28.58711260421372], [85.18751128500764, 28.544557253466063], [85.1578926205698, 28.492452378588847], [85.10609324885803, 28.46082742745709], [85.12705133855077, 28.377686567820476], [85.11102554985645, 28.344494066634645], [85.17764319569471, 28.32404881244415], [85.20725645344746, 28.338848596084933], [85.27009246614188, 28.282487255575774], [85.34754574695857, 28.2981711996342], [85.37706236269358, 28.273885996403624], [85.41339192496596, 28.320781126479112], [85.45658058318364, 28.332437251301307], [85.51837394277612, 28.32681642937275], [85.60044169208797, 28.295850308495005], [85.59921058700394, 28.25420892693826], [85.64843456509652, 28.283677034199492], [85.68040068551292, 28.375809129454854], [85.71853132217399, 28.372064001603288], [85.75117001983465, 28.227656528349293], [85.78940400052568, 28.19551133028838], [85.85237466139225, 28.172406751439695], [85.86965475233978, 28.124930278744348], [85.89678603587245, 28.101717279882653], [85.89925201460149, 28.05365536030376], [85.9779776055014, 27.98430233761452], [85.94725779610337, 27.937322726121966], [86.00008622375697, 27.907031229241984], [86.05168923329909, 27.90054624684688], [86.1231278224755, 27.92273443390808], [86.08060181716031, 28.017887065728935], [86.08429483390807, 28.089728713532818], [86.12620893835754, 28.086576356103652], [86.13793227175879, 28.11457724448397], [86.18916918610016, 28.166923124060773], [86.2218738482209, 28.092536477665906], [86.20398405281472, 28.084066142823936], [86.22989202337662, 27.974187857765717], [86.27116179994171, 27.976826731138022], [86.30683631857721, 27.95034112714051], [86.3910829121915, 27.92641730555493], [86.41264181982615, 27.90420404749062], [86.44780084873074, 27.90848237336252], [86.47373732169694, 27.944509450206173], [86.5126649069852, 27.954670006462273], [86.5114282256975, 27.996430267056866], [86.53551725572471, 28.04458310052322], [86.55650393896455, 28.0477977503745], [86.56698895372097, 28.103270225494747], [86.5990295536196, 28.098008127492935], [86.60949351939496, 28.070013856522884], [86.64577299738173, 28.069442022752874], [86.66051904513411, 28.092124600750402], [86.6979977979715, 28.10156059454216], [86.74597039145733, 28.08937044260968], [86.7662937015527, 28.069307774737506], [86.75459121558072, 28.032850872126364], [86.82549096499262, 28.012333036322982], [86.86249760201264, 28.02243668416534], [86.88345276322096, 27.99603415168431], [86.92468723681012, 27.985982153823514], [86.93329304581229, 27.955307630394483], [87.03271991617346, 27.946055849164633], [87.07818498492608, 27.91054179854395], [87.11573891596412, 27.840169045729525], [87.17123969539499, 27.81802192174667], [87.22550547356937, 27.81280871215373], [87.24706260271627, 27.839284911488168], [87.2784413435743, 27.845088786774117], [87.3147044228297, 27.826506583755773], [87.3614053920082, 27.823775497705412], [87.41926337073222, 27.85657053699659], [87.41556678687392, 27.825339968762115], [87.45689986918327, 27.820641378782305], [87.57855521230405, 27.859569156458907], [87.5958096771726, 27.81458434932928], [87.66778060623864, 27.831964210929204], [87.66593688032567, 27.809734053000742], [87.72497347022022, 27.802758330021963], [87.77549614302197, 27.85993031057899], [87.77981370517533, 27.890624036692092], [87.8242538796449, 27.927723571569505], [87.92846976113063, 27.909283873065576], [87.98010118739849, 27.884304064390143], [88.03476504477216, 27.90160372200683], [88.08828624138303, 27.8851238541589], [88.10924114908515, 27.864490320824363], [88.1351522244613, 27.878274616477242], [88.11787375802666, 27.914758056993257], [88.15428765626633, 27.95764516677569], [88.20121328734815, 27.94292333356382], [88.24007344207841, 27.967282212160008], [88.25178239463906, 27.939258308024154], [88.35512862281972, 27.98616564807721], [88.39882970502049, 27.97661130591575], [88.43089028531183, 28.002532691032066], [88.46670465625573, 28.009476507452398], [88.49575196422998, 28.040735823529367], [88.55197802064399, 28.027674195563876], [88.5630858596887, 28.083160565124917], [88.61853832541301, 28.091621751052752], [88.64314044138007, 28.1111265630411], [88.67387538580192, 28.068294310051318], [88.76185757342716, 28.068209942639957], [88.80996625890263, 28.018079963516584], [88.84082534177293, 28.005982073318442], [88.84453037921675, 27.921394072737836], [88.86242254161773, 27.92142225493171], [88.88647068910352, 27.846845760839575], [88.86119124370055, 27.811883375732844], [88.86859495370476, 27.743050038383277], [88.84823807883605, 27.710702630180815], [88.85008930069438, 27.670959959044765], [88.81429565023171, 27.641209624836943], [88.8112104141534, 27.60674022547459], [88.76864929508999, 27.563721072593115], [88.79578643178964, 27.521307869692333], [88.78098315024147, 27.467149945025902], [88.80689587533168, 27.405592777453233], [88.83590319623136, 27.3780247476846], [88.8655191142119, 27.381791219072763], [88.89941923342903, 27.327618752155608], [88.91850349491422, 27.325484672818163], [88.90988780916841, 27.27286552999068], [88.94002801053655, 27.261666007346843], [88.98240855602695, 27.20891065821959], [89.06531580918045, 27.240078217437816], [89.07515639015021, 27.286857476713056], [89.15034888216594, 27.31879582329058], [89.18059141360409, 27.37358249648835], [89.09300214328456, 27.4711858594675], [89.10655342150608, 27.53752838770107], [89.16083452547706, 27.574203844796344], [89.12627931538191, 27.610743497472924], [89.12936289693555, 27.633017430542413], [89.18243561891222, 27.67339554702547], [89.23671289609443, 27.796365233320547], [89.29334557035047, 27.848207112316715], [89.37328175203426, 27.87558892118912], [89.44107952496532, 27.96817072348892], [89.45960718152244, 28.03163386309282], [89.50906070710379, 28.086183850554207], [89.53934839076355, 28.08837660478633], [89.60351695225997, 28.161823219849012], [89.71796975643454, 28.17009718995132], [89.77714401475792, 28.197003040582356], [89.78763671959469, 28.24079021266321], [89.86731289382318, 28.22141179052394], [89.90001242702286, 28.18187052570625], [89.97447869817299, 28.18914010344747], [90.0156472349978, 28.162634269639767], [90.0316268466851, 28.13672880922973], [90.07099777111837, 28.155126784726868], [90.10119122588462, 28.141390096476485], [90.12278330585957, 28.190479172200174], [90.16477860113262, 28.18737893924279], [90.18825440554268, 28.161567412856133], [90.23023376770138, 28.144732755858534], [90.29553672434, 28.15367120291766], [90.38228825990971, 28.06060233250457], [90.43531353464672, 28.062735183727867], [90.47794571762897, 28.04434124915591], [90.51257032385574, 28.061876368191914], [90.56816797134694, 28.04403926817368], [90.5903695270727, 28.021336831870336], [90.7004875941438, 28.076132949708466], [90.73986977183812, 28.05285151626201], [90.80090567392533, 28.040217305335766], [90.80522659572665, 28.014861536858696], [90.85213665442036, 27.968959451777273], [90.89530315269072, 27.946267814166298], [90.96050379006007, 27.953592711808184], [90.97524258276783, 27.935574479515143], [90.96357598290298, 27.90016724907644], [91.02435311138085, 27.85713245223988], [91.11169404807329, 27.84591225607632], [91.15363535153996, 27.89411863422784], [91.14622960972652, 27.9274310940365], [91.16104073331857, 27.968173402827784], [91.2147268722398, 27.98888012635111], [91.25047536699715, 27.970398034297205], [91.30830507791757, 28.057533128296544], [91.46349618066304, 28.002538582597815], [91.48883454509904, 27.971421469780108], [91.4851270757733, 27.93704174733272], [91.6104471687412, 27.891243083604348], [91.61783633709273, 27.856843880481737], [91.55989519461521, 27.855236645033223], [91.54322472937484, 27.82027050900819], [91.6092177449008, 27.81927045598239], [91.64121874073754, 27.76628447210934], [91.62153161516693, 27.692142290880017], [91.56977237162927, 27.650797795706147], [91.56113373909498, 27.627458375775504], [91.58149230490432, 27.598846549078957], [91.563603462737, 27.581855880784737], [91.58395981370708, 27.54049928843116], [91.62584311579441, 27.509177133098706], [91.66213217694919, 27.50699637881899], [91.71748688140455, 27.467093494017274], [91.75259076661962, 27.462297361451135], [91.83837682618014, 27.489483900378147], [91.94563369761312, 27.46402729895895], [92.00952996140704, 27.474470129083414], [92.06361717425439, 27.39097180698209], [92.1246164161235, 27.27298618486846], [92.09009094397092, 27.26393320830213], [92.06977283136077, 27.23736054055845], [92.05992953681964, 27.19003390700565], [92.0310362545608, 27.16774973648672], [92.02550810109514, 27.108152583988023], [92.04271525480316, 27.052729344522866], [92.0747008490426, 27.040956712442203], [92.12338819288635, 26.959964633372955], [92.10797085160493, 26.854893253297806], [92.6461194086871, 26.952802600460494], [92.80180109773455, 26.89512079558379], [92.90846327908588, 26.914454219888977], [93.10998657586697, 26.87994998968621], [93.23147012690116, 26.906791959421422], [93.56667093567172, 26.938417430118673], [93.74575460665206, 27.015530610010696], [93.81607634555998, 27.025192448901997], [93.84077473932994, 27.046014187519162], [93.84818093666654, 27.168474665076833], [93.96951612547541, 27.305102765936255], [94.27627385382398, 27.58110099767099], [94.44247781738271, 27.584677696287873], [94.47706962902683, 27.60173090846839], [94.52404293169586, 27.596034423134768], [94.88508846743959, 27.7429519550449], [95.01416056624527, 27.828507417774635], [95.06575919610286, 27.840032256767092], [95.28517794395226, 27.939630930023082], [95.3515745569394, 28.04047244156538], [95.37063907517148, 28.10963304576615], [95.39587668931958, 28.141817142283763], [95.52741121044792, 28.182715520731566], [95.6734660790649, 28.253920416881485], [95.73931320640087, 28.274917644386562], [95.78679932793503, 28.270197135422205], [95.83126434561349, 28.29504459267808], [95.8738716089068, 28.297745922517223], [95.89916264353162, 28.27826120313749], [95.90717570534224, 28.241356190985123], [95.93550218756008, 28.24027635384371], [95.98837239803358, 28.197955600927656], [96.07382225547875, 28.193000179530458], [96.09723094369835, 28.21197767320807], [96.19353606820464, 28.212635784519154], [96.27493871590966, 28.227969770170642], [96.29771090227709, 28.13983227816606], [96.39799744214172, 28.11804294543387], [96.39491638746001, 28.143381789889766], [96.42573979512731, 28.16133698352701], [96.46278612579789, 28.14293257414799], [96.49925591497507, 28.06700192905017], [96.53819302664132, 28.075033555976546], [96.62327787326254, 28.02437953491516], [96.6349663090539, 27.994770397065416], [96.69029220235478, 27.948676858070616], [96.71119664996834, 27.957103538460387], [96.7838660589419, 27.9311861543593], [96.80977640613656, 27.889966445966515], [96.8492717726676, 27.874165463251845], [96.9078309364724, 27.88426804242462], [96.97236953343304, 27.860880627446093], [97.00796691581009, 27.80731486288953], [97.048486203872, 27.81355986003184], [97.0620055517777, 27.742044010387566], [97.0970727240119, 27.74042640499951], [97.10261401159333, 27.780149215592466], [97.1673614681424, 27.81147023850897], [97.25306696063944, 27.891484318101064], [97.30289053549083, 27.913122675661477], [97.3237860876809, 27.880284740369643], [97.38588048350019, 27.88230708893845], [97.37172968308668, 27.907185224514556], [97.37849445763337, 27.96957965803626], [97.41235661172843, 28.012913772864568], [97.37787800778507, 28.03088925154179], [97.37480235413642, 28.062062451967304], [97.32009551444477, 28.053702009918766], [97.30534546410108, 28.071159942826252], [97.33975876854463, 28.10436563158213], [97.32623866871198, 28.132371190173078], [97.35205015702698, 28.149213815457646], [97.36188514880848, 28.198797114917678], [97.34897495003443, 28.23521032585951], [97.3975684178362, 28.23832184239919], [97.40126274806141, 28.279443171689902], [97.4215961969831, 28.29684352239714], [97.4604719791197, 28.267393550643675], [97.4685005760969, 28.302726864038053], [97.51793640573382, 28.327633529764157], [97.48827147208337, 28.347035491812516], [97.48456363106541, 28.38599385394143], [97.4993940998501, 28.428674013270964], [97.52102322787763, 28.44452417887449], [97.50742843038421, 28.464476788323452], [97.52102233459445, 28.49554811005352], [97.56918160683482, 28.541391449643054], [97.60369575467212, 28.515123041671313], [97.63446463791675, 28.531918956652994], [97.68549078230323, 28.51973706015634], [97.73654849071352, 28.465503335001994], [97.73778130183628, 28.396038658822356], [97.76920520513012, 28.373930148447787], [97.80066795594739, 28.32656471256299], [97.84202934976204, 28.32663945099868], [97.8710345014476, 28.361447878825828], [97.9074029756691, 28.363045655267463], [98.01986793993267, 28.253198088924787], [98.0075881186748, 28.213684116772374], [98.03276683327782, 28.18670995737257], [98.0561172906977, 28.201956291860505], [98.0893428149587, 28.195061267565222], [98.09673391348925, 28.1660417079138], [98.13866158079153, 28.141797845906172], [98.17384367976793, 28.162969403871664], [98.16890391685605, 28.205695439702396], [98.21642344783614, 28.21263037556342], [98.26633061783338, 28.242176286905845], [98.23121948741188, 28.314386897289207], [98.20716840735096, 28.330167422104772], [98.20840190974263, 28.358084955427906], [98.30077246643108, 28.38387067973796], [98.317370037679, 28.324327006973256], [98.3524013502706, 28.292646670865437], [98.37699859271187, 28.24569706223437], [98.36961935706753, 28.18346905618399], [98.38930640584682, 28.163927840757736], [98.38869188945377, 28.11431243122728], [98.42811706276026, 28.1042931530023], [98.46390645860643, 28.15081388881189], [98.49355551755123, 28.14086872863372], [98.55900922964894, 28.18272711673009], [98.62551525442026, 28.165329812499813], [98.64948361510714, 28.20011680701316], [98.71153034764384, 28.229016291662976], [98.70968522160896, 28.28859152586793], [98.74596811566717, 28.320705862592288], [98.73981371004979, 28.348100566511015], [98.67343557902143, 28.47872280682576], [98.62550956836728, 28.4893220798589], [98.6187455844204, 28.509310740874493], [98.63718773532582, 28.551869397802385], [98.59412955410625, 28.667453007493474], [98.66605977588408, 28.71197773720234], [98.68325830064444, 28.739748005959886], [98.65193007159729, 28.816878416138625], [98.66790018203915, 28.843049029307284], [98.64332726612956, 28.894950130355287], [98.65622798399242, 28.910112163851462], [98.62365754870729, 28.95831935732101], [98.65499903119715, 28.976587690997462], [98.70168358659498, 28.963943402216138], [98.75703305496785, 29.003665671867992], [98.78537130515876, 28.998456757765055], [98.82113536576635, 28.92053949925542], [98.82730566859775, 28.821030393336592], [98.85197393765556, 28.798013425717656], [98.91233436413425, 28.800677680073623], [98.92217243071319, 28.823730843085578], [98.97191063766661, 28.83201872189639], [98.97313701939709, 28.86449802914577], [98.91725303145648, 28.88660022456983], [98.92524313181745, 28.978199022981848], [99.01238570534153, 29.0360460137779], [98.99091907551755, 29.105114780225637], [98.96638288312892, 29.12765365021356], [98.96024509380904, 29.165280210861138], [98.98049030317729, 29.204389241095082], [99.02342292581483, 29.18807505319674], [99.03630712573597, 29.20683719175915], [99.11253068674793, 29.22033506816713], [99.11314603188846, 29.2427802679305], [99.07438065902045, 29.31530747991301], [99.04366391818782, 29.519105908254804], [99.05102939579112, 29.562813275715907], [99.0135989262541, 29.606615161657167], [98.9915193729048, 29.676368718295784], [99.0227934722396, 29.8451057511286], [99.06699014166104, 29.930618779582236], [99.03567234897478, 30.053000956432207], [99.0436497437162, 30.078877698006977], [98.98844271650006, 30.15098616215634], [98.98046822883008, 30.182050612987126], [98.99212018115045, 30.21459770090128], [98.97003844652147, 30.260153488247877], [98.98598635410521, 30.279745047037594], [98.9663563138224, 30.334038951716813], [98.96451285395202, 30.44912286048727], [98.93135610950864, 30.520843623484513], [98.92582479589237, 30.5687586645678], [98.93872712027793, 30.598091066547696], [98.92152075433896, 30.60840943986708], [98.90675967210812, 30.697427972031086], [98.96266562595585, 30.727167141257436], [98.95714221983899, 30.76418546807288], [98.9042965881215, 30.78172420802628], [98.84946522046064, 30.848438744129883], [98.79642756988932, 30.878115322991583], [98.77362227239198, 30.906823052049575], [98.80567410216702, 30.99455646629792], [98.77423573100076, 31.029875943425765], [98.73606566111103, 31.04780060096806], [98.71147203323717, 31.081628996776345], [98.7096274534451, 31.11644934907609], [98.67461188539478, 31.152851005046188], [98.60208671233147, 31.190812354157718], [98.62300111623584, 31.219953387815004], [98.60331648959158, 31.256270843024353], [98.61561945175367, 31.302265727363896], [98.64328129663075, 31.33748576586364], [98.69119146497303, 31.331777769423287], [98.77238246456992, 31.24791236655527], [98.80505118356908, 31.277604634282852], [98.80998358564607, 31.305211102500436], [98.88643241616718, 31.373269353226146], [98.84266998342416, 31.41456876467252], [98.84390323057023, 31.4283531671951], [98.71392148652258, 31.507338033669416], [98.65064863948923, 31.577301332937502], [98.61868932765599, 31.59008691191886], [98.55339433472972, 31.65883401762232], [98.54536978998173, 31.71584420001494], [98.51634565225459, 31.715769615826293], [98.50831362800791, 31.750355480718998], [98.41386025120944, 31.830517905559226], [98.42557092483923, 31.854930082197544], [98.39846063133993, 31.894051884729706], [98.43173553888127, 31.920999808890674], [98.4342009953249, 32.005800330554756], [98.4021516218005, 32.02506231550682], [98.40399893943672, 32.04332779089203], [98.35662576886038, 32.085466915647025], [98.302543581419, 32.1200434229529], [98.25948334148175, 32.207237961603454], [98.21819694792042, 32.23304653693238], [98.22991129372309, 32.26089757213826], [98.20832536554232, 32.31652863577746], [98.21819475899423, 32.34081478726086], [98.12438422151487, 32.399298632860955], [98.10650435432846, 32.38968475994473], [97.93994722688494, 32.480937562229315], [97.80676206435338, 32.49850955690936], [97.79503395332812, 32.519685625961294], [97.68357188431447, 32.52880348443414], [97.67005070392186, 32.51571178094225], [97.5400998942453, 32.53540845089856], [97.50178767984804, 32.529248738457056], [97.4628551719333, 32.55335178999722], [97.44803344734382, 32.585086872313234], [97.37347835132627, 32.544713087501535], [97.35749105438903, 32.56188338641806], [97.33168146555025, 32.54074545452778], [97.33414006765415, 32.512488055428854], [97.38762895716961, 32.49979697146863], [97.34028586507038, 32.43927687835778], [97.38701515636961, 32.425576020237365], [97.42397778176459, 32.320955545052406], [97.41473173789873, 32.29464477365678], [97.37040913649373, 32.2713863768503], [97.32124117600382, 32.30182781052491], [97.29911857894031, 32.29326801578818], [97.26345227474403, 32.180920764656136], [97.27083648075941, 32.138354405011896], [97.31325703889217, 32.128664083457316], [97.29236131085285, 32.095239767219034], [97.30772703744074, 32.07492991932338], [97.2579146568605, 32.070422855751154], [97.21910233387524, 32.107426200627955], [97.20121784248133, 32.08864222373529], [97.23328033658775, 32.06230480432677], [97.21417034887433, 32.04098069043627], [97.18764468221937, 32.05362293948412], [97.16913218857896, 32.031265887097994], [97.02814348104764, 32.04701161434617], [97.00605090217897, 32.06635247704992], [96.93544994655004, 32.046750082576295], [96.9655500057277, 32.00710704671743], [96.94159653397558, 31.98482612874356], [96.89422157217454, 32.012270666286845], [96.8627823492533, 31.994985441340802], [96.86833440316903, 31.963516154533597], [96.82390598203708, 32.00608455833077], [96.72220248497167, 32.0115964443932], [96.74251208029544, 31.99940254611252], [96.75298228246197, 31.9425352007579], [96.77578459817914, 31.93340534629892], [96.81032982613642, 31.89281029394759], [96.7942878573804, 31.867881734682086], [96.75976010470131, 31.858699503578375], [96.76530737910468, 31.8175198897647], [96.79860726229998, 31.790600641606385], [96.8399570133179, 31.71892848983866], [96.78997218747294, 31.696951132015116], [96.77825462790422, 31.674024285386412], [96.72220809670829, 31.685226601956185], [96.69146247363815, 31.72090781382058], [96.66073253818685, 31.70416747853785], [96.61522394988548, 31.735791606222115], [96.56777503811067, 31.7103284115566], [96.46828424185013, 31.768092551847026], [96.43492865930067, 31.794476610327553], [96.40717072888711, 31.843778460514994], [96.38868609820214, 31.91798015441936], [96.25269998713854, 31.928324639599236], [96.21939825755268, 31.90392395333995], [96.18790992252187, 31.90235304143038], [96.21384450649336, 31.87495166837383], [96.20211495391017, 31.839352987573665], [96.18235147048857, 31.83423542564125], [96.17741135363654, 31.773703414237538], [96.2305071878128, 31.748337036070662], [96.22187014383677, 31.73153604872961], [96.25147161346882, 31.695915796223574], [96.24469255757275, 31.656196322913235], [96.2212546021334, 31.645995435223693], [96.2070595407187, 31.597066876648793], [96.15579383664895, 31.60105419098216], [96.1477618067166, 31.68457976627568], [96.13479436852303, 31.70034406607977], [96.0639018298328, 31.718667996206708], [95.9883052949429, 31.786031549755116], [95.98277635959333, 31.815038861459996], [95.89848385595552, 31.81568552698479], [95.84540636473648, 31.734739975634653], [95.8528192411346, 31.712865347952246], [95.82316837588016, 31.68073679662915], [95.77870552353676, 31.747352067938493], [95.63341743928616, 31.78107848633439], [95.57920956835721, 31.765836416137876], [95.54587635579378, 31.738308380840166], [95.51064473723673, 31.748903923989943], [95.47911001144396, 31.794090475486115], [95.45562616516224, 31.800133964439603], [95.40502736183602, 31.89513539839604], [95.40749105978676, 31.916983718141978], [95.36685676626767, 31.927166614781537], [95.35947582798407, 31.95765012062006], [95.39455190742379, 31.999754736746496], [95.45314984353064, 32.00590349027354], [95.41981833673177, 32.03224169346512], [95.45314848587903, 32.06019564350945], [95.43894264352357, 32.155988212376585], [95.40501998936816, 32.18027591895012], [95.36623519326088, 32.177260898626976], [95.36562075754898, 32.14939421524426], [95.31398241548774, 32.14695244598377], [95.26908767436548, 32.1931195225337], [95.23829446265543, 32.285766722264604], [95.2401424628242, 32.31915439833081], [95.21301597866209, 32.32014519216753], [95.20623006553332, 32.29585585991463], [95.10443075551842, 32.25724981708363], [95.07795609088488, 32.27800554029574], [95.0951897106155, 32.320491136399426], [95.26046678573735, 32.34645992222846], [95.22719787359293, 32.36212691169817], [95.21733107826144, 32.39547491767109], [95.07364691306913, 32.3746030002848], [95.05581665219964, 32.39332768614244], [94.98705830140912, 32.42130051937936], [94.94346341507838, 32.4027186045036], [94.91148369620213, 32.414377618141806], [94.88869616264178, 32.470939744933965], [94.85107738657591, 32.46231423748166], [94.8060229410231, 32.48495028836854], [94.78627894987727, 32.52075219167826], [94.76100097620723, 32.524766780666056], [94.73636503664717, 32.585794076829316], [94.63737790982005, 32.64390465893676], [94.61338700133744, 32.67214042269503], [94.59060222503406, 32.63940279926644], [94.52147240616641, 32.5944321056056], [94.45780578988082, 32.59778210538862], [94.46213165672218, 32.57056685905269], [94.43372457951288, 32.56092908905701], [94.39365006872019, 32.5926728081964], [94.37026105156018, 32.5230929431748], [94.3487334988209, 32.53220610236648], [94.29278125532889, 32.51818103013011], [94.29093610592614, 32.501026450455804], [94.24968899573925, 32.5156937472119], [94.19540582690604, 32.51463602336008], [94.17564655810773, 32.452512803304366], [94.13612667095853, 32.43224298872888], [94.09048851782728, 32.46150451868656], [94.04802780841233, 32.46812006854738], [94.02897858725457, 32.44645308600871], [93.97739265822133, 32.458219837838904], [93.95896270308218, 32.483512203262386], [93.90790201367166, 32.46187706332107], [93.86041803211634, 32.46487690136591], [93.84992221947903, 32.508270092369564], [93.81904524846382, 32.54807038729541], [93.72038623605917, 32.57675370688616], [93.65029115349984, 32.57031731690534], [93.61769559473562, 32.521434586961774], [93.5152969259339, 32.474374022066876], [93.50046188155228, 32.50209108963962], [93.47512265586579, 32.503027024577094], [93.46152931696106, 32.55445153320415], [93.41032144295959, 32.55639118690508], [93.38384703345014, 32.52360751265298], [93.33712269260141, 32.56957376525738], [93.30701706263284, 32.57870726194952], [93.29902764477917, 32.61804014923164], [93.25905591397805, 32.6251381262878], [93.23812123642548, 32.66091020696315], [93.20915378464647, 32.653832445434986], [93.17522400701947, 32.668887828115665], [93.15794827242453, 32.643164291347475], [93.06800801276815, 32.62447367158634], [93.02256410497132, 32.70163732794528], [93.01826896953779, 32.7358788196655], [92.99925197520832, 32.7394589703396], [92.96305315694181, 32.71339020624996], [92.93234445109748, 32.717982971259815], [92.86585373082897, 32.69683691906776], [92.8214351161873, 32.72847627073837], [92.78812277254774, 32.71835383244789], [92.75545955978123, 32.74147952249479], [92.68534485557043, 32.763687290831136], [92.66691296030059, 32.7305114445329], [92.63372854326349, 32.71949457458307], [92.57401133881653, 32.73964369205313], [92.5672269995687, 32.73057725920018], [92.4832139363271, 32.74345177588194], [92.45788018079173, 32.76200164985448], [92.40975240760612, 32.74633606028688], [92.35435539628624, 32.762981282940686], [92.34267430459664, 32.73683572560759], [92.308864696987, 32.749983034318454], [92.25410138887068, 32.71934462871871], [92.19736030849516, 32.75301952717562], [92.21032133898673, 32.786743889082736], [92.19241956880653, 32.80029588213173], [92.226362163658, 32.81944817472675], [92.20414808394406, 32.86466076185794], [92.14425060744438, 32.884151657512184], [92.1004479038471, 32.858482718647984], [92.03706454653748, 32.859063380968536], [92.01740746491774, 32.82795321333214], [91.95475918701435, 32.81908279675686], [91.89566889786218, 32.90658672306354], [91.856800367228, 32.9010253258171], [91.83827398630191, 32.94669147908217], [91.7981311679144, 32.940595486985515], [91.68415862056276, 32.98780732639184], [91.6632541697913, 33.011429039585394], [91.58200560348364, 33.03608287123785], [91.55362033374485, 33.058614868789704], [91.53447005747219, 33.0986784729461], [91.49428748187907, 33.107586429868576], [91.4343566221133, 33.06433062492763], [91.36843504425998, 33.09891682022402], [91.31003677350597, 33.10653724055961], [91.26021625590356, 33.13967138542735], [91.22509859108052, 33.14016551261698], [91.18623222425863, 33.10453466020123], [91.159689531038, 33.10699103594596], [91.14611167287362, 33.070374897343655], [91.07031803129935, 33.111448053943164], [91.03590387418097, 33.09697838103808], [91.00030175926503, 33.11411969464962], [90.92660144501177, 33.118806952276685], [90.90075074978218, 33.08173394775849], [90.88164712908004, 33.118815240276106], [90.80203714986588, 33.1126765433439], [90.73853193314844, 33.14068993723464], [90.70284420260182, 33.13421236466754], [90.48896089326522, 33.263328778932305], [90.40372694175208, 33.25867082759211], [90.36123393727894, 33.27771367138154], [90.3310924080512, 33.308777932706214], [90.24491394276367, 33.42234330117197], [90.10536863848235, 33.45912216492702], [90.08687147989006, 33.47709729739854], [90.08132530872798, 33.523519778161614], [90.00875055710628, 33.55210981677646], [89.98233311821188, 33.610541023635896], [90.00628913162102, 33.68622264428389], [89.97925828510553, 33.701746147570894], [89.98171550802708, 33.724151543133296], [89.90542744257513, 33.73972567979625], [89.90049605471935, 33.75715125920349], [89.9405256434338, 33.79991607905125], [89.89802829219968, 33.80642075908143], [89.83505415386362, 33.86752698924244], [89.79304347256604, 33.863972012657904], [89.7165799997824, 33.94546398340115], [89.68581461497462, 33.958426195965615], [89.68273811582142, 33.98872525753105], [89.6329157479615, 34.04837671393467], [89.65444633996422, 34.05677568557547], [89.65383005663492, 34.09596171399671], [89.70980380371533, 34.13056720091483], [89.75477281908637, 34.123601648795706], [89.757855699799, 34.15135858666407], [89.78747753941924, 34.1494020503703], [89.81465518828047, 34.16827521323354], [89.83627861665644, 34.262395363307576], [89.82330166535301, 34.292551745883245], [89.86469187487567, 34.32377973500398], [89.85666263003353, 34.35837397128841], [89.81835680104196, 34.36819036810003], [89.79735107256847, 34.39533002870308], [89.81773731953973, 34.41956823652649], [89.82144396696228, 34.454629937503704], [89.81279003216946, 34.547852081955], [89.77573458622119, 34.573430722425314], [89.7967261869216, 34.627651857755076], [89.74612524991129, 34.640907513184075], [89.72332956905167, 34.659628500159876], [89.7301023358728, 34.73097070491267], [89.79734032414022, 34.742808779478196], [89.82390454193697, 34.79594562779641], [89.86591308963993, 34.8097738363366], [89.83687877604842, 34.86473659958034], [89.81278026249618, 34.867146746850246], [89.81895861648287, 34.90102630773343], [89.78560090347199, 34.92060014615946], [89.7448839102267, 34.90242027321532], [89.70485506133922, 34.91864649272833], [89.66795079303591, 34.88681383314094], [89.57682790789171, 34.89425858542249], [89.5583097424962, 34.93790306206899], [89.59100504637341, 35.10355770794336], [89.57743789579756, 35.11774547145452], [89.51689595350479, 35.13279791556074], [89.46680185468841, 35.21335542949135], [89.44764379727442, 35.22259940910439], [89.48349436721585, 35.25543518799057], [89.52925673164485, 35.27510983616683], [89.49215108639618, 35.29747230340864], [89.51379690958701, 35.329763801116925], [89.49462308395279, 35.359971658269906], [89.58544759355205, 35.38260719950989], [89.61748681834102, 35.41138074199471], [89.65624884022318, 35.42449312609605], [89.6833079385996, 35.41517449597079], [89.76274680450896, 35.481414880521974], [89.73870160998905, 35.506263919774305], [89.71776120063623, 35.5004329044165], [89.69745155901767, 35.543815883557535], [89.70975685191152, 35.5808021079212], [89.74917698485326, 35.579801885859034], [89.76335985777348, 35.59878940719598], [89.72391289316249, 35.64696629393729], [89.7467081622527, 35.66154656340847], [89.74485579263907, 35.75050093560381], [89.78063453928895, 35.77237938342608], [89.76520416249478, 35.79810402936396], [89.79977608706906, 35.84717086188493], [89.77631006032023, 35.86072647523042], [89.7054396965185, 35.848128801077785], [89.5483972534153, 35.856000316609475], [89.55272040365952, 35.872504434862705], [89.42539229993874, 35.91632672976172], [89.43217773107237, 35.99096763593628], [89.4019562372853, 36.01564443854105], [89.41490076794888, 36.04372924003384], [89.47233588626261, 36.021079700536426], [89.60330110602904, 36.037311342429305], [89.6863609360047, 36.090420467352324], [89.70912405346847, 36.09231938356161]]]}}, {"type": "Feature", "properties": {"adcode": 610000, "name": "陕西省", "count": 11}, "geometry": {"type": "Polygon", "coordinates": [[[110.37348514227311, 34.59882704837147], [110.28990764858122, 34.609312109957514], [110.26346175298764, 34.62805947627577], [110.22404152192156, 34.69107032718259], [110.24128582600109, 34.787462429197795], [110.22525662349065, 34.87930181360359], [110.25666309485212, 34.94260209346985], [110.3150638035401, 35.00331808075467], [110.36789863966598, 35.13251291948267], [110.35867054818236, 35.19611412389474], [110.37281120492115, 35.20880894650153], [110.36911693703135, 35.24986853837623], [110.44426688884532, 35.326098442934665], [110.47204692748203, 35.41205013642229], [110.52578518244434, 35.50969615935291], [110.5621918836205, 35.538021847095685], [110.60406035049193, 35.63052418406512], [110.57203841029451, 35.70006227576201], [110.56586578707471, 35.799163990152316], [110.54489159389276, 35.83650858724092], [110.54365331706028, 35.876292342316766], [110.50598192079744, 35.87813636260749], [110.51092107809072, 35.916946979470744], [110.49670714830792, 35.945989318460235], [110.51091574773386, 35.97026043865475], [110.48681617511699, 35.99247396513787], [110.48619411103446, 36.03314788453439], [110.46209731538775, 36.07325154081342], [110.4410968288812, 36.16266522632664], [110.4503490931191, 36.225001137523776], [110.46825579364676, 36.24677197587652], [110.46824977598362, 36.30515819027164], [110.4540434440809, 36.326341569849504], [110.48368290368927, 36.42857354620918], [110.46699905958234, 36.45163451876674], [110.4978880620695, 36.48685317600863], [110.4830518678572, 36.55509243871074], [110.49108171962928, 36.58058503797794], [110.38865627349874, 36.67500173517983], [110.3966565283081, 36.69562932758562], [110.43240423614176, 36.68414459668596], [110.44103681140518, 36.73595476638092], [110.40157503480103, 36.77425438885987], [110.41758997231398, 36.81641711866649], [110.40095388795605, 36.82311173091926], [110.41820246854505, 36.85376032780651], [110.37017892167206, 36.88056370177308], [110.40279451816801, 36.89059695170317], [110.41819087940006, 36.96185247506097], [110.37570065736375, 37.00055457047921], [110.37692886304183, 37.02013646910343], [110.42065220513425, 37.00676788130705], [110.41140480130827, 37.0253863181754], [110.45458441262117, 37.04311986876957], [110.52994625916217, 37.11348088188601], [110.52932630053469, 37.13637133646157], [110.5848250576943, 37.18555470728801], [110.6561227723118, 37.28026122655884], [110.68436628777704, 37.28544364056713], [110.67269640001007, 37.3159220836485], [110.68927182391509, 37.347763856143914], [110.63584815011293, 37.35832401607754], [110.62478758629804, 37.37117944633499], [110.63829645517444, 37.433422826969895], [110.73412415719368, 37.447530130258336], [110.75319809717548, 37.47270263770208], [110.76489171738002, 37.53632021893679], [110.78892397695118, 37.556748491832074], [110.76550150509136, 37.592770139005786], [110.75749023872466, 37.63780167867414], [110.78706410850502, 37.64873049270707], [110.76918750722477, 37.679032238070015], [110.70028869351076, 37.70368513376257], [110.7107308168493, 37.72687208227234], [110.74455179720354, 37.7344253182792], [110.72978287880055, 37.76850582316439], [110.67448733216439, 37.788452564811216], [110.58844100202722, 37.92043480925218], [110.51688608869914, 37.953370212727464], [110.52244221239447, 37.98878125559297], [110.50205187746286, 38.01136805267112], [110.4958625763675, 38.09620397464702], [110.51377865307101, 38.129228700701766], [110.50326813115575, 38.19039265854253], [110.52241801771996, 38.21020658289599], [110.56006692894373, 38.21357715365396], [110.57177050030393, 38.29585672400269], [110.65539705522504, 38.30706760259792], [110.69530297142457, 38.351603755826474], [110.74078812359599, 38.364704276551876], [110.77156616159746, 38.439301886630275], [110.79067179648754, 38.451982882224755], [110.83446317694447, 38.43846502171963], [110.86837061904477, 38.45211097611325], [110.8646664930044, 38.50880062765138], [110.90160810159958, 38.51958972836815], [110.91389918411248, 38.58043024151549], [110.8923715478994, 38.58558410493872], [110.87451127765968, 38.6253282728322], [110.91020077556928, 38.672536538969176], [110.90896749828629, 38.70290001757938], [110.9586969830565, 38.75416740692386], [111.00282331790287, 38.845907928913775], [110.98933710167327, 38.866451439228896], [111.01017460347532, 38.888282207236166], [111.00342594824706, 38.93113828589291], [110.97400007747528, 38.96845497681787], [110.99177223794955, 38.99677454305175], [111.03161972959963, 39.01851306539403], [111.08751276060724, 39.0281973685579], [111.13123696023881, 39.062617117778856], [111.14048082917868, 39.098861363433066], [111.16699789309915, 39.13326579603963], [111.15650929743003, 39.15088210791926], [111.24093803482843, 39.300730684877855], [111.19534716338747, 39.30347025346794], [111.17252564203531, 39.32519524766709], [111.17930721677249, 39.34974147863938], [111.14846745575663, 39.33672439906006], [111.15216539711402, 39.360799166732704], [111.08070321810642, 39.37415629890516], [111.09115713607325, 39.4000592310829], [111.05734777206851, 39.399160575851305], [111.05181603283565, 39.4458721600331], [111.09853306710072, 39.47079426635834], [111.09852983878791, 39.49574382589397], [111.1416590443475, 39.52950487923657], [111.1478209065318, 39.56736899493622], [111.12993675211784, 39.585338205414345], [111.09421291585525, 39.55762018229935], [111.01070550636123, 39.550369998564335], [110.95247117227909, 39.517756334638655], [110.88487733172325, 39.50766564600095], [110.86331896904876, 39.49286576309117], [110.73206103799508, 39.34704879518175], [110.7253020206794, 39.3053853948582], [110.69642512295162, 39.27206835151728], [110.62027697122282, 39.26524953340892], [110.59075303623167, 39.281482643255664], [110.5605604083423, 39.318512425534664], [110.55377296087794, 39.34951880630309], [110.51796141915781, 39.38136799035662], [110.4765624938769, 39.359036865759556], [110.42839971900739, 39.37928791915539], [110.42347020255741, 39.33948265049189], [110.37913090869468, 39.308452582308085], [110.23772113710025, 39.42200697346112], [110.14640453072965, 39.45239336962731], [110.11925619630675, 39.43109041447773], [110.13036520530281, 39.38994432585891], [110.15567208736013, 39.38535998309812], [110.21184857303479, 39.27943814856448], [110.03497231279891, 39.21446378233671], [109.9564178513187, 39.210513706488285], [109.89676507025466, 39.27038679989498], [109.86594747949229, 39.242101235591676], [109.95519198229672, 39.1901122210884], [109.88815473881809, 39.13961494013665], [109.91648146204106, 39.105717168649235], [109.88507822208773, 39.102473880058945], [109.84559732780053, 39.12146690395654], [109.75612636587425, 39.05584760291249], [109.65957773356854, 38.98017529871123], [109.67923856458768, 38.96664749486207], [109.66634107188385, 38.92664984396684], [109.61841401018664, 38.853141691863925], [109.5438620514586, 38.80416068817293], [109.50555679059666, 38.832036403351395], [109.4382225158923, 38.781032653954746], [109.3981617452222, 38.71892572767332], [109.33299787717377, 38.6998522435481], [109.32317663587382, 38.658760560452194], [109.36126476459678, 38.62597587462715], [109.32564016770868, 38.59610845211876], [109.27096246945032, 38.621450158462636], [109.19090474846668, 38.55124596417696], [109.16993275243955, 38.51703281698582], [109.04861778138199, 38.43216649101378], [109.04555284880907, 38.38339260494607], [109.00200144873547, 38.35769603450515], [108.95662905207355, 38.26341483424626], [108.97074075993243, 38.24363284282519], [108.9333061001736, 38.20609641471418], [108.95909463179754, 38.15333467688422], [109.06339663140756, 38.089481819989814], [109.04497377889228, 38.053222279055184], [109.0640174229052, 38.02112691921637], [109.03208938051695, 38.019772949679925], [109.0130791642067, 37.969815082536265], [108.97751491867841, 37.96237071107673], [108.968932101927, 37.93029285952403], [108.92964898804672, 37.920935448246105], [108.8884322556504, 37.976665265783815], [108.87795719206218, 38.01251602404395], [108.82553358691406, 38.04827812525201], [108.79221773306607, 38.04633398887817], [108.82183700938971, 37.987429186845496], [108.79284588466516, 37.932152515159004], [108.79471122502477, 37.78232762201212], [108.7792966052501, 37.76290670578193], [108.78670189742954, 37.69853371466369], [108.7725229439714, 37.68193945600438], [108.71527344773095, 37.681942945564984], [108.62311442549041, 37.6503523651233], [108.52757623306975, 37.68913170978128], [108.41700227440934, 37.64670039522657], [108.29582134921876, 37.63877775093084], [108.28782717139144, 37.654901860331485], [108.24104883910059, 37.663939166443654], [108.12872550132352, 37.62018314298801], [108.04987524660727, 37.65053324322197], [108.0197741290596, 37.64776187304407], [108.00749470598657, 37.66675065465859], [108.02038363860956, 37.69418806099059], [107.98784633565903, 37.73358618139382], [107.97679194897792, 37.78567393144829], [107.72720688929552, 37.847583154638706], [107.67923666194878, 37.88687378311241], [107.64482488579056, 37.862838946272], [107.65404538471772, 37.84249801050353], [107.64114329598364, 37.8037470756504], [107.61531893142384, 37.77445138007962], [107.59438959654312, 37.789602292356584], [107.49377185630149, 37.76386872614627], [107.47956174016147, 37.704654106613866], [107.42029034226684, 37.68226814305518], [107.38149061636992, 37.68936656145182], [107.38395378718094, 37.66947031273619], [107.41659397317052, 37.66331516684303], [107.35567584658595, 37.611207341492765], [107.30592221175273, 37.607979084675804], [107.32496402946256, 37.58233702197733], [107.36366801309188, 37.58559017714492], [107.3403250413896, 37.51683375766218], [107.27889962459916, 37.479910767214314], [107.25246925625602, 37.33545025672179], [107.30411489188133, 37.23734067269603], [107.26539812861539, 37.22739147307651], [107.31210324980638, 37.19826414949335], [107.33114586991034, 37.1639127917926], [107.32930567098354, 37.137216701496065], [107.30167069757364, 37.09911126584509], [107.27586036389778, 37.12538481902392], [107.26356505015862, 37.0977297576391], [107.30476007220794, 36.910903999586544], [107.33116874924616, 36.92424406812896], [107.3600460889926, 36.903630191420774], [107.47284005769086, 36.906591167175335], [107.52846742470207, 36.86560536238933], [107.53526570367912, 36.82732685190634], [107.585854535068, 36.83505660322799], [107.63693221752933, 36.817781416561715], [107.66520226376518, 36.831616917403274], [107.7168458531651, 36.80088348690845], [107.73715714938423, 36.81044930769015], [107.76303962028368, 36.79129414155295], [107.90250058921757, 36.74882069330399], [107.90927691778073, 36.71957207546765], [107.93573601086959, 36.6936425616708], [107.93389481550234, 36.65429943970563], [108.0014495722207, 36.68195472310893], [108.0180289737025, 36.64639384215733], [107.99654352303182, 36.6378173528034], [108.05551171244944, 36.59060349946675], [108.07458052995307, 36.612674186352955], [108.08751378687334, 36.585767562192196], [108.15846199026798, 36.562296146248585], [108.19241723862993, 36.628646649056435], [108.21771890364099, 36.629640516761555], [108.19982754863423, 36.605127150252855], [108.20538428204638, 36.57583053789495], [108.24053552765763, 36.569610469029925], [108.25716746167653, 36.54798056525056], [108.3352584562183, 36.55747687909742], [108.35985154539937, 36.518013108644475], [108.38630779030817, 36.50404029561564], [108.40294120512542, 36.457848433701805], [108.45538651686832, 36.42133262315934], [108.48999393324739, 36.42094548935176], [108.50977162057882, 36.444115332549465], [108.50544300487044, 36.47297999615308], [108.55794485961985, 36.43748640179743], [108.61400205133069, 36.43268910925331], [108.64658489651912, 36.383515789692794], [108.63675601622369, 36.3579920007736], [108.6410663046618, 36.252835656930664], [108.70742763026878, 36.13726381551294], [108.677327606811, 36.060890478636615], [108.68347377193474, 36.01973241307716], [108.65460623866542, 35.989276960087196], [108.64723824660614, 35.946652653226415], [108.58880962305466, 35.94961639154458], [108.55799052459076, 35.920021967582265], [108.51352866020228, 35.90392019766539], [108.49437107471317, 35.87088267302911], [108.52280478415403, 35.82292453341459], [108.52898928451879, 35.74475378721344], [108.5129287636637, 35.6980559729782], [108.53456118782044, 35.60423895202674], [108.61346368465644, 35.555621819612846], [108.62084516155053, 35.53564812296711], [108.60116228376349, 35.50156395890387], [108.62638938894494, 35.41720925313467], [108.60548322919934, 35.353804029041555], [108.60979187012903, 35.3274411753201], [108.57839264202616, 35.29326136814166], [108.54261453900816, 35.303467198376445], [108.48391596819346, 35.27351298861535], [108.35627540894254, 35.27779375069271], [108.34029060922087, 35.2988231323645], [108.29173657411366, 35.26618511345772], [108.23448966437257, 35.25449682315152], [108.21660488630341, 35.29503063773467], [108.169692257385, 35.30326038488232], [108.0439549466585, 35.251928152900696], [107.94508413498848, 35.24389119198832], [107.95552836045115, 35.261947101571515], [107.86255587956745, 35.25467071793611], [107.7403732479306, 35.31019923792659], [107.73237212870515, 35.26575399165645], [107.662271179211, 35.25559534287389], [107.64752173291306, 35.24340657595865], [107.68132606256357, 35.216460647849445], [107.72253647079604, 35.11857620806996], [107.76442910060354, 35.062760015238155], [107.80947933027302, 35.02314131778205], [107.84158841742686, 35.02320005366801], [107.8582573982439, 34.99774351156462], [107.8372698237585, 34.97761155282563], [107.63402366117428, 34.93400313981957], [107.61495515133275, 34.963453144224296], [107.55950605600471, 34.96736192842839], [107.51875543637861, 34.908412767272225], [107.3952897749503, 34.93122037686161], [107.36391718031138, 34.91603476719565], [107.34486499859493, 34.9322531566203], [107.28158875602416, 34.93040346659355], [107.24776482418885, 34.87939415143238], [107.18428806004663, 34.89160539751437], [107.15713873780227, 34.942581728695075], [107.11459360808554, 34.948405181695954], [107.08442280239903, 34.97487769295976], [107.07765221238512, 35.02242400824207], [107.0076628928065, 35.02795824370308], [106.98619778345135, 35.06672073463876], [106.94570858075801, 35.06535875306121], [106.89714959795269, 35.09332184966574], [106.83367288506595, 35.07856385604612], [106.70616638151459, 35.09904499289281], [106.70186633018277, 35.08044688359279], [106.610946664316, 35.069821538743284], [106.57277686056737, 35.087936578852634], [106.53761853110258, 35.08249314822567], [106.51724385538593, 35.02611433233821], [106.48017614085965, 34.98238636029207], [106.52343179678668, 34.87507878700851], [106.55182916841792, 34.8599234103124], [106.54627881576852, 34.82799200866026], [106.57095189098978, 34.768571774978994], [106.53517456827248, 34.744419598704354], [106.50120190584097, 34.74531051159693], [106.48266856705229, 34.7137784647748], [106.45240535355734, 34.70238369214595], [106.43759507942922, 34.6738126910938], [106.4666128275455, 34.63252196513254], [106.41478346713471, 34.641785712662795], [106.30963571088334, 34.57736830884006], [106.33666693658243, 34.56647407658148], [106.3299133901271, 34.5161952467515], [106.45056660261464, 34.529983397982164], [106.50986931371567, 34.510420474495916], [106.50925249601984, 34.49660637629692], [106.55432498397249, 34.486847395565654], [106.60668811433743, 34.452824158175304], [106.63374250432784, 34.39007796769975], [106.71298351176131, 34.367706968158906], [106.6865674049469, 34.33611380845558], [106.70069840323872, 34.29801282389272], [106.67797546076535, 34.25451250032028], [106.64849789741025, 34.24219493210107], [106.62945037172196, 34.25855795215648], [106.58516065124809, 34.25214985387788], [106.57283728291388, 34.27935792186886], [106.52224048433834, 34.29064026988147], [106.49197266110265, 34.236614019081294], [106.52780112564746, 34.25255574721612], [106.55372715338478, 34.22835724809161], [106.58085638732713, 34.14814671754487], [106.55620359748174, 34.10796858863158], [106.4975429677543, 34.10336056885415], [106.50125407976873, 34.054765496542764], [106.46727720717128, 34.0224119997342], [106.46975211659515, 33.96879999564664], [106.40621390527906, 33.90708996837136], [106.4234728814203, 33.86435237965447], [106.4709947305016, 33.873895442845445], [106.48705957949024, 33.83266757452571], [106.45741413614336, 33.78780997913768], [106.48397681708461, 33.75602753029436], [106.47841985048473, 33.70522123464376], [106.53031237625586, 33.69341548622107], [106.57165167399086, 33.62970721680234], [106.57658590256658, 33.57436540340143], [106.53588280613819, 33.51093785089358], [106.45249471562276, 33.530669735292534], [106.44261325678143, 33.61095099539176], [106.38038321253335, 33.60991672290931], [106.34718623569991, 33.58502732930517], [106.29926272214914, 33.60256979295925], [106.1828663328784, 33.544701174949694], [106.10390233941446, 33.56753233295351], [106.11314385005817, 33.60045283609552], [106.08234593837187, 33.614907188365095], [105.96750767851277, 33.61118697713643], [105.93618873627679, 33.56887072416568], [105.89866596596049, 33.55443816300155], [105.83824817847784, 33.488004967730895], [105.82344543570646, 33.37809405172465], [105.70577159504529, 33.38103140958012], [105.7513003642136, 33.32701516662308], [105.74883946993963, 33.29000731583143], [105.78766626370398, 33.2765306238693], [105.79507013630011, 33.256528827280825], [105.8586253688506, 33.23261852558582], [105.91345936001746, 33.23614600306829], [105.96139656428299, 33.20252528003453], [105.96446983366258, 33.15243865158145], [105.92760989484357, 33.17655615478077], [105.89315041552753, 33.14502103545932], [105.9196168013657, 33.146012287532955], [105.93068753232048, 33.1104234525101], [105.91100935234255, 33.06432774370035], [105.92269930306851, 33.04074958009857], [105.91347568887221, 32.992097217974525], [105.85802926083586, 32.93736108573726], [105.82285736203922, 32.948847616353916], [105.73163158364643, 32.90356798239047], [105.65297087881571, 32.89364288268444], [105.63454045586427, 32.87759728885468], [105.5865621135963, 32.87511724596514], [105.56191337940881, 32.905238072309665], [105.52427137566323, 32.9172121644386], [105.49524473587984, 32.910097842125644], [105.49154197355602, 32.87140548028207], [105.52057176515851, 32.84586045297288], [105.53045436002374, 32.789072267010994], [105.55143637259155, 32.79263816986374], [105.56007510892059, 32.72322052034673], [105.58164513314134, 32.72726929414136], [105.59273106022843, 32.6975713075681], [105.67386648912161, 32.72465194010449], [105.7150350530658, 32.75779807902747], [105.76489165289289, 32.76583552568273], [105.7753707463013, 32.74823456958617], [105.81854920732151, 32.76842626662603], [105.8210142764284, 32.8227452567427], [105.84508166815833, 32.81625308547237], [105.88947459565176, 32.83691410553736], [105.92763344116646, 32.824328236173095], [105.96510451713468, 32.847373450524195], [106.00744942539829, 32.82764440150445], [106.0399818179125, 32.86274003515224], [106.06702385279401, 32.82650272762546], [106.0891753973817, 32.8219622053644], [106.06702886735138, 32.75609213834016], [106.11567384975929, 32.71783791677033], [106.16996725725207, 32.6957714094652], [106.25074106273523, 32.69183056657317], [106.26366732896679, 32.671680636672605], [106.34356678588004, 32.669035239047034], [106.38476287365546, 32.62465023068557], [106.41678424968754, 32.61457509059259], [106.44700267378761, 32.65795142028879], [106.49394229353717, 32.647496680985206], [106.51371035646187, 32.66669752823208], [106.58157609568899, 32.68646431704621], [106.62280286058534, 32.68040682487294], [106.66580686474325, 32.69292432923052], [106.72909193679145, 32.73763110617137], [106.77896448150518, 32.73412205402274], [106.78882906682885, 32.710981050127145], [106.81904899198793, 32.70348119656707], [106.8505037761449, 32.72266641188585], [106.89917495001727, 32.719687471971014], [106.90840489909732, 32.70256926050408], [107.00784647268384, 32.719461899389685], [107.06186016345129, 32.70675005616924], [107.055103292761, 32.684102388816406], [107.09384433264958, 32.64730090193912], [107.10308295462906, 32.59892570617643], [107.07539549350197, 32.54043770957662], [107.12219050772875, 32.480398634123866], [107.18510119062624, 32.46636809504143], [107.20730407903007, 32.42701252954706], [107.25904083841439, 32.40126936895274], [107.30882375901216, 32.488065415986185], [107.35182604282721, 32.50464119153652], [107.37703034100734, 32.538413352337464], [107.43123528228537, 32.5278361039143], [107.43370820632104, 32.46374332023675], [107.45593008878674, 32.451668677087774], [107.45161016503738, 32.41579839545948], [107.48496806987991, 32.42346489311326], [107.52266657456698, 32.38062739515952], [107.59361369947389, 32.41003800643432], [107.64344879478321, 32.41201002095014], [107.67602465798846, 32.39527538337425], [107.70308023485393, 32.33001949190447], [107.74862764011331, 32.33656002327117], [107.80723493835929, 32.24606236055337], [107.85971495984121, 32.19957134364927], [107.88562049437205, 32.212763202003394], [107.97481982771072, 32.14425082322563], [108.01963824909326, 32.175531598299315], [108.01349518672001, 32.20999081697796], [108.08173301360937, 32.23112832962474], [108.13846061775232, 32.217492570122694], [108.15203987870339, 32.2372611605978], [108.17488733091804, 32.2195837425526], [108.23596602770589, 32.27280922139481], [108.30612576241467, 32.230229387242304], [108.38482762867176, 32.26149124548046], [108.40946659872186, 32.25035591548145], [108.46500778658087, 32.26866916333106], [108.50270594946885, 32.24397700250492], [108.50518163129279, 32.19942716151897], [108.53916034823618, 32.17621800941117], [108.58048988471377, 32.170197698227824], [108.67212569654082, 32.101170570758576], [108.72928922796929, 32.10463836264919], [108.74652370173104, 32.074208386518286], [108.7828773632822, 32.04684172046394], [108.8328427964775, 32.037287603085446], [108.89756770057828, 31.983054735769144], [108.98172746639568, 31.97833802903518], [109.08057114839019, 31.927331733407584], [109.11813312675487, 31.890761249864752], [109.18597920296706, 31.853769918292404], [109.19029929778715, 31.8156446536966], [109.27098585337406, 31.79737329781317], [109.27467725952727, 31.774478168995824], [109.24884225643702, 31.75770577678944], [109.27775318869638, 31.741401620377644], [109.27652666037412, 31.714936505637038], [109.3760737563009, 31.70306845975006], [109.44075740431649, 31.720916874556035], [109.4975806389439, 31.714448626790244], [109.58091155576905, 31.724799956419783], [109.58706701307055, 31.787388361075855], [109.62891176964723, 31.802621759338074], [109.5987597177942, 31.883990479445597], [109.5796650982652, 31.898723665438823], [109.61537137848254, 31.926658115603352], [109.6264392455679, 31.960672687254686], [109.58581691108373, 32.01095270894873], [109.5858140827077, 32.04596485514576], [109.61658736780717, 32.10478372454372], [109.58210900343568, 32.159532267721175], [109.59935003942022, 32.1975276197742], [109.58764831798995, 32.217784209041874], [109.54510010830633, 32.22330618329727], [109.5234839919459, 32.26830588054988], [109.49011758700155, 32.298567315832564], [109.50803337836749, 32.34059803878166], [109.49752498112333, 32.38707325251059], [109.52470827421546, 32.403825463840946], [109.52161710910963, 32.43160123292231], [109.57037027837599, 32.50490165475663], [109.63192596341402, 32.53918984159171], [109.61470390214306, 32.5659415200725], [109.62638694368711, 32.59819586310965], [109.72166374590022, 32.60660917548501], [109.81166251784362, 32.57541468927762], [109.90541339706525, 32.59115183599761], [109.96566010264611, 32.575925952374156], [110.0123117104737, 32.54502523598634], [110.07867843471284, 32.57868292551521], [110.08483057891321, 32.6149740556006], [110.11872155285475, 32.61448227498872], [110.14833753594846, 32.59133798281266], [110.20079439220429, 32.631246246132], [110.151414934696, 32.68102898071054], [110.15387664725827, 32.7650903479923], [110.12179009022401, 32.77560535107766], [110.13659376687093, 32.800772358627874], [110.09959271189676, 32.83040128503078], [109.98343570057985, 32.88439457369532], [109.92200394099022, 32.88553811490068], [109.90230843126815, 32.90212958262733], [109.8517554046613, 32.90862215861933], [109.84249974804554, 32.89152868918136], [109.78448382380148, 32.88037601836308], [109.75919984365515, 32.90747813646521], [109.78940291111064, 33.06507941683027], [109.6828844221729, 33.11473482133577], [109.5709364607389, 33.108333130967225], [109.51723365246382, 33.136788252874716], [109.43323133711824, 33.1500947773841], [109.49312910087455, 33.20533006221788], [109.50919323170402, 33.23591142181244], [109.60172633840747, 33.23404725814469], [109.61464443365179, 33.27356832718921], [109.64477349544883, 33.249510856113496], [109.6877885153196, 33.252432998221614], [109.72714740227683, 33.22936091585011], [109.84678910036634, 33.24600522353789], [109.9680615056334, 33.20189533348019], [109.99384095285245, 33.21032949681628], [110.025761546983, 33.18970893482829], [110.15939306867352, 33.2072117624106], [110.21308326535572, 33.161229941381364], [110.2802029966576, 33.169237450016105], [110.33243931658892, 33.158127759154894], [110.36685375180637, 33.18411479286827], [110.46546432857767, 33.169171331651555], [110.535875005323, 33.25347070943929], [110.57226570636973, 33.24852608972547], [110.58890290439157, 33.16643161391362], [110.6184341132813, 33.141873018439604], [110.6454699809864, 33.15535867385892], [110.69706407690339, 33.095137234113636], [110.74747807738449, 33.14821083932054], [110.81896743597824, 33.15631135241522], [110.82328030846638, 33.19938629924444], [110.8596608530495, 33.2119633575249], [110.91629584818926, 33.20196787843737], [110.9549796768393, 33.25195283148082], [110.97890116870354, 33.25338912044993], [111.01997721321396, 33.328294296518166], [111.01997285890906, 33.37328449018126], [110.9905341851793, 33.433826348878284], [111.02057728388773, 33.465697613862694], [110.99665545362609, 33.53364976924265], [110.99787768628356, 33.57654717348332], [110.96108206325819, 33.6070732609304], [110.87317825156738, 33.63257811351859], [110.8183018587159, 33.68381928704246], [110.8263170945671, 33.7117284583269], [110.77636430250087, 33.79428500137435], [110.73572611962528, 33.796756961852175], [110.70682664997418, 33.83160593120561], [110.65707618468953, 33.85109055891684], [110.60668824771444, 33.85066373320532], [110.58206565278627, 33.88596680548412], [110.62328345493283, 33.90831521619562], [110.62205264993008, 33.92372202510381], [110.66013811143429, 33.93608028704931], [110.66566268902271, 33.96438409806453], [110.61528077529496, 34.03396762680236], [110.5820533634329, 34.021569160380544], [110.58635733169127, 34.09995318442798], [110.6085088183777, 34.11184722313239], [110.63677919046208, 34.15939615527465], [110.61649752674144, 34.175772222911064], [110.55245153360354, 34.19160131922125], [110.54627957275035, 34.21139898918172], [110.43388381377841, 34.241310893006116], [110.42277826144502, 34.286325254346764], [110.4462196936576, 34.29081578248993], [110.49809952932955, 34.33546319605512], [110.46782168298272, 34.391715253510746], [110.3975015138535, 34.43161469422746], [110.35504862196544, 34.51504902799711], [110.36672638553435, 34.54264880541709], [110.39872114413865, 34.55594052655749], [110.36119137646322, 34.56483863257058], [110.37348514227311, 34.59882704837147]]]}}, {"type": "Feature", "properties": {"adcode": 620000, "name": "甘肃省", "count": 5}, "geometry": {"type": "Polygon", "coordinates": [[[106.50174229543484, 35.73598987650071], [106.4301117661631, 35.68672124875296], [106.47456955019678, 35.573461968211994], [106.45542301771086, 35.57730682180484], [106.43629309979009, 35.52467645475755], [106.46098797022562, 35.4794161479781], [106.48569809801052, 35.47899638384348], [106.47890353563191, 35.44875534539233], [106.49929610495292, 35.41370611746958], [106.49682935938095, 35.362472218455245], [106.4677950569912, 35.30917842462548], [106.41103554446364, 35.27440251688763], [106.36365092335187, 35.271980048562384], [106.35873572220376, 35.23680553396001], [106.31511131642753, 35.263759417278635], [106.23699739030961, 35.35710574056013], [106.23329669314953, 35.40784670146573], [106.19198342596869, 35.408289249277615], [106.16852898267184, 35.43604447781312], [106.10869516483342, 35.35985968814431], [106.07851588848614, 35.4198669308175], [106.0686737650931, 35.41890095230341], [106.06744032448017, 35.46180925006646], [106.04961643206919, 35.45306190428042], [106.02996347822945, 35.46773116206634], [105.99805539567745, 35.437110310360424], [105.89052754827448, 35.41243337514609], [105.89360488620144, 35.44998149487154], [106.04408448827999, 35.48719280650592], [106.04285522049203, 35.49645309808065], [106.01891329116091, 35.4921285741104], [106.01277415092072, 35.517481381002334], [105.89606154294714, 35.54597095885562], [105.86463089021728, 35.538644705830755], [105.84304273989753, 35.48892068923578], [105.81217963997156, 35.573615318930656], [105.79613807942103, 35.56336345676884], [105.75791045389815, 35.60129203364187], [105.75482882308113, 35.632919795425636], [105.70929573909815, 35.6489960679734], [105.71851586937044, 35.671843479487315], [105.68655642870179, 35.697173091248715], [105.71974185687229, 35.7243435161015], [105.73635302294596, 35.69711400615208], [105.75482193076702, 35.723360227157976], [105.66321339405043, 35.748245113373024], [105.59191040999379, 35.71431391822102], [105.47775299776615, 35.72574272113828], [105.45305346529513, 35.76989040829211], [105.4277649949965, 35.785871599111466], [105.42468064249029, 35.81742677544801], [105.40435483676488, 35.82081026564074], [105.37667750466741, 35.79120405191004], [105.36684102879303, 35.84267015038072], [105.39327524970446, 35.85575167042003], [105.34595621170813, 35.874239373632996], [105.3207813546515, 35.94023163068183], [105.33980515584706, 36.03223326747931], [105.4265079235821, 36.10235354886635], [105.48698959829797, 36.099589800056606], [105.51107735492941, 36.146080691020664], [105.47462803910919, 36.2116864741976], [105.4561051420279, 36.22226269664307], [105.45548444950835, 36.26667389726468], [105.47215244846277, 36.291807611733255], [105.45116084469733, 36.32021277369561], [105.42155983053424, 36.32884396719152], [105.3969276585535, 36.36835922126424], [105.39384633082977, 36.42905477190326], [105.35880953554913, 36.44160321321563], [105.35819114431882, 36.49502137202407], [105.3182823480822, 36.53452815879041], [105.27775721587776, 36.521131208090935], [105.24824715418185, 36.55191964966723], [105.27222370479554, 36.561999426428024], [105.25746871004293, 36.6014076905065], [105.2162306158883, 36.62972874618747], [105.22177114991851, 36.663335204531364], [105.19712321127115, 36.69928811300644], [105.21437506027651, 36.7290443159579], [105.26852399102724, 36.73816017961692], [105.27159510189465, 36.75110030851462], [105.31581107672083, 36.741445180675555], [105.33667973006447, 36.76297453754061], [105.33053778580178, 36.79939878292773], [105.29923054221837, 36.81909364213168], [105.27588816751562, 36.86604011737737], [105.24083821952487, 36.89332993335642], [105.17491426890857, 36.89085970410286], [105.18169269280307, 36.94060831698132], [105.16134084954712, 36.9931400261107], [105.05547961121992, 37.02127956349478], [105.0358476258221, 37.005559747167844], [105.00090528016358, 37.03383506231367], [104.95125294641439, 37.038750146667894], [104.95063694854767, 37.075983834989366], [104.91133749236278, 37.09655852398874], [104.88488157889805, 37.157604679510136], [104.86147672732872, 37.17140550297257], [104.8528462416061, 37.210468899140906], [104.77332269688533, 37.24511070786823], [104.714273077404, 37.20701292483061], [104.63507231660158, 37.200477896049996], [104.59757538219817, 37.24147763670089], [104.62155076115756, 37.29716212791998], [104.64796226678475, 37.28903335008877], [104.67067329310177, 37.316115636567964], [104.71057997133552, 37.32794207862622], [104.65900751497729, 37.36608155046899], [104.67680516681435, 37.40645579766721], [104.51802756093336, 37.433054390739834], [104.49640856667263, 37.419686656217586], [104.44577181213761, 37.42287955098351], [104.43466652786907, 37.4437651930907], [104.36203345815755, 37.41620754840183], [104.29569538880145, 37.412523496023276], [104.28401835810136, 37.42632189986293], [104.1805255847078, 37.4048925503166], [103.87231089374423, 37.60262552034388], [103.83837558139656, 37.64571121855451], [103.68067336589938, 37.77636161137947], [103.40453673991276, 37.8588677220512], [103.35963089898061, 38.035932870535994], [103.36577207428296, 38.0873032398959], [103.53230627648783, 38.15538250646553], [103.50511449522932, 38.2794790523967], [103.46247902257811, 38.3516882919397], [103.4131259025732, 38.40322626141441], [103.85683073084928, 38.64328797192047], [104.04120745739307, 38.89355533075648], [104.16993547461044, 38.94293006797588], [104.19338442232618, 38.98670594324923], [104.1878268033773, 39.04062874157906], [104.20448295356819, 39.08200640419354], [104.16806931930806, 39.15901020377841], [104.04425032826526, 39.296202587839076], [104.08666025279221, 39.418324019901206], [103.95281032650831, 39.455618799875374], [103.85061031099436, 39.46026081681731], [103.59267746357067, 39.38540485151758], [103.3417398018017, 39.33003032047066], [103.0052402451912, 39.09830655336682], [102.61463750671857, 39.170463730060234], [102.45106267562178, 39.253627181139166], [102.35249968166478, 39.23044047022285], [102.27443726480007, 39.18744730329325], [101.90071241348298, 39.11061951484575], [101.8316034557089, 39.08778638916012], [101.92411385793713, 38.99954912274335], [102.07278551370351, 38.88983416285316], [101.93949943622869, 38.80767661226513], [101.87175015032261, 38.73258127742181], [101.77482734566406, 38.659101056920534], [101.67081366143259, 38.68955182870795], [101.599479924706, 38.654137219028144], [101.56063893293805, 38.71203712401987], [101.4099388210049, 38.7625791686605], [101.32876835567002, 38.77572807889631], [101.3048120574407, 38.80142665143906], [101.33920779469405, 38.82094563813285], [101.33306358584068, 38.84566136997331], [101.24085321989061, 38.859284390968206], [101.23530728282127, 38.90586250085618], [101.19646844641997, 38.94166600250445], [101.2266764458402, 39.019382366441924], [101.1150452190719, 38.973642821295236], [100.96766355145589, 38.94552989031187], [100.95968467854689, 39.004628656342526], [100.90007844744855, 39.028882923309595], [100.87359446197958, 39.00143837096979], [100.83350514351861, 39.02462411275756], [100.82733229358385, 39.07387110448387], [100.86249327746302, 39.10551360962244], [100.84090105317101, 39.19875405334874], [100.84027507494343, 39.40438638795529], [100.70597329326216, 39.4033767708449], [100.60520961268851, 39.386415684001534], [100.49722482114993, 39.39918504570049], [100.49907588924881, 39.48009223736354], [100.32468529227847, 39.5077228025728], [100.29949044282864, 39.5710202674653], [100.31239340056462, 39.60560289072877], [100.24842630375197, 39.684051931997686], [100.12625745489933, 39.70093686430969], [100.03885838712799, 39.7557957659286], [99.90311991478941, 39.78463442933858], [99.82045390183029, 39.85904691638947], [99.67081861539414, 39.88709754479933], [99.46740994541342, 39.87405415605624], [99.43901297166278, 39.8845620796053], [99.45814543486816, 39.897007515267724], [99.48965257478369, 39.883307967725834], [99.53167186597089, 39.89078026806394], [99.71259811251036, 39.971068945447016], [99.74951645568481, 40.00591811682927], [99.83958682558021, 40.01245565053649], [99.9258802837148, 40.06294265715884], [99.95414651492621, 40.14992238441232], [100.00569588191286, 40.19919424013267], [100.16758709750536, 40.27682369482373], [100.16757511644282, 40.5403221128462], [100.24099411022537, 40.61815680243479], [100.23544436992971, 40.716212960186944], [100.10585494139671, 40.87459835124142], [100.0553908688574, 40.90720396382035], [99.67139030286431, 40.932323178740766], [99.56435138786198, 40.84644869699646], [99.17318904072958, 40.85752581918488], [99.17134363781472, 40.74654034269784], [99.12386296606982, 40.71426642153117], [99.10046344657272, 40.6756810752606], [99.04025222106704, 40.69299750332922], [98.98385347803675, 40.782037155980845], [98.79000787178354, 40.70494871253883], [98.80604257759654, 40.65958741974619], [98.80172662164226, 40.60643555827855], [98.68850572015249, 40.69137073631036], [98.66762864355096, 40.772587058359385], [98.56923220543983, 40.74636515689581], [98.62709492437465, 40.67740878991019], [98.34350440631387, 40.5676397944727], [98.33243586538183, 40.918153309088], [98.24942776228836, 40.93860366471162], [98.18404414138601, 40.987333615454496], [97.97109253519238, 41.09715516968956], [97.62866842872876, 41.43996514941217], [97.6132868946367, 41.47675862494019], [97.84607521846972, 41.65582231660834], [97.17195209924257, 42.79450974764865], [96.96778621009076, 42.75562467923246], [96.74167035456482, 42.75642061353391], [96.385341855886, 42.72681847022828], [96.10241792145457, 42.60365873924979], [96.07099725141207, 42.568876351340144], [96.0224313779094, 42.542095466968235], [96.01629131862978, 42.48169117190945], [95.9776085104894, 42.436337636593024], [96.06484849038216, 42.41402401083134], [96.03963959544724, 42.32609061368537], [96.17715962771953, 42.217171436150096], [96.07593648345046, 42.14877717444888], [96.13761683697628, 42.05330917581222], [96.13638345540612, 42.01907333876687], [96.11601025416707, 41.98524256265843], [96.05379146404016, 41.93542137389566], [95.85443452890983, 41.84926502453141], [95.65530748390681, 41.82561239642099], [95.5703209167182, 41.79576735404783], [95.39239869560484, 41.69269601192524], [95.33397696310669, 41.643587850706986], [95.29833760861283, 41.565331814698624], [95.2460366390723, 41.61282870869854], [95.19299438210076, 41.694173291714044], [95.19793210416816, 41.71876058996079], [95.16335744745042, 41.73478163969191], [95.13434480152453, 41.772244714979095], [94.96778400514994, 41.71845447650566], [94.86071786169813, 41.66801426114775], [94.7490499165536, 41.53762259049631], [94.5329873021453, 41.505463834683965], [94.18280089459064, 41.26779429899024], [94.0090711431019, 41.114294462854396], [93.80830905734446, 40.87910600393764], [93.81943012640373, 40.793104525232394], [93.75894687838877, 40.66422768027467], [93.50454864215654, 40.64790532909262], [92.92724280341521, 40.5721891290083], [92.90572393581128, 40.31020900464116], [92.79534287471003, 40.153256735388624], [92.74420154227397, 39.86744789004706], [92.63850069594426, 39.51326975698977], [92.5244777904973, 39.36757380218695], [92.33759431780946, 39.23539399311916], [92.34251345063329, 39.14493928322175], [92.36464785550936, 39.09476261144105], [92.365263986174, 39.058063192523875], [92.40897305991982, 39.03712573273293], [92.4577240985593, 39.04137704283102], [92.45772349369993, 39.06275281429853], [92.48862722804425, 39.0986035319613], [92.54487322970543, 39.11036601818442], [92.65817222166365, 39.10896186500262], [92.7645448808785, 39.135772940639804], [92.86570908045917, 39.137781291687986], [92.88789781515473, 39.15914975434213], [92.9377265147453, 39.16886626777525], [92.97700816125268, 39.142323621619056], [93.04140858720228, 39.14538749252322], [93.11335538484295, 39.17826954517165], [93.14048404416336, 39.15927807258165], [93.13000127971607, 39.106811660907205], [93.16393179274264, 39.08968402395295], [93.19663833214337, 39.04467606150565], [93.17751422008477, 38.922777546547216], [93.23609995377012, 38.91493939161078], [93.27241611557555, 38.89490700962034], [93.4514540959665, 38.91434267814355], [93.72759048161969, 38.92331616321786], [93.83308013505345, 38.86659333648104], [93.88308603551643, 38.866664005786554], [93.8830872244661, 38.82518669992637], [93.76825773618408, 38.81989055641007], [93.75469420051184, 38.8063626949555], [93.77195937244872, 38.76999003394017], [93.79849817152245, 38.749491161988686], [93.883706080391, 38.71974863560641], [93.95019909459478, 38.714096313704076], [94.3688539996556, 38.761399726041276], [94.52627546364943, 38.42484377565912], [94.52627709589237, 38.364323889614546], [94.56025357594363, 38.350785437391586], [94.58184434074063, 38.36817713654684], [94.67166111304208, 38.38591948009671], [94.86019292666217, 38.392542615758906], [94.88301115004572, 38.413676438553566], [94.97279131077713, 38.42904804826761], [95.04397272897342, 38.41759005611701], [95.07101152902773, 38.40112682764345], [95.12089361897281, 38.415664599131055], [95.13940014007962, 38.390826037163286], [95.1838452932031, 38.37823573566335], [95.20853458027067, 38.326637553158626], [95.2282707731044, 38.32947593215821], [95.25784448061877, 38.301769168408306], [95.31442596689686, 38.31766880643465], [95.4066882435396, 38.29876361917511], [95.43938280531248, 38.309600614359276], [95.45420798328031, 38.29036763527987], [95.48635514082352, 38.31347092796024], [95.51728111920245, 38.29383195498566], [95.58399177397335, 38.3423323951051], [95.60741205373891, 38.33810694865937], [95.70275504038484, 38.39897154157431], [95.72244793830701, 38.377364273554946], [95.7748413434603, 38.3548336758478], [95.83599240980492, 38.343194107479604], [95.85205803990506, 38.28638849861821], [95.89526589245897, 38.28925206570286], [95.93161346582946, 38.25821229001181], [95.93776671211104, 38.23610654369019], [96.06497553552978, 38.1718054334176], [96.1081008796534, 38.185902470900196], [96.22111902030885, 38.147940637367554], [96.25195568844228, 38.16631418542245], [96.26366238657617, 38.14465488464036], [96.31227357411896, 38.16059749857212], [96.30120356132812, 38.18179691127841], [96.33502087635937, 38.244764411362446], [96.37746133207064, 38.27572292509104], [96.4625854317914, 38.27625994853482], [96.66492071637965, 38.2289828638635], [96.65508721776412, 38.29480887136552], [96.63849004202265, 38.30611220380111], [96.62618966082874, 38.354965311892435], [96.69748494311915, 38.420998408766], [96.70731956715385, 38.458020972853326], [96.66614383432807, 38.48246243063819], [96.70608989589017, 38.504408694894195], [96.7799737639533, 38.50298507259187], [96.79971427586317, 38.526427162041585], [96.767025124989, 38.551201243245345], [96.80835305883964, 38.58120192869292], [96.79354257082657, 38.606905547265306], [96.96051591544293, 38.556916029064844], [97.05501255803837, 38.59315328336178], [97.04641295032829, 38.65255192756264], [97.0568536622644, 38.671222945886086], [97.008366227534, 38.701242187790804], [97.02247354718506, 38.754419544582724], [96.99977790040329, 38.76008783248933], [96.98689607989556, 38.79184923002344], [96.99302860243965, 38.83379433826766], [96.9832134839747, 38.86784281677872], [96.94024291807999, 38.906606612045664], [96.93839944391263, 38.95455346059636], [96.96480326780288, 39.015893107823295], [96.95743715080752, 39.04054839057011], [96.96909780430917, 39.096734265035025], [97.01142199713874, 39.14071458112632], [96.96173027164524, 39.19699693600469], [97.01694162579321, 39.20703895744664], [97.14057907646476, 39.19859193928901], [97.34626552236946, 39.16613455034019], [97.37023676654206, 39.13918207558355], [97.40038721841346, 39.14519554810804], [97.45775155286098, 39.11648353730042], [97.50411146666849, 39.07527973424667], [97.67851372963979, 39.00934463488645], [97.7006419170739, 38.96186320131684], [97.8282336807265, 38.92887201254169], [97.87515161067591, 38.897284802306146], [98.0085869892899, 38.857952180831106], [98.09094067961577, 38.78506666868595], [98.24147303229672, 38.87940379393092], [98.23469346008264, 38.91758719970789], [98.27594734278287, 38.962256958374766], [98.28701668462003, 38.99108528783391], [98.28025073088281, 39.025966330832745], [98.31590143653118, 39.03938968926823], [98.38289189499962, 39.02812780770601], [98.40012646946585, 39.0002237414226], [98.4315559755904, 38.994663210518304], [98.42723994663338, 38.974657472948486], [98.45686262299878, 38.95144597005979], [98.52606853543922, 38.9544310552679], [98.58406781342035, 38.92893566474145], [98.62345070049749, 38.95824352407308], [98.61176716731902, 38.97593319232713], [98.66092264126283, 38.99260956858776], [98.72971679242694, 39.055722637169524], [98.74263228994332, 39.085448985473946], [98.81595782787927, 39.084590099711235], [98.8171912236579, 39.06368744117148], [98.88563135576386, 39.03962565306518], [98.90225250010177, 39.01127370756831], [98.9507943930095, 38.98657220648479], [99.0532016439376, 38.97513171622003], [99.10606961714869, 38.95043082903824], [99.0703984577949, 38.91972616894074], [99.06732829753116, 38.89551722874305], [99.22074650952345, 38.78753583176876], [99.28965160529063, 38.7646589248135], [99.36027344222323, 38.7169251936244], [99.37379404422427, 38.68328211548924], [99.41070964339292, 38.66411336796824], [99.4489389126356, 38.60292024325271], [99.500208743609, 38.611008337276395], [99.52739850041841, 38.54511527117764], [99.58416656232636, 38.49744807582491], [99.63831215921302, 38.4735224315577], [99.65797481732805, 38.448179362634065], [99.82545103474631, 38.36888030063934], [100.0002527624271, 38.313844839745315], [100.04813523176043, 38.28176843461374], [100.06964913403802, 38.28314214730664], [100.1152212981677, 38.25211200104435], [100.12447250573119, 38.230022087193106], [100.18125941150619, 38.22070942588598], [100.15779500587836, 38.28976979506408], [100.16211558397592, 38.326886567455624], [100.13495609479438, 38.332946148896966], [100.09118316678813, 38.40566193430706], [100.02049845619094, 38.43063878569768], [99.99963302527189, 38.4658592888762], [100.02417733725794, 38.50654638269219], [100.06226049883378, 38.51723403807383], [100.08502209942012, 38.491449381213215], [100.11151138052229, 38.49566655808663], [100.16149252416308, 38.460124326485236], [100.23862107476651, 38.440542290370686], [100.257717027573, 38.36501949377489], [100.30015502694096, 38.38702858492257], [100.32965008709034, 38.335813077850894], [100.31674918313797, 38.32785466191635], [100.3948238612627, 38.29157559028242], [100.42254723615814, 38.30567962690984], [100.4305655624067, 38.2737380448364], [100.45772539815006, 38.26391826605699], [100.47316811696372, 38.28745595460934], [100.54422977064158, 38.245820310014324], [100.59355907438312, 38.24117674386604], [100.61755715248029, 38.26467265876477], [100.71339806333496, 38.25229448584029], [100.75030439999614, 38.23722639028392], [100.82367003125147, 38.15733062875533], [100.85883334015134, 38.14703492811587], [100.91180518743286, 38.177660644421586], [100.9363935472154, 38.15880688931929], [100.91672789999187, 38.127754707048844], [100.92041831459056, 38.08346948325493], [100.8871884879837, 38.054724493555156], [100.89334929101275, 38.01181631340202], [100.91673324745037, 37.99813049388298], [100.96218276320104, 38.009846103170396], [101.0750895071865, 37.940192111675074], [101.10092991370472, 37.944903229594026], [101.15703317507534, 37.86655810645139], [101.20083990746237, 37.845839244273265], [101.27474583509347, 37.83498943967623], [101.36015062071206, 37.78944564751093], [101.38043898817114, 37.82063757083701], [101.45687186809882, 37.86466305122208], [101.59643968601907, 37.82619521111177], [101.66840027307624, 37.75278112626735], [101.65734029327963, 37.731974789396396], [101.78968369340792, 37.694478098343204], [101.81376291447064, 37.652827580592316], [101.85266660849045, 37.663322679351516], [101.94446704150624, 37.72678361444984], [101.99666647065828, 37.723329800371], [102.03411847121568, 37.68344309922721], [102.04640757465064, 37.64977615117421], [102.0328937683964, 37.62610975085048], [102.09994848211907, 37.58050630333438], [102.1289353923652, 37.544473589389725], [102.10118619405377, 37.48084818390411], [102.12276860473219, 37.48371073163262], [102.17462955590922, 37.45719965643069], [102.19500808329977, 37.4187531255667], [102.29789408741789, 37.389762170774866], [102.29666640982039, 37.36836935873212], [102.36612278340698, 37.3259169231471], [102.42585773279929, 37.306875581458314], [102.41722563068461, 37.29259119567758], [102.45116308259287, 37.26979327263051], [102.45548772074707, 37.24647157040878], [102.48823919804568, 37.221792986746166], [102.53150091131236, 37.215724318597715], [102.57655402402314, 37.171486780499116], [102.5981147751204, 37.173401799673854], [102.64055293209306, 37.098494478652285], [102.58148802972849, 37.10330026137518], [102.48639148862493, 37.07684484753384], [102.50431959190671, 37.017699741325835], [102.44809099842232, 36.96690712656076], [102.55929776548558, 36.91843019198777], [102.58519459305414, 36.868705241012165], [102.63749113015322, 36.85144305829952], [102.7179748577, 36.766535320751224], [102.69032210798485, 36.77424284383538], [102.6374964103965, 36.73168113979725], [102.61105803361185, 36.7369846752572], [102.59936635723376, 36.70917777648101], [102.62889542102526, 36.64966081112706], [102.68234417298656, 36.617879623415796], [102.72228627050859, 36.61253729074888], [102.71245073320313, 36.5981397482848], [102.75982642963409, 36.56736881575738], [102.73212872394095, 36.561123740768544], [102.7512076123606, 36.52458372654588], [102.79126100967437, 36.496721362155576], [102.76968739729107, 36.473122403079856], [102.84370350151273, 36.33065900876785], [102.89486026528252, 36.33071521454142], [102.92070004880911, 36.296945429174656], [103.02255941474226, 36.255196225224594], [103.0188803945274, 36.23155198204058], [103.0642998300347, 36.21551478618008], [103.04649186658702, 36.19767527169157], [102.98454477087886, 36.19205237875137], [102.9636931569011, 36.15055315537465], [102.94650945919237, 36.14962578495748], [102.93914227553299, 36.10370520831262], [102.8800898104441, 36.081480386292405], [102.93054487922649, 36.047108447578], [102.96615239270827, 36.04316242725202], [102.94958419411854, 36.02044761853514], [102.96983466380222, 35.99424673402108], [102.94037879142743, 35.92550547550386], [102.95266105830918, 35.857580967694396], [102.94283978905557, 35.82848455989916], [102.91211176128468, 35.84405294951191], [102.81534570289656, 35.84880025059666], [102.78512391238424, 35.86136844619782], [102.73708403101863, 35.819610881492636], [102.71310124982315, 35.81429170821781], [102.68422392421292, 35.770634990122794], [102.70573019449924, 35.70354403174888], [102.74201466105771, 35.656347416899855], [102.76233270810079, 35.65197316711464], [102.761102553108, 35.610619224819885], [102.80672236711729, 35.55907487282288], [102.74448076389902, 35.543923394866674], [102.72725518670728, 35.52201318969245], [102.78082437055804, 35.526408033203786], [102.74140655522139, 35.493261103797856], [102.6934490297906, 35.52692873551997], [102.56922519926017, 35.54701782595267], [102.52972004984129, 35.57907662014905], [102.50129288466142, 35.58386384088184], [102.49696857242928, 35.5439263062241], [102.43581650159712, 35.45363267452631], [102.44569270011235, 35.435610466509516], [102.40622182095572, 35.40776794934934], [102.31273633546478, 35.43275744008719], [102.29183536656784, 35.42255281816604], [102.28568856722842, 35.3640196614957], [102.31581368773504, 35.341517994715595], [102.30966815472983, 35.31272462415497], [102.27892433918849, 35.301540477215774], [102.36806530493595, 35.26231362617338], [102.36376130512839, 35.233976071554466], [102.40191956951145, 35.17772492442078], [102.34470665300279, 35.16262016336427], [102.30844681504642, 35.12746096732786], [102.29369550388195, 35.070210928249644], [102.25061920585637, 35.04722941455545], [102.21609780016334, 35.056027936108265], [102.20931120144037, 35.03348624742225], [102.1741235373598, 35.03146853873359], [102.15559865726016, 35.00938466856989], [102.1315239103292, 35.013266759148095], [102.09267910979052, 34.98530484983172], [102.04592210547277, 34.90934120092155], [102.06621288367279, 34.88623916058399], [101.9839018511554, 34.89871918427745], [101.9150627212784, 34.8723537347714], [101.91815108138347, 34.62059035614646], [101.93291901644047, 34.58608821736299], [101.95443532631633, 34.581612636413354], [101.97225106141912, 34.547556441981804], [101.99987928567906, 34.537120392517], [102.090851221908, 34.534966859255746], [102.13771795449826, 34.501955043691474], [102.15376925894232, 34.50592826063334], [102.16735529706064, 34.45611458535945], [102.25742251685784, 34.35445860085386], [102.23524449102256, 34.34160515407765], [102.18464995195569, 34.35142919203183], [102.14760483948717, 34.27025678009752], [102.0656241227224, 34.29199683684323], [102.06009202110089, 34.226186985532], [102.01155741923648, 34.2168969853172], [102.0287518958196, 34.18911551066995], [102.00112302321693, 34.16046220692767], [101.96366732852694, 34.166021251237055], [101.95322532813066, 34.10805661473117], [101.8959976015477, 34.132410919887455], [101.87256617346134, 34.128926033732036], [101.84973085918598, 34.15169305220218], [101.83491305609533, 34.12291963428821], [101.78613992158697, 34.13027204629468], [101.76208576800552, 34.12132766001987], [101.73436470074584, 34.07868473648675], [101.71651710032208, 34.08167572564701], [101.7011388957815, 34.11789402930048], [101.67224789932094, 34.109022350468344], [101.61875561630595, 34.17750014899273], [101.53675698429122, 34.21062070819924], [101.49040935859648, 34.19414797985195], [101.47990180668707, 34.2173924202835], [101.36769402129985, 34.246492391267914], [101.32529525672747, 34.243099852723546], [101.32345118582558, 34.26685881873672], [101.22688935252918, 34.29712023889747], [101.23304910653735, 34.323829779822034], [101.19174233572618, 34.335153120801785], [101.17631988533914, 34.319303407245634], [101.05251734616954, 34.3212229857364], [100.98502743607939, 34.373310954611014], [100.94943769290485, 34.38229897604784], [100.89348790094094, 34.37395184434834], [100.8669948284858, 34.33142280132408], [100.82011774271574, 34.31601464616727], [100.79667896354283, 34.25858880726984], [100.80778184535302, 34.245739295662645], [100.76278187558687, 34.17735070596693], [100.80470164512887, 34.15411322220389], [100.84727009533212, 34.08825816289693], [100.86885319969473, 34.08233826843277], [100.87933215073369, 34.03521930427679], [100.93348304424906, 33.98854253514024], [100.9261090711224, 33.97365595765294], [100.96418545428982, 33.945270588355626], [100.99301887967088, 33.890028933628386], [101.021232468369, 33.89441808189553], [101.05253627977567, 33.86153058602899], [101.15166053402785, 33.8426466100844], [101.15104447420023, 33.8212573752425], [101.18868096031457, 33.78998087754758], [101.18436414156868, 33.73920217824132], [101.16091954135507, 33.717746531283105], [101.17511199213453, 33.683403540774364], [101.16462419119307, 33.65797238999174], [101.21582073246657, 33.668022294274195], [101.23492327735345, 33.68398134700146], [101.30074641930854, 33.65603226605629], [101.38309648072887, 33.642941277122766], [101.4225118104064, 33.65341195728958], [101.42620967723444, 33.678330128965], [101.49970111189107, 33.700920887420125], [101.58244269712463, 33.672698286978495], [101.58367667222934, 33.643796416527145], [101.61508705016142, 33.596929988121055], [101.62062818252895, 33.500640029188816], [101.71654144146817, 33.49299589346647], [101.74670582272, 33.503459008095355], [101.78122718135498, 33.55487429549283], [101.82937885026287, 33.55295759721859], [101.84234319839419, 33.60086052159812], [101.882456501151, 33.576478099068986], [101.90526234550055, 33.53757421344895], [101.90464850420979, 33.480178621809955], [101.944647164824, 33.44118612103629], [101.91388812066555, 33.42424465571031], [101.8855473744673, 33.382276328737746], [101.87568263072278, 33.312780635145515], [101.7676704407369, 33.267099816235906], [101.76828792990585, 33.24708473067882], [101.82815718648632, 33.21213782753249], [101.83989054744646, 33.183119834573034], [101.82383801907899, 33.11746804248212], [101.86396789909101, 33.10149936006565], [101.88555682168503, 33.13409231478829], [101.92005493678515, 33.15212221097192], [101.93358890988625, 33.18516084298095], [101.99195361781987, 33.198036139409744], [102.0527584190907, 33.18785818720181], [102.08721336292716, 33.20283901057522], [102.1149421262671, 33.28641696475983], [102.14270922291273, 33.27194302674116], [102.15814448606407, 33.24094636679198], [102.19889488259093, 33.221500264731816], [102.21555572138436, 33.246046159490426], [102.19024825430479, 33.335045900151606], [102.21616861504731, 33.34758101792489], [102.25623030140474, 33.40756802940226], [102.29437962129923, 33.412027791619835], [102.30851968858553, 33.39601598001501], [102.36691607116249, 33.41040185877836], [102.39091300071416, 33.4023874415813], [102.44577926788162, 33.45288029606369], [102.46059893687645, 33.44741916095356], [102.4593623492232, 33.49934025048559], [102.4445412812119, 33.53024989617713], [102.47604059390194, 33.541301969824616], [102.43836784610117, 33.57264306344422], [102.34477409324117, 33.60358743868965], [102.31342652579575, 33.66346081727585], [102.34046608308651, 33.723683894819224], [102.2826820195079, 33.717310530031305], [102.32264189786098, 33.75259592977729], [102.29436455870334, 33.78201345394753], [102.24143011375573, 33.785038342118966], [102.2592918698014, 33.81936811358864], [102.25128455408179, 33.85965654561017], [102.13403892480217, 33.96336679156877], [102.16614044953849, 33.981299144513464], [102.22416195346068, 33.961523834375775], [102.24696693567655, 33.98487460430554], [102.28513207186785, 33.975910173003044], [102.31402757244409, 33.99224926681214], [102.3435292607729, 33.967861009321645], [102.39027296339322, 33.96978970935091], [102.40443490371722, 34.03134765480191], [102.4352601995805, 34.08545015173993], [102.46922214937797, 34.071138967078916], [102.6142421129086, 34.09817898848778], [102.6474391581979, 34.07879468000832], [102.65419557310018, 34.112006195404255], [102.59700884846191, 34.1462714962626], [102.64927910286856, 34.16455158197483], [102.66217900569144, 34.191279317359474], [102.69289249593973, 34.197165080403884], [102.72669638799249, 34.23425604297682], [102.77779893276139, 34.23525318416269], [102.79629338588435, 34.27140618424885], [102.85489535592231, 34.26952937415127], [102.85797666457442, 34.299711969550465], [102.90971717919794, 34.31161402553974], [102.94720509630149, 34.2907921890304], [102.9754349743571, 34.25113773385804], [102.97114278199588, 34.204117223410385], [103.00364768950826, 34.18321864898928], [103.04966010599975, 34.19349860845356], [103.09761051018441, 34.18007730648756], [103.1216302651684, 34.160273189029304], [103.11916768730924, 34.11070597249422], [103.17651850511436, 34.078068838618336], [103.12718209142824, 34.064097577850326], [103.11732390114567, 34.03282874700639], [103.14506276571076, 34.03484981641478], [103.1549325410726, 33.99714298146143], [103.11794402874808, 33.95140402191309], [103.12903789725995, 33.93005364974962], [103.16233753310256, 33.927622985215216], [103.17899470240587, 33.898831378035204], [103.15124012334165, 33.81723078493795], [103.16296036161472, 33.80381856410234], [103.22585590764523, 33.79296777384416], [103.24740767208412, 33.812381703669004], [103.28246436210048, 33.80041714647936], [103.27631937982378, 33.77255642942941], [103.35187860558912, 33.741564377823394], [103.43187777373943, 33.751001484776076], [103.46211250032266, 33.80033437268685], [103.51585668834423, 33.805463849231344], [103.5430342509137, 33.71792482911421], [103.51771638197536, 33.6765162627294], [103.54982546491452, 33.669619617196034], [103.56154640137842, 33.69803589519789], [103.59112873415658, 33.71449706243696], [103.64341269843052, 33.7069821645879], [103.66553264366989, 33.68402772570492], [103.68826323453563, 33.69195523403212], [103.77565146710427, 33.65703209353332], [103.85894819962483, 33.68058656835738], [103.97768788159229, 33.669029889701264], [104.04335660998453, 33.68428894269495], [104.10055711702589, 33.66130990951859], [104.17395466276636, 33.59760342638256], [104.15235840310888, 33.540702435207024], [104.17766341966916, 33.47087521436811], [104.21036196268378, 33.44496132086963], [104.21776273086253, 33.40251117412629], [104.26948950630415, 33.38952517820114], [104.28978159288891, 33.33452042019382], [104.37088005121038, 33.34288085474808], [104.41703762497848, 33.32487126932178], [104.38318123678982, 33.29636499276211], [104.33094373874526, 33.31344475912144], [104.30084446870126, 33.30249860619479], [104.37519708227902, 33.10712265048769], [104.33464433864778, 33.035993057031476], [104.3887316207435, 33.033412702948965], [104.42321682568976, 33.008843204507194], [104.38073738002241, 32.99228047969657], [104.37520553502543, 32.951129629752984], [104.34263491709835, 32.938124302724596], [104.28550004362073, 32.94073596029909], [104.27443525827891, 32.900574176972235], [104.29165150066972, 32.833720019718506], [104.3610737000194, 32.8205262046706], [104.45592131554069, 32.74662757475397], [104.5090302125641, 32.751809324345885], [104.52385167439462, 32.72668930249187], [104.57997557496311, 32.72074972602715], [104.58982836112037, 32.694072008867764], [104.64024338209578, 32.66029043961428], [104.69365953033437, 32.67177680749482], [104.7366749704563, 32.633443160541866], [104.79270310862725, 32.64153924229116], [104.81736028518071, 32.66122783361381], [104.8426402965383, 32.65220650386385], [104.87899772621573, 32.59934428210415], [105.02325809324255, 32.648470979476684], [105.075430980641, 32.63527143422617], [105.10741684164395, 32.59192382154115], [105.21157128595267, 32.63491901013865], [105.21588232013275, 32.66464625293172], [105.25958087863613, 32.65055507057229], [105.29399244591515, 32.65505130901088], [105.34310922057574, 32.68064781348163], [105.3646045283914, 32.710823315105344], [105.44463165037692, 32.730980132512336], [105.45018240764114, 32.76520890431853], [105.42366519735276, 32.78226765182032], [105.37688504823048, 32.87426051132489], [105.40394971412273, 32.88379808081122], [105.4101045619572, 32.91996550949413], [105.46374877338882, 32.92808740579629], [105.49524473587984, 32.910097842125644], [105.52427137566323, 32.9172121644386], [105.56191337940881, 32.905238072309665], [105.5865621135963, 32.87511724596514], [105.73163158364643, 32.90356798239047], [105.82285736203922, 32.948847616353916], [105.85802926083586, 32.93736108573726], [105.91347568887221, 32.992097217974525], [105.92269930306851, 33.04074958009857], [105.91100935234255, 33.06432774370035], [105.93068753232048, 33.1104234525101], [105.9196168013657, 33.146012287532955], [105.89315041552753, 33.14502103545932], [105.92760989484357, 33.17655615478077], [105.96446983366258, 33.15243865158145], [105.96139656428299, 33.20252528003453], [105.91345936001746, 33.23614600306829], [105.8586253688506, 33.23261852558582], [105.79507013630011, 33.256528827280825], [105.78766626370398, 33.2765306238693], [105.74883946993963, 33.29000731583143], [105.7513003642136, 33.32701516662308], [105.70577159504529, 33.38103140958012], [105.82344543570646, 33.37809405172465], [105.83824817847784, 33.488004967730895], [105.89866596596049, 33.55443816300155], [105.93618873627679, 33.56887072416568], [105.96750767851277, 33.61118697713643], [106.08234593837187, 33.614907188365095], [106.11314385005817, 33.60045283609552], [106.10390233941446, 33.56753233295351], [106.1828663328784, 33.544701174949694], [106.29926272214914, 33.60256979295925], [106.34718623569991, 33.58502732930517], [106.38038321253335, 33.60991672290931], [106.44261325678143, 33.61095099539176], [106.45249471562276, 33.530669735292534], [106.53588280613819, 33.51093785089358], [106.57658590256658, 33.57436540340143], [106.57165167399086, 33.62970721680234], [106.53031237625586, 33.69341548622107], [106.47841985048473, 33.70522123464376], [106.48397681708461, 33.75602753029436], [106.45741413614336, 33.78780997913768], [106.48705957949024, 33.83266757452571], [106.4709947305016, 33.873895442845445], [106.4234728814203, 33.86435237965447], [106.40621390527906, 33.90708996837136], [106.46975211659515, 33.96879999564664], [106.46727720717128, 34.0224119997342], [106.50125407976873, 34.054765496542764], [106.4975429677543, 34.10336056885415], [106.55620359748174, 34.10796858863158], [106.58085638732713, 34.14814671754487], [106.55372715338478, 34.22835724809161], [106.52780112564746, 34.25255574721612], [106.49197266110265, 34.236614019081294], [106.52224048433834, 34.29064026988147], [106.57283728291388, 34.27935792186886], [106.58516065124809, 34.25214985387788], [106.62945037172196, 34.25855795215648], [106.64849789741025, 34.24219493210107], [106.67797546076535, 34.25451250032028], [106.70069840323872, 34.29801282389272], [106.6865674049469, 34.33611380845558], [106.71298351176131, 34.367706968158906], [106.63374250432784, 34.39007796769975], [106.60668811433743, 34.452824158175304], [106.55432498397249, 34.486847395565654], [106.50925249601984, 34.49660637629692], [106.50986931371567, 34.510420474495916], [106.45056660261464, 34.529983397982164], [106.3299133901271, 34.5161952467515], [106.33666693658243, 34.56647407658148], [106.30963571088334, 34.57736830884006], [106.41478346713471, 34.641785712662795], [106.4666128275455, 34.63252196513254], [106.43759507942922, 34.6738126910938], [106.45240535355734, 34.70238369214595], [106.48266856705229, 34.7137784647748], [106.50120190584097, 34.74531051159693], [106.53517456827248, 34.744419598704354], [106.57095189098978, 34.768571774978994], [106.54627881576852, 34.82799200866026], [106.55182916841792, 34.8599234103124], [106.52343179678668, 34.87507878700851], [106.48017614085965, 34.98238636029207], [106.51724385538593, 35.02611433233821], [106.53761853110258, 35.08249314822567], [106.57277686056737, 35.087936578852634], [106.610946664316, 35.069821538743284], [106.70186633018277, 35.08044688359279], [106.70616638151459, 35.09904499289281], [106.83367288506595, 35.07856385604612], [106.89714959795269, 35.09332184966574], [106.94570858075801, 35.06535875306121], [106.98619778345135, 35.06672073463876], [107.0076628928065, 35.02795824370308], [107.07765221238512, 35.02242400824207], [107.08442280239903, 34.97487769295976], [107.11459360808554, 34.948405181695954], [107.15713873780227, 34.942581728695075], [107.18428806004663, 34.89160539751437], [107.24776482418885, 34.87939415143238], [107.28158875602416, 34.93040346659355], [107.34486499859493, 34.9322531566203], [107.36391718031138, 34.91603476719565], [107.3952897749503, 34.93122037686161], [107.51875543637861, 34.908412767272225], [107.55950605600471, 34.96736192842839], [107.61495515133275, 34.963453144224296], [107.63402366117428, 34.93400313981957], [107.8372698237585, 34.97761155282563], [107.8582573982439, 34.99774351156462], [107.84158841742686, 35.02320005366801], [107.80947933027302, 35.02314131778205], [107.76442910060354, 35.062760015238155], [107.72253647079604, 35.11857620806996], [107.68132606256357, 35.216460647849445], [107.64752173291306, 35.24340657595865], [107.662271179211, 35.25559534287389], [107.73237212870515, 35.26575399165645], [107.7403732479306, 35.31019923792659], [107.86255587956745, 35.25467071793611], [107.95552836045115, 35.261947101571515], [107.94508413498848, 35.24389119198832], [108.0439549466585, 35.251928152900696], [108.169692257385, 35.30326038488232], [108.21660488630341, 35.29503063773467], [108.23448966437257, 35.25449682315152], [108.29173657411366, 35.26618511345772], [108.34029060922087, 35.2988231323645], [108.35627540894254, 35.27779375069271], [108.48391596819346, 35.27351298861535], [108.54261453900816, 35.303467198376445], [108.57839264202616, 35.29326136814166], [108.60979187012903, 35.3274411753201], [108.60548322919934, 35.353804029041555], [108.62638938894494, 35.41720925313467], [108.60116228376349, 35.50156395890387], [108.62084516155053, 35.53564812296711], [108.61346368465644, 35.555621819612846], [108.53456118782044, 35.60423895202674], [108.5129287636637, 35.6980559729782], [108.52898928451879, 35.74475378721344], [108.52280478415403, 35.82292453341459], [108.49437107471317, 35.87088267302911], [108.51352866020228, 35.90392019766539], [108.55799052459076, 35.920021967582265], [108.58880962305466, 35.94961639154458], [108.64723824660614, 35.946652653226415], [108.65460623866542, 35.989276960087196], [108.68347377193474, 36.01973241307716], [108.677327606811, 36.060890478636615], [108.70742763026878, 36.13726381551294], [108.6410663046618, 36.252835656930664], [108.63675601622369, 36.3579920007736], [108.64658489651912, 36.383515789692794], [108.61400205133069, 36.43268910925331], [108.55794485961985, 36.43748640179743], [108.50544300487044, 36.47297999615308], [108.50977162057882, 36.444115332549465], [108.48999393324739, 36.42094548935176], [108.45538651686832, 36.42133262315934], [108.40294120512542, 36.457848433701805], [108.38630779030817, 36.50404029561564], [108.35985154539937, 36.518013108644475], [108.3352584562183, 36.55747687909742], [108.25716746167653, 36.54798056525056], [108.24053552765763, 36.569610469029925], [108.20538428204638, 36.57583053789495], [108.19982754863423, 36.605127150252855], [108.21771890364099, 36.629640516761555], [108.19241723862993, 36.628646649056435], [108.15846199026798, 36.562296146248585], [108.08751378687334, 36.585767562192196], [108.07458052995307, 36.612674186352955], [108.05551171244944, 36.59060349946675], [107.99654352303182, 36.6378173528034], [108.0180289737025, 36.64639384215733], [108.0014495722207, 36.68195472310893], [107.93389481550234, 36.65429943970563], [107.93573601086959, 36.6936425616708], [107.90927691778073, 36.71957207546765], [107.90250058921757, 36.74882069330399], [107.76303962028368, 36.79129414155295], [107.73715714938423, 36.81044930769015], [107.7168458531651, 36.80088348690845], [107.66520226376518, 36.831616917403274], [107.63693221752933, 36.817781416561715], [107.585854535068, 36.83505660322799], [107.53526570367912, 36.82732685190634], [107.52846742470207, 36.86560536238933], [107.47284005769086, 36.906591167175335], [107.3600460889926, 36.903630191420774], [107.33116874924616, 36.92424406812896], [107.30476007220794, 36.910903999586544], [107.26356505015862, 37.0977297576391], [107.22971197360522, 37.09487050691337], [107.17668339701581, 37.14154468803098], [107.09038205483856, 37.11377692257282], [107.02526298146097, 37.1391517913679], [107.02587944394047, 37.10671867912772], [106.99338051296232, 37.104906098683976], [106.90128752393645, 37.149918274442875], [106.90744248982556, 37.108902671320706], [106.88651878254107, 37.09697686786087], [106.77121505348025, 37.15642511676984], [106.7681383694567, 37.11875120461054], [106.74535590405831, 37.09727552929954], [106.72382324901062, 37.11970487352441], [106.68327036012725, 37.128346687006605], [106.66853499259724, 37.10977360042211], [106.6126273825545, 37.13370738296765], [106.60094083668585, 37.126083892066376], [106.66240196646834, 37.015277791901035], [106.64213705478505, 36.99907420837413], [106.63845517125743, 36.96133255854039], [106.59049099302999, 36.96662923814529], [106.5911089730317, 36.9389053724664], [106.53561473842062, 36.98280622962314], [106.54487754785298, 36.940289194358094], [106.5972666139777, 36.91691006036849], [106.6052683836492, 36.877203710172566], [106.62248410494732, 36.89106416748577], [106.6532073321489, 36.819222015237955], [106.62311029759336, 36.7517182098693], [106.64031715096402, 36.72149022492156], [106.58989311083178, 36.74886099288561], [106.50969474381593, 36.71420048707433], [106.52637646406383, 36.68882552144058], [106.48621757741968, 36.68439242615881], [106.48683931821371, 36.62727954958343], [106.43990410174302, 36.62332094525851], [106.46089714295016, 36.5815787935265], [106.43990985990862, 36.555584196383876], [106.39306859392568, 36.575248953403445], [106.38753068213414, 36.5550667272924], [106.35924035338682, 36.57575827361518], [106.36661895953857, 36.547874785237795], [106.39245541759954, 36.546893484137314], [106.45102489104923, 36.49550133476657], [106.48994032780337, 36.493199945264166], [106.51898187589158, 36.46730293018383], [106.48747444423863, 36.420996706215774], [106.50601596342719, 36.377698971905616], [106.49304515109623, 36.3120979672787], [106.465861796858, 36.30478553907095], [106.49984570037486, 36.26483819958103], [106.53690933002153, 36.25238990909233], [106.55480266297532, 36.291031105601014], [106.64342668199882, 36.25820137525259], [106.68088576640247, 36.27212748952422], [106.6937860792538, 36.24266228623407], [106.73127821087114, 36.23585929545325], [106.76821632778876, 36.211237021613975], [106.80397183803434, 36.20983601075753], [106.82864495813051, 36.227748968307914], [106.86934780979735, 36.177094748033994], [106.92596764691962, 36.13745836951728], [106.92105370724387, 36.11473864963126], [106.9529904080383, 36.090015152801065], [106.92351995802981, 36.01020705439777], [106.94317824201148, 35.98692732533984], [106.89769669383911, 35.94239648291115], [106.93396922224825, 35.951574846304155], [106.93581375553121, 35.929760117434924], [106.90815685844991, 35.930760560814655], [106.84532690737687, 35.8861046874716], [106.92292291942205, 35.808982982606246], [106.89278819103733, 35.75849245762947], [106.86383359196468, 35.770614566575716], [106.86260336924605, 35.73709231312018], [106.81449652508203, 35.74332712073709], [106.80154616322955, 35.70831471790433], [106.7460880114551, 35.72381555556799], [106.74609097298864, 35.687845294250415], [106.67049066467061, 35.72682184584911], [106.65821147342936, 35.705945946959474], [106.62872562351004, 35.71328638784191], [106.61642949220492, 35.74245861149361], [106.59120612041283, 35.725948531697576], [106.5622471408208, 35.73758977750087], [106.50174229543484, 35.73598987650071]]]}}, {"type": "Feature", "properties": {"adcode": 620000, "name": "甘肃省", "count": 5}, "geometry": {"type": "Polygon", "coordinates": [[[106.04285522049203, 35.49645309808065], [106.04961643206919, 35.45306190428042], [106.06744032448017, 35.46180925006646], [106.07420180364907, 35.50809811467014], [106.04285522049203, 35.49645309808065]]]}}, {"type": "Feature", "properties": {"adcode": 620000, "name": "甘肃省", "count": 5}, "geometry": {"type": "Polygon", "coordinates": [[[106.06867163290575, 35.445720289906575], [106.0686737650931, 35.41890095230341], [106.07851588848614, 35.4198669308175], [106.06867163290575, 35.445720289906575]]]}}, {"type": "Feature", "properties": {"adcode": 630000, "name": "青海省", "count": 2}, "geometry": {"type": "Polygon", "coordinates": [[[102.82766147234074, 36.364373596410296], [102.76968739729107, 36.473122403079856], [102.79126100967437, 36.496721362155576], [102.7512076123606, 36.52458372654588], [102.73212872394095, 36.561123740768544], [102.75982642963409, 36.56736881575738], [102.71245073320313, 36.5981397482848], [102.72228627050859, 36.61253729074888], [102.68234417298656, 36.617879623415796], [102.62889542102526, 36.64966081112706], [102.59936635723376, 36.70917777648101], [102.61105803361185, 36.7369846752572], [102.6374964103965, 36.73168113979725], [102.69032210798485, 36.77424284383538], [102.7179748577, 36.766535320751224], [102.63749113015322, 36.85144305829952], [102.58519459305414, 36.868705241012165], [102.55929776548558, 36.91843019198777], [102.44809099842232, 36.96690712656076], [102.50431959190671, 37.017699741325835], [102.48639148862493, 37.07684484753384], [102.58148802972849, 37.10330026137518], [102.64055293209306, 37.098494478652285], [102.5981147751204, 37.173401799673854], [102.57655402402314, 37.171486780499116], [102.53150091131236, 37.215724318597715], [102.48823919804568, 37.221792986746166], [102.41722563068461, 37.29259119567758], [102.42585773279929, 37.306875581458314], [102.36612278340698, 37.3259169231471], [102.29666640982039, 37.36836935873212], [102.29789408741789, 37.389762170774866], [102.19500808329977, 37.4187531255667], [102.17462955590922, 37.45719965643069], [102.12276860473219, 37.48371073163262], [102.10118619405377, 37.48084818390411], [102.1289353923652, 37.544473589389725], [102.09994848211907, 37.58050630333438], [102.0328937683964, 37.62610975085048], [102.04640757465064, 37.64977615117421], [102.03411847121568, 37.68344309922721], [101.99666647065828, 37.723329800371], [101.94446704150624, 37.72678361444984], [101.85266660849045, 37.663322679351516], [101.81376291447064, 37.652827580592316], [101.78968369340792, 37.694478098343204], [101.65734029327963, 37.731974789396396], [101.66840027307624, 37.75278112626735], [101.59643968601907, 37.82619521111177], [101.45687186809882, 37.86466305122208], [101.38043898817114, 37.82063757083701], [101.36015062071206, 37.78944564751093], [101.27474583509347, 37.83498943967623], [101.20083990746237, 37.845839244273265], [101.15703317507534, 37.86655810645139], [101.10092991370472, 37.944903229594026], [101.0750895071865, 37.940192111675074], [100.96218276320104, 38.009846103170396], [100.91673324745037, 37.99813049388298], [100.89334929101275, 38.01181631340202], [100.8871884879837, 38.054724493555156], [100.92041831459056, 38.08346948325493], [100.91672789999187, 38.127754707048844], [100.9363935472154, 38.15880688931929], [100.91180518743286, 38.177660644421586], [100.85883334015134, 38.14703492811587], [100.82367003125147, 38.15733062875533], [100.75030439999614, 38.23722639028392], [100.71339806333496, 38.25229448584029], [100.61755715248029, 38.26467265876477], [100.59355907438312, 38.24117674386604], [100.54422977064158, 38.245820310014324], [100.47316811696372, 38.28745595460934], [100.45772539815006, 38.26391826605699], [100.4305655624067, 38.2737380448364], [100.42254723615814, 38.30567962690984], [100.3948238612627, 38.29157559028242], [100.31674918313797, 38.32785466191635], [100.32965008709034, 38.335813077850894], [100.30015502694096, 38.38702858492257], [100.257717027573, 38.36501949377489], [100.23862107476651, 38.440542290370686], [100.16149252416308, 38.460124326485236], [100.11151138052229, 38.49566655808663], [100.08502209942012, 38.491449381213215], [100.06226049883378, 38.51723403807383], [100.02417733725794, 38.50654638269219], [99.99963302527189, 38.4658592888762], [100.02049845619094, 38.43063878569768], [100.09118316678813, 38.40566193430706], [100.13495609479438, 38.332946148896966], [100.16211558397592, 38.326886567455624], [100.15779500587836, 38.28976979506408], [100.18125941150619, 38.22070942588598], [100.12447250573119, 38.230022087193106], [100.1152212981677, 38.25211200104435], [100.06964913403802, 38.28314214730664], [100.04813523176043, 38.28176843461374], [100.0002527624271, 38.313844839745315], [99.82545103474631, 38.36888030063934], [99.65797481732805, 38.448179362634065], [99.63831215921302, 38.4735224315577], [99.58416656232636, 38.49744807582491], [99.52739850041841, 38.54511527117764], [99.500208743609, 38.611008337276395], [99.4489389126356, 38.60292024325271], [99.41070964339292, 38.66411336796824], [99.37379404422427, 38.68328211548924], [99.36027344222323, 38.7169251936244], [99.28965160529063, 38.7646589248135], [99.22074650952345, 38.78753583176876], [99.06732829753116, 38.89551722874305], [99.0703984577949, 38.91972616894074], [99.10606961714869, 38.95043082903824], [99.0532016439376, 38.97513171622003], [98.9507943930095, 38.98657220648479], [98.90225250010177, 39.01127370756831], [98.88563135576386, 39.03962565306518], [98.8171912236579, 39.06368744117148], [98.81595782787927, 39.084590099711235], [98.74263228994332, 39.085448985473946], [98.72971679242694, 39.055722637169524], [98.66092264126283, 38.99260956858776], [98.61176716731902, 38.97593319232713], [98.62345070049749, 38.95824352407308], [98.58406781342035, 38.92893566474145], [98.52606853543922, 38.9544310552679], [98.45686262299878, 38.95144597005979], [98.42723994663338, 38.974657472948486], [98.4315559755904, 38.994663210518304], [98.40012646946585, 39.0002237414226], [98.38289189499962, 39.02812780770601], [98.31590143653118, 39.03938968926823], [98.28025073088281, 39.025966330832745], [98.28701668462003, 38.99108528783391], [98.27594734278287, 38.962256958374766], [98.23469346008264, 38.91758719970789], [98.24147303229672, 38.87940379393092], [98.09094067961577, 38.78506666868595], [98.0085869892899, 38.857952180831106], [97.87515161067591, 38.897284802306146], [97.8282336807265, 38.92887201254169], [97.7006419170739, 38.96186320131684], [97.67851372963979, 39.00934463488645], [97.50411146666849, 39.07527973424667], [97.45775155286098, 39.11648353730042], [97.40038721841346, 39.14519554810804], [97.37023676654206, 39.13918207558355], [97.34626552236946, 39.16613455034019], [97.14057907646476, 39.19859193928901], [97.01694162579321, 39.20703895744664], [96.96173027164524, 39.19699693600469], [97.01142199713874, 39.14071458112632], [96.96909780430917, 39.096734265035025], [96.95743715080752, 39.04054839057011], [96.96480326780288, 39.015893107823295], [96.93839944391263, 38.95455346059636], [96.94024291807999, 38.906606612045664], [96.9832134839747, 38.86784281677872], [96.99302860243965, 38.83379433826766], [96.98689607989556, 38.79184923002344], [96.99977790040329, 38.76008783248933], [97.02247354718506, 38.754419544582724], [97.008366227534, 38.701242187790804], [97.0568536622644, 38.671222945886086], [97.04641295032829, 38.65255192756264], [97.05501255803837, 38.59315328336178], [96.96051591544293, 38.556916029064844], [96.79354257082657, 38.606905547265306], [96.80835305883964, 38.58120192869292], [96.767025124989, 38.551201243245345], [96.79971427586317, 38.526427162041585], [96.7799737639533, 38.50298507259187], [96.70608989589017, 38.504408694894195], [96.66614383432807, 38.48246243063819], [96.70731956715385, 38.458020972853326], [96.69748494311915, 38.420998408766], [96.62618966082874, 38.354965311892435], [96.63849004202265, 38.30611220380111], [96.65508721776412, 38.29480887136552], [96.66492071637965, 38.2289828638635], [96.4625854317914, 38.27625994853482], [96.37746133207064, 38.27572292509104], [96.33502087635937, 38.244764411362446], [96.30120356132812, 38.18179691127841], [96.31227357411896, 38.16059749857212], [96.26366238657617, 38.14465488464036], [96.25195568844228, 38.16631418542245], [96.22111902030885, 38.147940637367554], [96.1081008796534, 38.185902470900196], [96.06497553552978, 38.1718054334176], [95.93776671211104, 38.23610654369019], [95.93161346582946, 38.25821229001181], [95.89526589245897, 38.28925206570286], [95.85205803990506, 38.28638849861821], [95.83599240980492, 38.343194107479604], [95.7748413434603, 38.3548336758478], [95.72244793830701, 38.377364273554946], [95.70275504038484, 38.39897154157431], [95.60741205373891, 38.33810694865937], [95.58399177397335, 38.3423323951051], [95.51728111920245, 38.29383195498566], [95.48635514082352, 38.31347092796024], [95.45420798328031, 38.29036763527987], [95.43938280531248, 38.309600614359276], [95.4066882435396, 38.29876361917511], [95.31442596689686, 38.31766880643465], [95.25784448061877, 38.301769168408306], [95.2282707731044, 38.32947593215821], [95.20853458027067, 38.326637553158626], [95.1838452932031, 38.37823573566335], [95.13940014007962, 38.390826037163286], [95.12089361897281, 38.415664599131055], [95.07101152902773, 38.40112682764345], [95.04397272897342, 38.41759005611701], [94.97279131077713, 38.42904804826761], [94.88301115004572, 38.413676438553566], [94.86019292666217, 38.392542615758906], [94.67166111304208, 38.38591948009671], [94.58184434074063, 38.36817713654684], [94.56025357594363, 38.350785437391586], [94.52627709589237, 38.364323889614546], [94.52627546364943, 38.42484377565912], [94.3688539996556, 38.761399726041276], [93.95019909459478, 38.714096313704076], [93.883706080391, 38.71974863560641], [93.79849817152245, 38.749491161988686], [93.77195937244872, 38.76999003394017], [93.75469420051184, 38.8063626949555], [93.76825773618408, 38.81989055641007], [93.8830872244661, 38.82518669992637], [93.88308603551643, 38.866664005786554], [93.83308013505345, 38.86659333648104], [93.72759048161969, 38.92331616321786], [93.4514540959665, 38.91434267814355], [93.27241611557555, 38.89490700962034], [93.23609995377012, 38.91493939161078], [93.17751422008477, 38.922777546547216], [93.19663833214337, 39.04467606150565], [93.16393179274264, 39.08968402395295], [93.13000127971607, 39.106811660907205], [93.14048404416336, 39.15927807258165], [93.11335538484295, 39.17826954517165], [93.04140858720228, 39.14538749252322], [92.97700816125268, 39.142323621619056], [92.9377265147453, 39.16886626777525], [92.88789781515473, 39.15914975434213], [92.86570908045917, 39.137781291687986], [92.7645448808785, 39.135772940639804], [92.65817222166365, 39.10896186500262], [92.54487322970543, 39.11036601818442], [92.48862722804425, 39.0986035319613], [92.45772349369993, 39.06275281429853], [92.4577240985593, 39.04137704283102], [92.40897305991982, 39.03712573273293], [92.4145210223446, 39.0092355247675], [92.3787997444999, 38.99854740580389], [92.26257690215718, 39.00104686047299], [92.19659180975503, 38.982402720549246], [92.17188676550153, 38.959562806874025], [92.10706605330039, 38.962265266438884], [91.9650638972225, 38.929972264223686], [91.87950072606263, 38.898393781005296], [91.87826700419104, 38.883488547666296], [91.69323257509498, 38.86520300184142], [91.67970789084511, 38.85171522239588], [91.44468296959165, 38.81234833531258], [91.29697142224909, 38.74527676200092], [91.24097281115786, 38.75138649224803], [91.18669293892374, 38.72985406398606], [90.99094992154109, 38.693989882899096], [90.72300022144982, 38.657078680209295], [90.65844595764416, 38.673539986362094], [90.61785775710216, 38.66378708423046], [90.64430890985494, 38.634307119272854], [90.60493119495565, 38.610036650731615], [90.60739415885075, 38.593664833441785], [90.5592974774778, 38.59270297684008], [90.52407333185339, 38.56034080488778], [90.46160439111452, 38.55548333954147], [90.46345945511086, 38.52084438322383], [90.42515806179127, 38.492671912449374], [90.35123438279652, 38.4809924202448], [90.31310555636887, 38.50073947395381], [90.12865523784927, 38.493156212868385], [90.10952033554013, 38.476740458711454], [90.10952251717805, 38.41767344570796], [90.12742352341043, 38.39892707023928], [90.17747157751558, 38.39572677226412], [90.13545507907223, 38.33933433003558], [90.2786605275411, 38.23703367688601], [90.35062852890309, 38.23220746827095], [90.35985374602774, 38.298936847790976], [90.52964569287505, 38.31890428910259], [90.51480685385118, 38.20605115852899], [90.51791305125751, 37.72938299561302], [90.5778348215414, 37.719558564315854], [90.58523523890734, 37.70204301901049], [90.64248907598845, 37.69584656022385], [90.77600934292734, 37.64738975076512], [90.88092838048595, 37.57453660857542], [90.86427678280741, 37.52944528666564], [90.91050163778729, 37.51855276360037], [90.9566133854989, 37.47670572148621], [91.01798290753936, 37.49172455098154], [91.07142411327312, 37.4745157934437], [91.09789077687044, 37.44647815635461], [91.11144878174265, 37.38565310076198], [91.13426686931756, 37.35429396266984], [91.13303379297231, 37.322898113534215], [91.19291043609928, 37.27255520781596], [91.1892086108859, 37.20444401996712], [91.2785716783487, 37.16254369985611], [91.28472443548844, 37.10387925457525], [91.30193962512223, 37.081904753788734], [91.28964514724532, 37.04135188355679], [91.3019416806556, 37.01124747965355], [91.2145136939585, 37.00888966239407], [91.17933703761719, 37.02411807245031], [91.13181054671115, 37.00636548636924], [91.12502551527895, 36.977213801555166], [91.04992551885077, 36.966254421294465], [91.03518613556265, 36.92852354801324], [90.98240969279641, 36.912417426774816], [90.85256723908591, 36.91442708512595], [90.75692015445289, 36.82480266155062], [90.7304365612974, 36.82480806750152], [90.72551533362402, 36.754868986222846], [90.75322540308001, 36.72034074824375], [90.71936283904276, 36.707888162665704], [90.70460277416183, 36.658010051398925], [90.7292100298572, 36.654622061230015], [90.72059584998553, 36.619103185712106], [90.73967759452813, 36.58498649991857], [90.80936024189975, 36.584564391324335], [90.82973480584018, 36.55721089851191], [90.90375280815343, 36.55969729230696], [91.03396967916943, 36.52864120846429], [91.03826984468222, 36.47379398877926], [91.02660558435171, 36.44205746331141], [91.049941328309, 36.432854562729915], [91.02476731022024, 36.32257028486472], [91.07084487923919, 36.29787729367847], [91.04994703531848, 36.237102536965054], [91.09423275909221, 36.218706109408274], [91.09054048128651, 36.16266542014511], [91.12320110329985, 36.11433458468424], [91.0794634104976, 36.087240206288065], [90.9775216986652, 36.10586470215815], [90.92161503841315, 36.0280690942615], [90.84888564051181, 36.01592631650615], [90.8143135607008, 36.03474607499129], [90.77481793228522, 36.0855042524845], [90.65789743171021, 36.13397639742486], [90.61176649020271, 36.125819482519255], [90.53341321044374, 36.14701448029139], [90.47651699074669, 36.13089831417881], [90.42214725642735, 36.132723380594975], [90.32363323107543, 36.15843142887237], [90.23497188613399, 36.15948597361874], [90.19607894689545, 36.18650477233944], [90.12811686519758, 36.206678697651085], [90.14355695707432, 36.238088779391866], [90.05599844022768, 36.2544962247438], [90.04123691692061, 36.27576141504186], [90.00129683348871, 36.27780270912151], [90.02587080470312, 36.257460901632264], [90.0178848131418, 36.2125815845163], [89.99577149950632, 36.16723527053886], [89.94291991587475, 36.1398225715604], [89.93923060693245, 36.06679394480618], [89.91214072736838, 36.078438346835995], [89.76457786250707, 36.07294296684299], [89.6863609360047, 36.090420467352324], [89.60330110602904, 36.037311342429305], [89.47233588626261, 36.021079700536426], [89.41490076794888, 36.04372924003384], [89.4019562372853, 36.01564443854105], [89.43217773107237, 35.99096763593628], [89.42539229993874, 35.91632672976172], [89.55272040365952, 35.872504434862705], [89.5483972534153, 35.856000316609475], [89.7054396965185, 35.848128801077785], [89.77631006032023, 35.86072647523042], [89.79977608706906, 35.84717086188493], [89.76520416249478, 35.79810402936396], [89.78063453928895, 35.77237938342608], [89.74485579263907, 35.75050093560381], [89.7467081622527, 35.66154656340847], [89.72391289316249, 35.64696629393729], [89.76335985777348, 35.59878940719598], [89.74917698485326, 35.579801885859034], [89.70975685191152, 35.5808021079212], [89.69745155901767, 35.543815883557535], [89.71776120063623, 35.5004329044165], [89.73870160998905, 35.506263919774305], [89.76274680450896, 35.481414880521974], [89.6833079385996, 35.41517449597079], [89.65624884022318, 35.42449312609605], [89.61748681834102, 35.41138074199471], [89.58544759355205, 35.38260719950989], [89.49462308395279, 35.359971658269906], [89.51379690958701, 35.329763801116925], [89.49215108639618, 35.29747230340864], [89.52925673164485, 35.27510983616683], [89.48349436721585, 35.25543518799057], [89.44764379727442, 35.22259940910439], [89.46680185468841, 35.21335542949135], [89.51689595350479, 35.13279791556074], [89.57743789579756, 35.11774547145452], [89.59100504637341, 35.10355770794336], [89.5583097424962, 34.93790306206899], [89.57682790789171, 34.89425858542249], [89.66795079303591, 34.88681383314094], [89.70485506133922, 34.91864649272833], [89.7448839102267, 34.90242027321532], [89.78560090347199, 34.92060014615946], [89.81895861648287, 34.90102630773343], [89.81278026249618, 34.867146746850246], [89.83687877604842, 34.86473659958034], [89.86591308963993, 34.8097738363366], [89.82390454193697, 34.79594562779641], [89.79734032414022, 34.742808779478196], [89.7301023358728, 34.73097070491267], [89.72332956905167, 34.659628500159876], [89.74612524991129, 34.640907513184075], [89.7967261869216, 34.627651857755076], [89.77573458622119, 34.573430722425314], [89.81279003216946, 34.547852081955], [89.82144396696228, 34.454629937503704], [89.81773731953973, 34.41956823652649], [89.79735107256847, 34.39533002870308], [89.81835680104196, 34.36819036810003], [89.85666263003353, 34.35837397128841], [89.86469187487567, 34.32377973500398], [89.82330166535301, 34.292551745883245], [89.83627861665644, 34.262395363307576], [89.81465518828047, 34.16827521323354], [89.78747753941924, 34.1494020503703], [89.757855699799, 34.15135858666407], [89.75477281908637, 34.123601648795706], [89.70980380371533, 34.13056720091483], [89.65383005663492, 34.09596171399671], [89.65444633996422, 34.05677568557547], [89.6329157479615, 34.04837671393467], [89.68273811582142, 33.98872525753105], [89.68581461497462, 33.958426195965615], [89.7165799997824, 33.94546398340115], [89.79304347256604, 33.863972012657904], [89.83505415386362, 33.86752698924244], [89.89802829219968, 33.80642075908143], [89.9405256434338, 33.79991607905125], [89.90049605471935, 33.75715125920349], [89.90542744257513, 33.73972567979625], [89.98171550802708, 33.724151543133296], [89.97925828510553, 33.701746147570894], [90.00628913162102, 33.68622264428389], [89.98233311821188, 33.610541023635896], [90.00875055710628, 33.55210981677646], [90.08132530872798, 33.523519778161614], [90.08687147989006, 33.47709729739854], [90.10536863848235, 33.45912216492702], [90.24491394276367, 33.42234330117197], [90.36123393727894, 33.27771367138154], [90.40372694175208, 33.25867082759211], [90.48896089326522, 33.263328778932305], [90.70284420260182, 33.13421236466754], [90.73853193314844, 33.14068993723464], [90.80203714986588, 33.1126765433439], [90.88164712908004, 33.118815240276106], [90.90075074978218, 33.08173394775849], [90.92660144501177, 33.118806952276685], [91.00030175926503, 33.11411969464962], [91.03590387418097, 33.09697838103808], [91.07031803129935, 33.111448053943164], [91.14611167287362, 33.070374897343655], [91.159689531038, 33.10699103594596], [91.18623222425863, 33.10453466020123], [91.22509859108052, 33.14016551261698], [91.26021625590356, 33.13967138542735], [91.31003677350597, 33.10653724055961], [91.36843504425998, 33.09891682022402], [91.4343566221133, 33.06433062492763], [91.49428748187907, 33.107586429868576], [91.53447005747219, 33.0986784729461], [91.55362033374485, 33.058614868789704], [91.58200560348364, 33.03608287123785], [91.6632541697913, 33.011429039585394], [91.68415862056276, 32.98780732639184], [91.7981311679144, 32.940595486985515], [91.83827398630191, 32.94669147908217], [91.856800367228, 32.9010253258171], [91.89566889786218, 32.90658672306354], [91.95475918701435, 32.81908279675686], [92.01740746491774, 32.82795321333214], [92.03706454653748, 32.859063380968536], [92.1004479038471, 32.858482718647984], [92.14425060744438, 32.884151657512184], [92.20414808394406, 32.86466076185794], [92.226362163658, 32.81944817472675], [92.19241956880653, 32.80029588213173], [92.21032133898673, 32.786743889082736], [92.19736030849516, 32.75301952717562], [92.25410138887068, 32.71934462871871], [92.308864696987, 32.749983034318454], [92.34267430459664, 32.73683572560759], [92.35435539628624, 32.762981282940686], [92.40975240760612, 32.74633606028688], [92.45788018079173, 32.76200164985448], [92.4832139363271, 32.74345177588194], [92.5672269995687, 32.73057725920018], [92.57401133881653, 32.73964369205313], [92.63372854326349, 32.71949457458307], [92.66691296030059, 32.7305114445329], [92.68534485557043, 32.763687290831136], [92.75545955978123, 32.74147952249479], [92.78812277254774, 32.71835383244789], [92.8214351161873, 32.72847627073837], [92.86585373082897, 32.69683691906776], [92.93234445109748, 32.717982971259815], [92.96305315694181, 32.71339020624996], [92.99925197520832, 32.7394589703396], [93.01826896953779, 32.7358788196655], [93.02256410497132, 32.70163732794528], [93.06800801276815, 32.62447367158634], [93.15794827242453, 32.643164291347475], [93.17522400701947, 32.668887828115665], [93.20915378464647, 32.653832445434986], [93.23812123642548, 32.66091020696315], [93.25905591397805, 32.6251381262878], [93.29902764477917, 32.61804014923164], [93.30701706263284, 32.57870726194952], [93.33712269260141, 32.56957376525738], [93.38384703345014, 32.52360751265298], [93.41032144295959, 32.55639118690508], [93.46152931696106, 32.55445153320415], [93.47512265586579, 32.503027024577094], [93.50046188155228, 32.50209108963962], [93.5152969259339, 32.474374022066876], [93.61769559473562, 32.521434586961774], [93.65029115349984, 32.57031731690534], [93.72038623605917, 32.57675370688616], [93.81904524846382, 32.54807038729541], [93.84992221947903, 32.508270092369564], [93.86041803211634, 32.46487690136591], [93.90790201367166, 32.46187706332107], [93.95896270308218, 32.483512203262386], [93.97739265822133, 32.458219837838904], [94.02897858725457, 32.44645308600871], [94.04802780841233, 32.46812006854738], [94.09048851782728, 32.46150451868656], [94.13612667095853, 32.43224298872888], [94.17564655810773, 32.452512803304366], [94.19540582690604, 32.51463602336008], [94.24968899573925, 32.5156937472119], [94.29093610592614, 32.501026450455804], [94.29278125532889, 32.51818103013011], [94.3487334988209, 32.53220610236648], [94.37026105156018, 32.5230929431748], [94.39365006872019, 32.5926728081964], [94.43372457951288, 32.56092908905701], [94.46213165672218, 32.57056685905269], [94.45780578988082, 32.59778210538862], [94.52147240616641, 32.5944321056056], [94.59060222503406, 32.63940279926644], [94.61338700133744, 32.67214042269503], [94.63737790982005, 32.64390465893676], [94.73636503664717, 32.585794076829316], [94.76100097620723, 32.524766780666056], [94.78627894987727, 32.52075219167826], [94.8060229410231, 32.48495028836854], [94.85107738657591, 32.46231423748166], [94.88869616264178, 32.470939744933965], [94.91148369620213, 32.414377618141806], [94.94346341507838, 32.4027186045036], [94.98705830140912, 32.42130051937936], [95.05581665219964, 32.39332768614244], [95.07364691306913, 32.3746030002848], [95.21733107826144, 32.39547491767109], [95.22719787359293, 32.36212691169817], [95.26046678573735, 32.34645992222846], [95.0951897106155, 32.320491136399426], [95.07795609088488, 32.27800554029574], [95.10443075551842, 32.25724981708363], [95.20623006553332, 32.29585585991463], [95.21301597866209, 32.32014519216753], [95.2401424628242, 32.31915439833081], [95.23829446265543, 32.285766722264604], [95.26908767436548, 32.1931195225337], [95.31398241548774, 32.14695244598377], [95.36562075754898, 32.14939421524426], [95.36623519326088, 32.177260898626976], [95.40501998936816, 32.18027591895012], [95.43894264352357, 32.155988212376585], [95.45314848587903, 32.06019564350945], [95.41981833673177, 32.03224169346512], [95.45314984353064, 32.00590349027354], [95.39455190742379, 31.999754736746496], [95.35947582798407, 31.95765012062006], [95.36685676626767, 31.927166614781537], [95.40749105978676, 31.916983718141978], [95.40502736183602, 31.89513539839604], [95.45562616516224, 31.800133964439603], [95.47911001144396, 31.794090475486115], [95.51064473723673, 31.748903923989943], [95.54587635579378, 31.738308380840166], [95.57920956835721, 31.765836416137876], [95.63341743928616, 31.78107848633439], [95.77870552353676, 31.747352067938493], [95.82316837588016, 31.68073679662915], [95.8528192411346, 31.712865347952246], [95.84540636473648, 31.734739975634653], [95.89848385595552, 31.81568552698479], [95.98277635959333, 31.815038861459996], [95.9883052949429, 31.786031549755116], [96.0639018298328, 31.718667996206708], [96.13479436852303, 31.70034406607977], [96.1477618067166, 31.68457976627568], [96.15579383664895, 31.60105419098216], [96.2070595407187, 31.597066876648793], [96.2212546021334, 31.645995435223693], [96.24469255757275, 31.656196322913235], [96.25147161346882, 31.695915796223574], [96.22187014383677, 31.73153604872961], [96.2305071878128, 31.748337036070662], [96.17741135363654, 31.773703414237538], [96.18235147048857, 31.83423542564125], [96.20211495391017, 31.839352987573665], [96.21384450649336, 31.87495166837383], [96.18790992252187, 31.90235304143038], [96.21939825755268, 31.90392395333995], [96.25269998713854, 31.928324639599236], [96.38868609820214, 31.91798015441936], [96.40717072888711, 31.843778460514994], [96.43492865930067, 31.794476610327553], [96.46828424185013, 31.768092551847026], [96.56777503811067, 31.7103284115566], [96.61522394988548, 31.735791606222115], [96.66073253818685, 31.70416747853785], [96.69146247363815, 31.72090781382058], [96.72220809670829, 31.685226601956185], [96.77825462790422, 31.674024285386412], [96.78997218747294, 31.696951132015116], [96.8399570133179, 31.71892848983866], [96.79860726229998, 31.790600641606385], [96.76530737910468, 31.8175198897647], [96.75976010470131, 31.858699503578375], [96.7942878573804, 31.867881734682086], [96.81032982613642, 31.89281029394759], [96.77578459817914, 31.93340534629892], [96.75298228246197, 31.9425352007579], [96.74251208029544, 31.99940254611252], [96.72220248497167, 32.0115964443932], [96.82390598203708, 32.00608455833077], [96.86833440316903, 31.963516154533597], [96.8627823492533, 31.994985441340802], [96.89422157217454, 32.012270666286845], [96.94159653397558, 31.98482612874356], [96.9655500057277, 32.00710704671743], [96.93544994655004, 32.046750082576295], [97.00605090217897, 32.06635247704992], [97.02814348104764, 32.04701161434617], [97.16913218857896, 32.031265887097994], [97.18764468221937, 32.05362293948412], [97.21417034887433, 32.04098069043627], [97.23328033658775, 32.06230480432677], [97.20121784248133, 32.08864222373529], [97.21910233387524, 32.107426200627955], [97.2579146568605, 32.070422855751154], [97.30772703744074, 32.07492991932338], [97.29236131085285, 32.095239767219034], [97.31325703889217, 32.128664083457316], [97.27083648075941, 32.138354405011896], [97.26345227474403, 32.180920764656136], [97.29911857894031, 32.29326801578818], [97.32124117600382, 32.30182781052491], [97.37040913649373, 32.2713863768503], [97.41473173789873, 32.29464477365678], [97.42397778176459, 32.320955545052406], [97.38701515636961, 32.425576020237365], [97.34028586507038, 32.43927687835778], [97.38762895716961, 32.49979697146863], [97.33414006765415, 32.512488055428854], [97.33168146555025, 32.54074545452778], [97.35749105438903, 32.56188338641806], [97.37347835132627, 32.544713087501535], [97.44803344734382, 32.585086872313234], [97.4628551719333, 32.55335178999722], [97.50178767984804, 32.529248738457056], [97.5400998942453, 32.53540845089856], [97.67005070392186, 32.51571178094225], [97.68357188431447, 32.52880348443414], [97.7303142781689, 32.525711366275246], [97.61655321174423, 32.584893306830146], [97.60731976375247, 32.61262419704077], [97.54318667261933, 32.62012300536385], [97.53453900861328, 32.63673118614031], [97.48200678551034, 32.65270237659779], [97.4227358530213, 32.70294167886592], [97.42828506724679, 32.712513145839765], [97.38516185732739, 32.7774173534465], [97.3919303618332, 32.82669477110861], [97.37531603305246, 32.88450192870571], [97.34703519940943, 32.8940881093306], [97.37469929869067, 32.954810004015734], [97.52341043019524, 32.987170546824075], [97.49930508369032, 33.00967944036003], [97.5419433960233, 33.0343761133092], [97.51661058159847, 33.09598068582966], [97.48632378800225, 33.105414733453834], [97.49744891394089, 33.13601413297231], [97.48694060164239, 33.16653919132892], [97.5481162482409, 33.20226046631935], [97.60730776700869, 33.26237072062287], [97.62207679576332, 33.33538368415049], [97.67556562488524, 33.339294955213546], [97.75369695727186, 33.408176903037145], [97.67433442760131, 33.4312459041615], [97.6251508462874, 33.45979434510558], [97.55181513313535, 33.464260461212085], [97.51103876573175, 33.51906654165202], [97.52278057037064, 33.575475789693144], [97.44924578868466, 33.58026195634869], [97.41470158296816, 33.603653553829496], [97.43443184256928, 33.68042814363169], [97.4171632871377, 33.72673171501684], [97.42209487961544, 33.753124701197954], [97.40545503311249, 33.793430898746216], [97.37221905231603, 33.81583782701639], [97.37098840326901, 33.84021314972993], [97.39744685861993, 33.84665995833818], [97.39436821284542, 33.887431954459785], [97.45973670921879, 33.88551436415251], [97.50299522780695, 33.91048740817584], [97.52153780574481, 33.90159580376942], [97.60113706061745, 33.92854782239981], [97.62883327279698, 33.91809298261909], [97.65957372364987, 33.954807458489995], [97.65219617283509, 33.997031696432956], [97.70198382217659, 34.03516068013176], [97.66510143050206, 34.12549555061765], [97.76600787365533, 34.157111460664694], [97.80981444575795, 34.20620794617077], [97.8980605222918, 34.20831039364502], [97.9540518237651, 34.18942925357224], [98.02773079982997, 34.121332480637584], [98.0972206648695, 34.121228484174225], [98.20581986392371, 34.08270110367217], [98.34367334666673, 34.093021451118084], [98.39902518404756, 34.083536851866434], [98.39594729578378, 34.05129411999454], [98.42737030098282, 34.02748891099513], [98.43970796120155, 33.97984897100299], [98.41442694192442, 33.954988884065564], [98.42490650495003, 33.91127505092291], [98.40642022827863, 33.86553192644432], [98.43415847695792, 33.841187572740346], [98.46255025476114, 33.84671478377511], [98.49220556416093, 33.794562335158645], [98.49344111263186, 33.76719447429601], [98.51815676826931, 33.77224496948859], [98.53915655595821, 33.74492120871031], [98.58233309906994, 33.73005139875552], [98.61003758483366, 33.68124019964527], [98.65613403732125, 33.645800512918775], [98.61680413280826, 33.63588827392211], [98.62233944027528, 33.60846435552523], [98.65183611863007, 33.59346370994186], [98.64753669615504, 33.547084717430565], [98.72494163285269, 33.501545826534525], [98.74154786720086, 33.47607696596375], [98.73539820302865, 33.40515958123514], [98.77911115333076, 33.36869192840893], [98.7587859811939, 33.27516975549525], [98.80130576053143, 33.26871070907645], [98.80377379078777, 33.2176686988799], [98.85804701829247, 33.1491613497146], [98.92146548497337, 33.11712194220844], [98.96629113120729, 33.11353117312942], [98.97058503073282, 33.096480113893826], [99.01351076202052, 33.07930905095022], [99.0233226756274, 33.09281495087348], [99.0890346629074, 33.077161589108755], [99.12351216936666, 33.04408080525767], [99.19504104757522, 33.03366767117063], [99.2135367377944, 32.989546910974646], [99.23386785542336, 32.98053172639733], [99.26771736341222, 32.87658384312663], [99.35249461385979, 32.88348130699808], [99.37461731365903, 32.89801891577837], [99.45161475962828, 32.860378561028604], [99.55722054756893, 32.837534672556394], [99.5880464069028, 32.787788226654115], [99.63911241950711, 32.78926319441088], [99.64525962688954, 32.773157045339495], [99.6993341497246, 32.76500937363497], [99.7165498262005, 32.730767819735405], [99.7590220549874, 32.76798565582119], [99.76518215067179, 32.824314718448974], [99.79046248189992, 32.88163416918933], [99.76271364007454, 32.92279485640562], [99.78675855982995, 32.95495050876607], [99.8040345471947, 32.938911552593304], [99.84971040675299, 32.939997647567715], [99.87623604596074, 32.9917329754081], [99.87623447454982, 33.043905066282065], [99.94641282434449, 32.985174820296386], [99.95501541423472, 32.94650667899761], [100.03666668951837, 32.92719621943984], [100.02807067266838, 32.894070190187726], [100.06309234976736, 32.893994851937016], [100.12159627860761, 32.83518892221294], [100.1154318202091, 32.800491232907305], [100.1376382773911, 32.722534713332955], [100.08647921175373, 32.66711834950429], [100.10803966784285, 32.63840499435432], [100.18825557050822, 32.62895026394478], [100.20677017580243, 32.60478928013103], [100.22835293300437, 32.64865257314846], [100.22958445078098, 32.69448574812681], [100.25730578686594, 32.740800235097275], [100.33785172448508, 32.71753249599443], [100.39750444502761, 32.754199708124624], [100.37658210431353, 32.6968331332786], [100.41845132890373, 32.73005202817792], [100.44929586136736, 32.69284428046844], [100.46843868762039, 32.69288944936748], [100.54381189879668, 32.56813307878437], [100.60175965952884, 32.55205456313688], [100.64418979012417, 32.52477041118225], [100.65647696323701, 32.54492719491265], [100.66016085761119, 32.61449989493096], [100.6718315256414, 32.626572164281264], [100.70869428230039, 32.608365745183555], [100.71053717629445, 32.64363715992179], [100.68902929205969, 32.67641290554835], [100.76961300863664, 32.642106520802], [100.83251536128648, 32.64724102800802], [100.88615769823562, 32.631191396322635], [100.93045853726642, 32.598919992752535], [100.9550265408031, 32.61953953609371], [100.9955195958489, 32.62597745671871], [101.02864367594803, 32.65862910073568], [101.07532099647635, 32.68070159850852], [101.12272639515633, 32.656529455320324], [101.1554101798961, 32.65959997986421], [101.22140602792453, 32.72415761800397], [101.23557324716798, 32.82326662352265], [101.2220163812226, 32.85391960955764], [101.17637786898796, 32.891033334848046], [101.12209990201403, 32.9080241084007], [101.12702832396954, 32.98735194533966], [101.1819264671526, 32.982426002246946], [101.16958677071547, 33.00799309683837], [101.18254121039112, 33.03961948829642], [101.1442909435348, 33.05459488701222], [101.14182244556463, 33.08417060221441], [101.16773203704643, 33.09825146248802], [101.11346144299483, 33.19285375333964], [101.12270367157126, 33.21939514707229], [101.15477022061025, 33.234457894293016], [101.18068209505061, 33.267532514370295], [101.21583718595684, 33.25457708464307], [101.29523140862803, 33.26056019050525], [101.3794260465085, 33.15128135909464], [101.39173244356107, 33.15578271132747], [101.38434490295946, 33.205362630560785], [101.40096428620436, 33.223378119160415], [101.48550493333471, 33.225025616279034], [101.63171589912986, 33.09950132428264], [101.65937968634849, 33.134031440282484], [101.65200291382493, 33.16109582432169], [101.70794130418233, 33.21107092743457], [101.7337820900825, 33.27810302094016], [101.6759687352727, 33.29569187212779], [101.64769422258836, 33.321250241872626], [101.66182870580988, 33.38221085569014], [101.69378918290477, 33.432111324752064], [101.76704615344566, 33.45404022589534], [101.77567666748683, 33.53191762342987], [101.76704275586644, 33.536900662223616], [101.74670582272, 33.503459008095355], [101.71654144146817, 33.49299589346647], [101.62062818252895, 33.500640029188816], [101.61508705016142, 33.596929988121055], [101.58367667222934, 33.643796416527145], [101.58244269712463, 33.672698286978495], [101.49970111189107, 33.700920887420125], [101.42620967723444, 33.678330128965], [101.4225118104064, 33.65341195728958], [101.38309648072887, 33.642941277122766], [101.30074641930854, 33.65603226605629], [101.23492327735345, 33.68398134700146], [101.21582073246657, 33.668022294274195], [101.16462419119307, 33.65797238999174], [101.17511199213453, 33.683403540774364], [101.16091954135507, 33.717746531283105], [101.18436414156868, 33.73920217824132], [101.18868096031457, 33.78998087754758], [101.15104447420023, 33.8212573752425], [101.15166053402785, 33.8426466100844], [101.05253627977567, 33.86153058602899], [101.021232468369, 33.89441808189553], [100.99301887967088, 33.890028933628386], [100.96418545428982, 33.945270588355626], [100.9261090711224, 33.97365595765294], [100.93348304424906, 33.98854253514024], [100.87933215073369, 34.03521930427679], [100.86885319969473, 34.08233826843277], [100.84727009533212, 34.08825816289693], [100.80470164512887, 34.15411322220389], [100.76278187558687, 34.17735070596693], [100.80778184535302, 34.245739295662645], [100.79667896354283, 34.25858880726984], [100.82011774271574, 34.31601464616727], [100.8669948284858, 34.33142280132408], [100.89348790094094, 34.37395184434834], [100.94943769290485, 34.38229897604784], [100.98502743607939, 34.373310954611014], [101.05251734616954, 34.3212229857364], [101.17631988533914, 34.319303407245634], [101.19174233572618, 34.335153120801785], [101.23304910653735, 34.323829779822034], [101.22688935252918, 34.29712023889747], [101.32345118582558, 34.26685881873672], [101.32529525672747, 34.243099852723546], [101.36769402129985, 34.246492391267914], [101.47990180668707, 34.2173924202835], [101.49040935859648, 34.19414797985195], [101.53675698429122, 34.21062070819924], [101.61875561630595, 34.17750014899273], [101.67224789932094, 34.109022350468344], [101.7011388957815, 34.11789402930048], [101.71651710032208, 34.08167572564701], [101.73436470074584, 34.07868473648675], [101.76208576800552, 34.12132766001987], [101.78613992158697, 34.13027204629468], [101.83491305609533, 34.12291963428821], [101.84973085918598, 34.15169305220218], [101.87256617346134, 34.128926033732036], [101.8959976015477, 34.132410919887455], [101.95322532813066, 34.10805661473117], [101.96366732852694, 34.166021251237055], [102.00112302321693, 34.16046220692767], [102.0287518958196, 34.18911551066995], [102.01155741923648, 34.2168969853172], [102.06009202110089, 34.226186985532], [102.0656241227224, 34.29199683684323], [102.14760483948717, 34.27025678009752], [102.18464995195569, 34.35142919203183], [102.23524449102256, 34.34160515407765], [102.25742251685784, 34.35445860085386], [102.16735529706064, 34.45611458535945], [102.15376925894232, 34.50592826063334], [102.13771795449826, 34.501955043691474], [102.090851221908, 34.534966859255746], [101.99987928567906, 34.537120392517], [101.97225106141912, 34.547556441981804], [101.95443532631633, 34.581612636413354], [101.93291901644047, 34.58608821736299], [101.91815108138347, 34.62059035614646], [101.9150627212784, 34.8723537347714], [101.9839018511554, 34.89871918427745], [102.06621288367279, 34.88623916058399], [102.04592210547277, 34.90934120092155], [102.09267910979052, 34.98530484983172], [102.1315239103292, 35.013266759148095], [102.15559865726016, 35.00938466856989], [102.1741235373598, 35.03146853873359], [102.20931120144037, 35.03348624742225], [102.21609780016334, 35.056027936108265], [102.25061920585637, 35.04722941455545], [102.29369550388195, 35.070210928249644], [102.30844681504642, 35.12746096732786], [102.34470665300279, 35.16262016336427], [102.40191956951145, 35.17772492442078], [102.36376130512839, 35.233976071554466], [102.36806530493595, 35.26231362617338], [102.27892433918849, 35.301540477215774], [102.30966815472983, 35.31272462415497], [102.31581368773504, 35.341517994715595], [102.28568856722842, 35.3640196614957], [102.29183536656784, 35.42255281816604], [102.31273633546478, 35.43275744008719], [102.40622182095572, 35.40776794934934], [102.44569270011235, 35.435610466509516], [102.43581650159712, 35.45363267452631], [102.49696857242928, 35.5439263062241], [102.50129288466142, 35.58386384088184], [102.52972004984129, 35.57907662014905], [102.56922519926017, 35.54701782595267], [102.6934490297906, 35.52692873551997], [102.74140655522139, 35.493261103797856], [102.78082437055804, 35.526408033203786], [102.72725518670728, 35.52201318969245], [102.74448076389902, 35.543923394866674], [102.80672236711729, 35.55907487282288], [102.761102553108, 35.610619224819885], [102.76233270810079, 35.65197316711464], [102.74201466105771, 35.656347416899855], [102.70573019449924, 35.70354403174888], [102.68422392421292, 35.770634990122794], [102.71310124982315, 35.81429170821781], [102.73708403101863, 35.819610881492636], [102.78512391238424, 35.86136844619782], [102.81534570289656, 35.84880025059666], [102.91211176128468, 35.84405294951191], [102.94283978905557, 35.82848455989916], [102.95266105830918, 35.857580967694396], [102.94037879142743, 35.92550547550386], [102.96983466380222, 35.99424673402108], [102.94958419411854, 36.02044761853514], [102.96615239270827, 36.04316242725202], [102.93054487922649, 36.047108447578], [102.8800898104441, 36.081480386292405], [102.93914227553299, 36.10370520831262], [102.94650945919237, 36.14962578495748], [102.9636931569011, 36.15055315537465], [102.98454477087886, 36.19205237875137], [103.04649186658702, 36.19767527169157], [103.0642998300347, 36.21551478618008], [103.0188803945274, 36.23155198204058], [103.02255941474226, 36.255196225224594], [102.92070004880911, 36.296945429174656], [102.89486026528252, 36.33071521454142], [102.84370350151273, 36.33065900876785], [102.82766147234074, 36.364373596410296]]]}}, {"type": "Feature", "properties": {"adcode": 640000, "name": "宁夏回族自治区", "count": 1}, "geometry": {"type": "Polygon", "coordinates": [[[107.26356505015862, 37.0977297576391], [107.27586036389778, 37.12538481902392], [107.30167069757364, 37.09911126584509], [107.32930567098354, 37.137216701496065], [107.33114586991034, 37.1639127917926], [107.31210324980638, 37.19826414949335], [107.26539812861539, 37.22739147307651], [107.30411489188133, 37.23734067269603], [107.25246925625602, 37.33545025672179], [107.27889962459916, 37.479910767214314], [107.3403250413896, 37.51683375766218], [107.36366801309188, 37.58559017714492], [107.32496402946256, 37.58233702197733], [107.30592221175273, 37.607979084675804], [107.35567584658595, 37.611207341492765], [107.41659397317052, 37.66331516684303], [107.38395378718094, 37.66947031273619], [107.38149061636992, 37.68936656145182], [107.42029034226684, 37.68226814305518], [107.47956174016147, 37.704654106613866], [107.49377185630149, 37.76386872614627], [107.59438959654312, 37.789602292356584], [107.61531893142384, 37.77445138007962], [107.65404538471772, 37.84249801050353], [107.64482488579056, 37.862838946272], [107.5555404477411, 37.892158064844956], [107.48695512513287, 37.94298974641371], [107.44309224704338, 37.93154502097999], [107.40608965729497, 37.94613661643262], [107.43506285887979, 37.99383428406396], [107.38822712003477, 38.013145482545646], [107.32614295613634, 38.0848896363655], [107.23515912805895, 38.109962054845845], [107.18522417264188, 38.15228870197362], [107.1334048436294, 38.15925832672235], [107.11368294279382, 38.132399595622324], [107.06568508122017, 38.13711668983752], [107.04603290936268, 38.12113705183491], [106.9374647612298, 38.13084600037985], [106.77420555847573, 38.170263504071094], [106.73295179832438, 38.196134303535175], [106.62298488170107, 38.23110905948826], [106.55093580035961, 38.262119531332026], [106.47742412986067, 38.317836719861745], [106.5952953250299, 38.38848356551395], [106.64323865957209, 38.46955527070484], [106.65796584038327, 38.60014729584394], [106.70462665786, 38.717358839434254], [106.75136149730506, 38.74720451304698], [106.83273126558544, 38.84618281401479], [106.94905288547417, 38.9398031378799], [106.96253963842034, 39.05324116392684], [106.85429405788103, 39.10625506172117], [106.82036123577052, 39.19251254353605], [106.79075255312452, 39.21286635010263], [106.80184240661737, 39.31713839669506], [106.7765580683283, 39.370333480317974], [106.7463772607365, 39.38003286824445], [106.67877215821402, 39.356045278340595], [106.63885915680288, 39.35658243950521], [106.59766911025551, 39.37420717170088], [106.55145828942203, 39.32094213714759], [106.52058846839108, 39.30697990807753], [106.50699854323325, 39.27081101709055], [106.39774731500252, 39.29005151780898], [106.2754410656609, 39.260573072568015], [106.29081792405547, 39.166427258545504], [106.28037080811984, 39.14463216619751], [106.24653457405537, 39.12980272085108], [106.18796440651958, 39.141353061004054], [106.1657417324326, 39.16173166808176], [106.14105471462632, 39.15147859001355], [106.09174062566618, 39.083189049066455], [106.07328352623219, 39.02464909325252], [106.08251421449087, 39.00465110022219], [106.05607475989483, 38.96700610338259], [106.01678168826831, 38.95220932907057], [105.96648005839396, 38.907672903590836], [105.98795822516271, 38.85590630991115], [105.90503991894607, 38.789870907471816], [105.90381328659518, 38.73621300892832], [105.88164164702192, 38.71566741098647], [105.89026924652667, 38.695124469174345], [105.84834585257666, 38.64041224494563], [105.8699394889076, 38.59181086013801], [105.85205436383421, 38.568395054195626], [105.8594599755897, 38.533769253154304], [105.83231501152537, 38.47470846810403], [105.84651223106553, 38.44239320221366], [105.82306077199078, 38.43109903611341], [105.83108798470995, 38.38608560493983], [105.81689475001834, 38.365411412120665], [105.86194744386886, 38.29505091505537], [105.83788884535701, 38.239551395284124], [105.79839312666002, 38.218788284431824], [105.77064374236635, 38.18535087914389], [105.7632540191671, 38.11990803092634], [105.77620114161476, 38.08317194828392], [105.83605788367127, 38.002645046507304], [105.79533252143904, 37.93838760767165], [105.79965726601115, 37.86045022559452], [105.75650336749416, 37.79799150095033], [105.6728826717124, 37.770164001323444], [105.61820694273261, 37.776405656020124], [105.61206296858226, 37.721035259482065], [105.59483792248386, 37.697839779268605], [105.46277840457635, 37.69330193514638], [105.39928184946733, 37.70836788373237], [105.31082544935916, 37.700435626511435], [105.10706606307758, 37.63210586647583], [105.0241557174915, 37.579105650554965], [104.86329944027996, 37.565121383541694], [104.80165058385153, 37.53749777719283], [104.43034500896502, 37.5135636787309], [104.4161698147924, 37.50975087767483], [104.40447032286617, 37.46273823086227], [104.3196486136829, 37.44669126668636], [104.28401835810136, 37.42632189986293], [104.29569538880145, 37.412523496023276], [104.36203345815755, 37.41620754840183], [104.43466652786907, 37.4437651930907], [104.44577181213761, 37.42287955098351], [104.49640856667263, 37.419686656217586], [104.51802756093336, 37.433054390739834], [104.67680516681435, 37.40645579766721], [104.65900751497729, 37.36608155046899], [104.71057997133552, 37.32794207862622], [104.67067329310177, 37.316115636567964], [104.64796226678475, 37.28903335008877], [104.62155076115756, 37.29716212791998], [104.59757538219817, 37.24147763670089], [104.63507231660158, 37.200477896049996], [104.714273077404, 37.20701292483061], [104.77332269688533, 37.24511070786823], [104.8528462416061, 37.210468899140906], [104.86147672732872, 37.17140550297257], [104.88488157889805, 37.157604679510136], [104.91133749236278, 37.09655852398874], [104.95063694854767, 37.075983834989366], [104.95125294641439, 37.038750146667894], [105.00090528016358, 37.03383506231367], [105.0358476258221, 37.005559747167844], [105.05547961121992, 37.02127956349478], [105.16134084954712, 36.9931400261107], [105.18169269280307, 36.94060831698132], [105.17491426890857, 36.89085970410286], [105.24083821952487, 36.89332993335642], [105.27588816751562, 36.86604011737737], [105.29923054221837, 36.81909364213168], [105.33053778580178, 36.79939878292773], [105.33667973006447, 36.76297453754061], [105.31581107672083, 36.741445180675555], [105.27159510189465, 36.75110030851462], [105.26852399102724, 36.73816017961692], [105.21437506027651, 36.7290443159579], [105.19712321127115, 36.69928811300644], [105.22177114991851, 36.663335204531364], [105.2162306158883, 36.62972874618747], [105.25746871004293, 36.6014076905065], [105.27222370479554, 36.561999426428024], [105.24824715418185, 36.55191964966723], [105.27775721587776, 36.521131208090935], [105.3182823480822, 36.53452815879041], [105.35819114431882, 36.49502137202407], [105.35880953554913, 36.44160321321563], [105.39384633082977, 36.42905477190326], [105.3969276585535, 36.36835922126424], [105.42155983053424, 36.32884396719152], [105.45116084469733, 36.32021277369561], [105.47215244846277, 36.291807611733255], [105.45548444950835, 36.26667389726468], [105.4561051420279, 36.22226269664307], [105.47462803910919, 36.2116864741976], [105.51107735492941, 36.146080691020664], [105.48698959829797, 36.099589800056606], [105.4265079235821, 36.10235354886635], [105.33980515584706, 36.03223326747931], [105.3207813546515, 35.94023163068183], [105.34595621170813, 35.874239373632996], [105.39327524970446, 35.85575167042003], [105.36684102879303, 35.84267015038072], [105.37667750466741, 35.79120405191004], [105.40435483676488, 35.82081026564074], [105.42468064249029, 35.81742677544801], [105.4277649949965, 35.785871599111466], [105.45305346529513, 35.76989040829211], [105.47775299776615, 35.72574272113828], [105.59191040999379, 35.71431391822102], [105.66321339405043, 35.748245113373024], [105.75482193076702, 35.723360227157976], [105.73635302294596, 35.69711400615208], [105.71974185687229, 35.7243435161015], [105.68655642870179, 35.697173091248715], [105.71851586937044, 35.671843479487315], [105.70929573909815, 35.6489960679734], [105.75482882308113, 35.632919795425636], [105.75791045389815, 35.60129203364187], [105.79613807942103, 35.56336345676884], [105.81217963997156, 35.573615318930656], [105.84304273989753, 35.48892068923578], [105.86463089021728, 35.538644705830755], [105.89606154294714, 35.54597095885562], [106.01277415092072, 35.517481381002334], [106.01891329116091, 35.4921285741104], [106.07420180364907, 35.50809811467014], [106.06682646526505, 35.44767251291848], [106.10869516483342, 35.35985968814431], [106.16852898267184, 35.43604447781312], [106.19198342596869, 35.408289249277615], [106.23329669314953, 35.40784670146573], [106.23699739030961, 35.35710574056013], [106.31511131642753, 35.263759417278635], [106.35873572220376, 35.23680553396001], [106.36365092335187, 35.271980048562384], [106.41103554446364, 35.27440251688763], [106.4677950569912, 35.30917842462548], [106.49682935938095, 35.362472218455245], [106.49929610495292, 35.41370611746958], [106.47890353563191, 35.44875534539233], [106.48569809801052, 35.47899638384348], [106.46098797022562, 35.4794161479781], [106.43629309979009, 35.52467645475755], [106.45542301771086, 35.57730682180484], [106.47456955019678, 35.573461968211994], [106.4301117661631, 35.68672124875296], [106.50174229543484, 35.73598987650071], [106.5622471408208, 35.73758977750087], [106.59120612041283, 35.725948531697576], [106.61642949220492, 35.74245861149361], [106.62872562351004, 35.71328638784191], [106.65821147342936, 35.705945946959474], [106.67049066467061, 35.72682184584911], [106.74609097298864, 35.687845294250415], [106.7460880114551, 35.72381555556799], [106.80154616322955, 35.70831471790433], [106.81449652508203, 35.74332712073709], [106.86260336924605, 35.73709231312018], [106.86383359196468, 35.770614566575716], [106.89278819103733, 35.75849245762947], [106.92292291942205, 35.808982982606246], [106.84532690737687, 35.8861046874716], [106.90815685844991, 35.930760560814655], [106.93581375553121, 35.929760117434924], [106.93396922224825, 35.951574846304155], [106.89769669383911, 35.94239648291115], [106.94317824201148, 35.98692732533984], [106.92351995802981, 36.01020705439777], [106.9529904080383, 36.090015152801065], [106.92105370724387, 36.11473864963126], [106.92596764691962, 36.13745836951728], [106.86934780979735, 36.177094748033994], [106.82864495813051, 36.227748968307914], [106.80397183803434, 36.20983601075753], [106.76821632778876, 36.211237021613975], [106.73127821087114, 36.23585929545325], [106.6937860792538, 36.24266228623407], [106.68088576640247, 36.27212748952422], [106.64342668199882, 36.25820137525259], [106.55480266297532, 36.291031105601014], [106.53690933002153, 36.25238990909233], [106.49984570037486, 36.26483819958103], [106.465861796858, 36.30478553907095], [106.49304515109623, 36.3120979672787], [106.50601596342719, 36.377698971905616], [106.48747444423863, 36.420996706215774], [106.51898187589158, 36.46730293018383], [106.48994032780337, 36.493199945264166], [106.45102489104923, 36.49550133476657], [106.39245541759954, 36.546893484137314], [106.36661895953857, 36.547874785237795], [106.35924035338682, 36.57575827361518], [106.38753068213414, 36.5550667272924], [106.39306859392568, 36.575248953403445], [106.43990985990862, 36.555584196383876], [106.46089714295016, 36.5815787935265], [106.43990410174302, 36.62332094525851], [106.48683931821371, 36.62727954958343], [106.48621757741968, 36.68439242615881], [106.52637646406383, 36.68882552144058], [106.50969474381593, 36.71420048707433], [106.58989311083178, 36.74886099288561], [106.64031715096402, 36.72149022492156], [106.62311029759336, 36.7517182098693], [106.6532073321489, 36.819222015237955], [106.62248410494732, 36.89106416748577], [106.6052683836492, 36.877203710172566], [106.5972666139777, 36.91691006036849], [106.54487754785298, 36.940289194358094], [106.53561473842062, 36.98280622962314], [106.5911089730317, 36.9389053724664], [106.59049099302999, 36.96662923814529], [106.63845517125743, 36.96133255854039], [106.64213705478505, 36.99907420837413], [106.66240196646834, 37.015277791901035], [106.60094083668585, 37.126083892066376], [106.6126273825545, 37.13370738296765], [106.66853499259724, 37.10977360042211], [106.68327036012725, 37.128346687006605], [106.72382324901062, 37.11970487352441], [106.74535590405831, 37.09727552929954], [106.7681383694567, 37.11875120461054], [106.77121505348025, 37.15642511676984], [106.88651878254107, 37.09697686786087], [106.90744248982556, 37.108902671320706], [106.90128752393645, 37.149918274442875], [106.99338051296232, 37.104906098683976], [107.02587944394047, 37.10671867912772], [107.02526298146097, 37.1391517913679], [107.09038205483856, 37.11377692257282], [107.17668339701581, 37.14154468803098], [107.22971197360522, 37.09487050691337], [107.26356505015862, 37.0977297576391]]]}}, {"type": "Feature", "properties": {"adcode": 640000, "name": "宁夏回族自治区", "count": 1}, "geometry": {"type": "Polygon", "coordinates": [[[106.04408448827999, 35.48719280650592], [105.89360488620144, 35.44998149487154], [105.89052754827448, 35.41243337514609], [105.99805539567745, 35.437110310360424], [106.02996347822945, 35.46773116206634], [106.04961643206919, 35.45306190428042], [106.04408448827999, 35.48719280650592]]]}}, {"type": "Feature", "properties": {"adcode": 650000, "name": "新疆维吾尔自治区", "count": 3}, "geometry": {"type": "Polygon", "coordinates": [[[96.385341855886, 42.72681847022828], [96.36256695857908, 42.89971475570837], [95.9204052664657, 43.22908158620296], [95.87909593040597, 43.27961487790658], [95.85686028396233, 43.41661309387547], [95.73460000269553, 43.59656107487802], [95.62202736459878, 43.85491997322636], [95.5257567119492, 44.0065645029819], [95.42435803790433, 44.008469383431695], [95.32528186483647, 44.027492213914094], [95.34985819108931, 44.088957777131924], [95.35415786771316, 44.16499685259607], [95.3744472263834, 44.22633524613212], [95.40892930004013, 44.24390421962267], [95.42866569350306, 44.28078193260409], [95.41200972415803, 44.29747614853086], [94.9971386992899, 44.25225120640776], [94.944370347481, 44.29181868925718], [94.76682079602814, 44.33964972262022], [94.72125762132158, 44.33965877783114], [94.60508112688174, 44.44759386823944], [94.46918191173923, 44.50838808916773], [94.35757452264878, 44.514728706512635], [94.32806857012379, 44.581731450340655], [94.27826882293306, 44.602693076942046], [94.21355369259715, 44.66697950609867], [93.72183067764037, 44.86454682615131], [93.71444739748286, 44.893380568514814], [93.50747457553396, 44.96708860605927], [93.43268996050548, 44.954203053564285], [93.37478973782835, 44.98424421793536], [93.31274562447175, 44.994080538151806], [93.3121320973059, 44.9792731129971], [93.17234968189103, 45.014368204979746], [93.0983469187162, 45.006239648130816], [93.0602224029287, 45.01726540324774], [93.0007240015593, 45.00895850453348], [92.93140790036968, 45.016743966397755], [92.92157439080816, 45.03620567316641], [92.88279799736976, 45.04593249445246], [92.84641246192149, 45.03785394313379], [92.77791770822117, 45.0495777348642], [92.68256903836269, 45.02469433982685], [92.54656371929318, 45.01756874096137], [92.49957941904208, 45.00010306676959], [92.41246828194403, 45.0172622743974], [92.347237949772, 45.01308430381526], [92.31405482188944, 45.02794774097699], [92.23898270210142, 45.01491087193254], [92.09821905357262, 45.08024585756917], [92.05513159240935, 45.085776720190616], [91.80148573486082, 45.081756923839535], [91.69302634755445, 45.0644420769329], [91.56007241041533, 45.074690402606], [91.4982395847896, 45.102835935774756], [91.44690973308977, 45.155461892833124], [91.42715090245729, 45.155430590740444], [91.3754019919957, 45.10984626102977], [91.33298966054464, 45.128488031917726], [91.24013074785512, 45.136193779527844], [91.22903553366825, 45.15264564308203], [91.19386644876361, 45.158087639631894], [91.16916591313317, 45.198530488245076], [91.1278035868918, 45.2149031206647], [91.04839699062157, 45.207768555265496], [91.00605817510413, 45.21757577824807], [90.88008269920276, 45.19122278333397], [90.86527767907842, 45.2084918451019], [90.896106831348, 45.24896778353692], [90.87576306608015, 45.280120219110486], [90.83008157709438, 45.29941443151732], [90.80290925852391, 45.293893541604675], [90.81155281433664, 45.32757346393602], [90.77204781367188, 45.40487680281179], [90.77081313920303, 45.43133935441789], [90.6692856397203, 45.486839859101885], [90.67481242747903, 45.58158256499428], [90.7129135423404, 45.727965696738956], [90.79794806670705, 45.83403510654559], [90.88930349674554, 45.92087095558054], [91.02626473613493, 46.0221382640343], [91.01276808632876, 46.06581356229355], [91.01951297966632, 46.1201867110037], [90.98271555920266, 46.159707681235], [90.94650828568831, 46.218655277278096], [90.95387564547043, 46.23313480809577], [90.89853226690875, 46.311823136355756], [90.98147998238119, 46.37408497865196], [90.99435641548047, 46.41862953556334], [91.0237918149837, 46.44329328821932], [91.03606060266293, 46.500144974704526], [91.05877965231174, 46.51616107815922], [91.07722058894446, 46.55812771541084], [91.06615110322241, 46.57829922131658], [91.01581211214915, 46.581704001286134], [91.05201217128445, 46.71675200170133], [91.01703055071494, 46.765630817656366], [90.99066184661251, 46.76898968031363], [90.99066094519199, 46.7898846181326], [90.94095597944525, 46.82522800294135], [90.95630550160836, 46.87879192447122], [90.92804861734771, 46.892744809982446], [90.92066686350124, 46.93811111819164], [90.89973851932022, 46.96017298861459], [90.82877933420993, 46.99518976173049], [90.76519823870622, 46.99183428565137], [90.55962765183169, 47.20618548807937], [90.5194335171423, 47.28366225082058], [90.48600708236728, 47.316427271522706], [90.52437915105767, 47.37815182207516], [90.50581170882981, 47.39916228302091], [90.46619924496781, 47.40390895433876], [90.45691875044666, 47.4378906710129], [90.4723836823643, 47.46139621713445], [90.46619469757688, 47.4965617888064], [90.39578778727002, 47.546575743626896], [90.37361353028474, 47.60189572888311], [90.34408526042819, 47.63622485263355], [90.38223006584901, 47.64302771188799], [90.32932831638995, 47.68058949051065], [90.21415306511791, 47.70444038531762], [90.17768739998051, 47.724113652328064], [90.13255709325712, 47.72202360746953], [90.07333126952092, 47.776331705153915], [90.06778734238034, 47.819353676135975], [90.08379765013675, 47.86432867114072], [90.06347601345809, 47.88241412554622], [90.03826434257569, 47.87363251441986], [89.95781588605988, 47.88509964565879], [89.95535988944007, 47.842142900151885], [89.75910559358385, 47.83480428824491], [89.73259154539927, 47.89663937083248], [89.64832180629665, 47.912818846390046], [89.64278500673895, 47.9469147127453], [89.59291735629937, 47.97260925416797], [89.59661373982227, 48.01506387565858], [89.56638227878642, 48.03706171758764], [89.49525079008683, 48.0272875969381], [89.37791594875455, 48.04512937982451], [89.3563915390016, 48.025146998205585], [89.30539400483059, 48.0208374125962], [89.27896490825994, 47.99324881469764], [89.22847268216363, 47.979243284191874], [89.15315292067699, 47.9959527543638], [89.07485711772117, 47.98588977507437], [89.0416774310957, 48.008771062093125], [89.02388147940988, 48.05004030403895], [88.9509003623066, 48.08983945355303], [88.93616168166523, 48.114646710751295], [88.82151706964657, 48.10619264478071], [88.79434730381827, 48.13291324721805], [88.71855660742247, 48.159645250369294], [88.69765617431715, 48.18002810825401], [88.6657154337445, 48.17050922735128], [88.6356122974785, 48.18293325153742], [88.59870076748238, 48.22085742048889], [88.59192320460772, 48.259118222738735], [88.57219353917117, 48.27703129489388], [88.60300447494326, 48.337136712303206], [88.57095506479357, 48.35104531396162], [88.57033692935777, 48.36893460554911], [88.5326561680222, 48.36807141009817], [88.52028411329404, 48.402607190251736], [88.50048367813801, 48.4120825195712], [88.4590328292278, 48.39131174021535], [88.4349311514349, 48.39245624193271], [88.35730273974312, 48.43217479872299], [88.35976030502496, 48.45955189753553], [88.31489744754262, 48.47748249766877], [88.22626271319807, 48.497377414262345], [88.19354030453002, 48.49297752544403], [88.14842704440382, 48.52539442499285], [88.12680878432496, 48.52060770627316], [88.1052102956476, 48.5447529780276], [88.03813560848509, 48.54719781563248], [87.9700200565163, 48.575105564516356], [87.95835496928633, 48.598480067290325], [88.00744247007802, 48.61771603810258], [88.02339455515772, 48.6520577736471], [88.08609237194834, 48.693814515900115], [88.08732255430297, 48.71867772232757], [88.06085979053466, 48.71160039930389], [88.02584186065708, 48.74915095035503], [87.95834329547951, 48.77260505277976], [87.93561310404084, 48.75688458892068], [87.86907589721899, 48.79867171757922], [87.82336305755048, 48.799780262274226], [87.79988361941868, 48.82376082466317], [87.8258333621607, 48.824594276424335], [87.78876514284372, 48.84814849195633], [87.77765161796562, 48.8709531546005], [87.73881055499639, 48.87998295235952], [87.75667542964945, 48.92479338263768], [87.7906122200314, 48.926396274656476], [87.81099550886778, 48.94410605840638], [87.87338593698365, 48.94813349562164], [87.86844759170923, 48.96265649638526], [87.90852642612386, 48.978765700667964], [87.88078816509768, 48.992888355936515], [87.88016918623676, 49.022698636614926], [87.83199759777804, 49.053205911474954], [87.85485507747714, 49.072443292486454], [87.84126368031573, 49.088871891987786], [87.86411578180751, 49.107700070836415], [87.84249465861502, 49.144842078752504], [87.81715980283828, 49.147143175032454], [87.8177759965035, 49.17256293673138], [87.78997632492916, 49.181117285181074], [87.69695936452159, 49.17448428871684], [87.67299969158854, 49.15419419080307], [87.5140386166324, 49.14438801983022], [87.49238792375365, 49.13063223207225], [87.50847406641253, 49.100542323112684], [87.43305712784552, 49.07372100393456], [87.38499581124039, 49.0964146986395], [87.23567679475289, 49.11304088542008], [87.20855654557441, 49.13923656328464], [87.10923175155989, 49.15395011598978], [87.0846119070407, 49.13204242243579], [86.9968852899435, 49.14122608288036], [86.88515588705118, 49.13084801909076], [86.85124785972857, 49.108110578154715], [86.8469318962057, 49.06541656630147], [86.83335549239015, 49.05011099183486], [86.76919541223516, 49.02649338454748], [86.72918464045495, 48.993545538772864], [86.72734196306712, 48.958615280351886], [86.75503565007148, 48.89378222272548], [86.8185537345519, 48.84941474158122], [86.81608681924173, 48.83012498811446], [86.7673598888078, 48.80918948297525], [86.75134767721937, 48.78357657057111], [86.77784273319564, 48.730369031514925], [86.69970929121942, 48.66526222890348], [86.69050010135388, 48.64275616050259], [86.63831760060329, 48.62822760855632], [86.59220160200277, 48.57605504607521], [86.57741647341877, 48.538040892403046], [86.41308444174987, 48.48062129353841], [86.37798552053988, 48.49252180691062], [86.30240778607913, 48.491062390963684], [86.26736493598511, 48.45144594983378], [86.22300506247845, 48.4315998639408], [85.91398087553678, 48.437359364373734], [85.78867329325486, 48.41815995867256], [85.75535743026214, 48.40224617156778], [85.6925913441554, 48.334328121628204], [85.67539140222716, 48.26549731750662], [85.63115080907988, 48.23210509594048], [85.6194686588596, 48.20221410089364], [85.58436932952412, 48.19105549019917], [85.54857766677603, 48.12713968456623], [85.54919706988323, 48.08078187788497], [85.52880166919766, 48.04553812312501], [85.54425855846117, 48.00755017325393], [85.61519613753411, 47.54993830278584], [85.6121217940121, 47.49741206573371], [85.68219580841195, 47.428129043336256], [85.6987916108316, 47.38355773285493], [85.67298569469541, 47.32118551716362], [85.69818211476077, 47.28787431805178], [85.67974999491202, 47.222128620200934], [85.58010780349142, 47.142139576532166], [85.54430717440728, 47.096091876713416], [85.54307318971746, 47.05738793883774], [85.43795953110552, 47.062413400941296], [85.32288753740939, 47.04413740812186], [85.27373590529842, 47.06826153038766], [85.21091528029284, 47.04053914073688], [85.17265060148286, 46.997247793050185], [85.09985665342842, 46.96817730270076], [85.07893201778849, 46.93919197262306], [84.98443291738356, 46.91776036565961], [84.97707778785193, 46.88262942115341], [84.95254244217338, 46.86060858543969], [84.93166409259842, 46.86351182979513], [84.84664623976006, 46.95666409749458], [84.77874067926324, 46.9794125132093], [84.745458972969, 47.00918012525139], [84.56091085846427, 46.99139437035598], [84.50403167682776, 46.97248539154116], [84.42241696108367, 47.00820355485602], [84.3682014309621, 46.99271016990157], [84.33376995713188, 47.00459754073463], [84.28643566227224, 46.99407415963163], [84.19209573947612, 47.003029869419336], [84.1469793002415, 46.97683419876227], [84.08341641898095, 46.96454263998858], [83.9998291492891, 46.99002326611461], [83.94886630807412, 46.986899597642086], [83.9298058936875, 46.96979173582396], [83.76313797531208, 47.0263501398404], [83.69601659760146, 47.014973193422264], [83.69724547415926, 47.03169105289983], [83.57295456175892, 47.05873011405282], [83.56369493792657, 47.0803132503272], [83.53527203014333, 47.08351809242716], [83.45979569940808, 47.131353190433394], [83.41533523072751, 47.118255902119145], [83.36669038480738, 47.1776708164432], [83.32122711415593, 47.167175467684565], [83.30279986048983, 47.17900295623425], [83.25422707829757, 47.17255122600377], [83.21848989865786, 47.18636336711551], [83.20368258011192, 47.21317195150981], [83.1709655863468, 47.2175870354244], [83.15120726834955, 47.23542613528664], [83.02382892248995, 47.2147572804747], [83.02812503322768, 47.167589680014885], [82.9901230452211, 47.06470950010131], [82.9349161249563, 47.01388833763589], [82.9207866830846, 46.931861739691136], [82.87338314111601, 46.823492566668065], [82.87523432228694, 46.796878605111985], [82.82648800508704, 46.7722242430914], [82.72355772640793, 46.49437753623651], [82.51550523653302, 46.15337885594577], [82.45862004673936, 45.97915859268406], [82.39814869840173, 45.97159299248363], [82.33972356603796, 45.93461014688178], [82.33296764182501, 45.881712870043295], [82.34648817070834, 45.822054243097995], [82.33727452697768, 45.771981276455385], [82.2868906454782, 45.71566860466091], [82.28566394604825, 45.65461210264009], [82.26351938531933, 45.619476538883546], [82.27890569974652, 45.53818472552895], [82.54397436969138, 45.425441616567944], [82.59825053686485, 45.34564083409605], [82.58470587561254, 45.22355030103523], [82.56003817067082, 45.204137715420764], [82.48401110188516, 45.180332371794336], [82.34160415104027, 45.21819454040814], [82.29121737525173, 45.24693821933054], [82.1061908138676, 45.21055856114884], [82.0877038837638, 45.22151584994378], [82.09263030364768, 45.24890179164578], [82.04956614855172, 45.25484495041374], [81.91817194682025, 45.232838584096044], [81.82935163941336, 45.319082836536175], [81.78488820002903, 45.38292960184418], [81.6741035313975, 45.35398358927422], [81.6421605716926, 45.35866846558539], [81.58001798729673, 45.33599710199138], [81.57262043958762, 45.30738173472383], [81.5337298714928, 45.30352504783018], [81.52569722530978, 45.285405460609326], [81.4595528245731, 45.26332310970331], [81.43423863099079, 45.28180022540663], [81.39541740777723, 45.274616080431635], [81.37880894336634, 45.25693806246064], [81.32476005655404, 45.25997013882057], [81.28177839032035, 45.23813862007379], [81.23380004251003, 45.24658516511954], [81.17214078263953, 45.22712183984945], [81.16720482269173, 45.210254562404664], [81.10862676877898, 45.217338443720784], [81.07786447805445, 45.18192773772533], [81.02201809735485, 45.16221148261337], [80.93312320946585, 45.15991577022633], [80.89562316021852, 45.127026186083675], [80.85988911308068, 45.12657469603908], [80.81423498191842, 45.152238679442114], [80.72921249282803, 45.155550495532225], [80.68375516822245, 45.12860514656115], [80.59712941980196, 45.105505390566925], [80.51691658184619, 45.10833626400414], [80.49156695737827, 45.12641541541541], [80.44336594413649, 45.097160175523406], [80.44151438362967, 45.076882359913], [80.4020503807508, 45.048533362895085], [80.35591432509605, 45.04011763241494], [80.32581086248737, 45.069333420097685], [80.28956126646231, 45.065171933149635], [80.24156037528834, 45.03096779835413], [80.1934426348918, 45.030073941821314], [80.14218008674463, 45.05830453282133], [80.1335377611752, 45.040539852921896], [80.10947579518779, 45.051928294510596], [79.88572544416508, 44.90884246680314], [79.96692650725443, 44.87738648525587], [79.95157604996051, 44.84901399639167], [79.98963271676892, 44.82982119300678], [79.99699686026594, 44.793297618142596], [80.11318492892063, 44.814762436761534], [80.16750984946367, 44.84411710116899], [80.18542199602211, 44.82505823713623], [80.1761587538526, 44.79617992020784], [80.19839187073723, 44.7562974817861], [80.23664094612401, 44.7223380520996], [80.3110813253236, 44.7044140637733], [80.39775499070763, 44.628123710865744], [80.40945935876854, 44.60469987221992], [80.34794668080772, 44.48405855312888], [80.38053108028458, 44.400699219614296], [80.41070442863746, 44.264127571809524], [80.39838662298078, 44.19807876092189], [80.40454686490294, 44.149138618529484], [80.39161737165719, 44.12637263222558], [80.44710702434185, 44.07741753581885], [80.4551391235955, 43.98060154335552], [80.48295101374067, 43.955256590964154], [80.47306106489054, 43.93755961585246], [80.50891894603761, 43.906191582933616], [80.52004858998481, 43.816027146464236], [80.75265098587653, 43.49383109911605], [80.7588093223909, 43.44607151126791], [80.74403629704274, 43.43868524905069], [80.733579810897, 43.38914872688589], [80.68381448836881, 43.33354445892933], [80.6905687126813, 43.320042355034445], [80.77483166160765, 43.30781047345294], [80.76682328580955, 43.26513311457181], [80.78654590307087, 43.24206301560372], [80.78716388426446, 43.20152921026809], [80.80196516370637, 43.17800283183765], [80.79209846976792, 43.13697497892594], [80.75020014806626, 43.14785179956927], [80.72989823460931, 43.13083754184163], [80.64882337676028, 43.147115061799624], [80.59103042651319, 43.133203075881696], [80.48050669490104, 43.069213773804485], [80.41444415893892, 43.05641522871703], [80.37627296276058, 43.03107098855154], [80.39534996269218, 42.99651241043392], [80.48483716715361, 42.9485187866983], [80.58918850031333, 42.923341663329495], [80.60088656510611, 42.89442955405732], [80.50153200156988, 42.88198920936184], [80.40459286437246, 42.83444574687956], [80.27794936733694, 42.8381263353292], [80.26010611030048, 42.82849131905971], [80.22622314647734, 42.69278511354383], [80.1774636934912, 42.670288871808914], [80.16140655041214, 42.62977919286289], [80.21944389040672, 42.53339781981875], [80.26319257064068, 42.50209586638629], [80.22376218836607, 42.485765949849196], [80.20402034931674, 42.431444094965784], [80.23732870628938, 42.38994330622284], [80.22684955112621, 42.358547479044574], [80.28165492605233, 42.32048953770654], [80.26996873724255, 42.28199036214065], [80.29026444876705, 42.259822554672326], [80.28411639495035, 42.23324679771316], [80.166361149065, 42.200370287888354], [80.1614213571806, 42.15245309051625], [80.13734073529717, 42.151081285097646], [80.16574664548106, 42.09652018211307], [80.19106626210997, 42.08146216250952], [80.13981288349375, 42.03470391951836], [80.08739883284461, 42.047117672924976], [79.9215298639919, 42.04259044005126], [79.8506291936032, 42.01543220938886], [79.85248258774469, 41.98429307615491], [79.8203672524858, 41.963318538105455], [79.77406787913277, 41.89243293012151], [79.63871814567277, 41.88499818129849], [79.61473199456022, 41.856496661539225], [79.54876821120449, 41.83415984305446], [79.45480749803063, 41.847733378022085], [79.41284501857925, 41.836523001939625], [79.35377483831992, 41.79551554618122], [79.32367248000845, 41.8094046833888], [79.21477787824136, 41.72553933153582], [79.13578568079534, 41.722728026259674], [79.10680889108382, 41.69722893904045], [79.04101109802752, 41.68120075628874], [79.01953547402942, 41.65711101343327], [78.99193752169005, 41.66434946487222], [78.95574171650163, 41.65148055391982], [78.82331526727688, 41.56015493079301], [78.69454852839756, 41.54175437596927], [78.7049978567145, 41.52202391997883], [78.64846632843398, 41.46743605035679], [78.5789174150325, 41.481831501356986], [78.52518946735378, 41.44092090607449], [78.45221470191491, 41.41200020777403], [78.38928399138787, 41.407905316212826], [78.38312689414126, 41.39444124599563], [78.33576070216331, 41.397202813108386], [78.32223692542286, 41.384209158822536], [78.23297517403397, 41.39911073880393], [78.16133186716446, 41.38329410431712], [78.14712099193437, 41.36800066337108], [78.16256917376622, 41.340626534252436], [78.13415111308585, 41.27899874158731], [78.1267426639745, 41.22815451128602], [77.97048271230449, 41.173026654241205], [77.90280955584943, 41.185293269862456], [77.83366712668985, 41.153240051444605], [77.81203851957304, 41.134274379815885], [77.80462544551861, 41.09188475133728], [77.82687133968051, 41.05944861135426], [77.79350708969349, 41.04901253965993], [77.77807015744753, 41.022815305949734], [77.73490250208401, 41.03228164289683], [77.68198541069732, 41.007971752502264], [77.651859162743, 41.01615658720543], [77.59462043900999, 41.00538042964265], [77.58907372847302, 40.99228286829552], [77.53783214866561, 41.00666423054152], [77.47350857885877, 40.99925885148362], [77.47103394939622, 41.02273118856873], [77.36003395456548, 41.04071089356517], [77.29366159485055, 41.00471466470327], [77.23396031556614, 41.027776549891875], [77.16608451592636, 41.009172546643185], [77.10500365902718, 41.03798235819604], [77.08837378895741, 41.06234939391986], [77.02017087397869, 41.059309038750285], [76.99931394057744, 41.07335574935555], [76.93794350950778, 41.02884370560597], [76.88317193665429, 41.027518857044235], [76.85109950105765, 40.97645242585457], [76.75915846277732, 40.95417788352981], [76.73883452910586, 40.9121349658323], [76.72899001960872, 40.81891704403283], [76.69086981547957, 40.77955288813316], [76.64417372441396, 40.76015094025184], [76.64417437931164, 40.73702770733084], [76.67428305279424, 40.69614579298901], [76.65216550080103, 40.65306475200294], [76.65462455179707, 40.62035660027278], [76.60850749067353, 40.60178740566568], [76.59865728655826, 40.57906351433445], [76.55425951034073, 40.54264571724422], [76.53696535408709, 40.46431590119327], [76.50605445223762, 40.42960548933371], [76.46771378495008, 40.4226580952728], [76.43929226076939, 40.3911381909494], [76.38749662804481, 40.37742426452292], [76.37887796475795, 40.39065650194939], [76.33029887684965, 40.343285960211595], [76.32476498103246, 40.39119740576873], [76.28049509108547, 40.414980422742566], [76.27680217787542, 40.43913983878291], [76.17318658559093, 40.38117543752432], [76.0781614151584, 40.396135719213945], [76.0455609112829, 40.38843132737893], [76.0455620150553, 40.35695590022526], [76.02344685652577, 40.35518573516605], [75.98354274315231, 40.38176397300836], [75.92947488173293, 40.33945812405614], [75.91901525939312, 40.29152938484129], [75.88759375052763, 40.30934728765062], [75.83759511686952, 40.312479923218255], [75.82832902600147, 40.32752924190219], [75.78263178864927, 40.30097191269648], [75.7363919396972, 40.29912525695983], [75.70623838720076, 40.28088314972349], [75.6853326048179, 40.34392882616467], [75.66689446248772, 40.36404115849835], [75.68348601648024, 40.41827590129998], [75.73022904882565, 40.47425413243743], [75.64353377874441, 40.51673073400533], [75.62816144686035, 40.54905781737222], [75.6336932917144, 40.62450995484753], [75.59676915028778, 40.659966350391656], [75.54742489625588, 40.64901969371406], [75.46459391433118, 40.59972986455048], [75.42878091839444, 40.56328996904246], [75.35244824365327, 40.53784174955353], [75.28917416589108, 40.483793624480676], [75.26581076850545, 40.48381959278069], [75.2393436561898, 40.44875396978472], [75.13201469576086, 40.463178630842584], [75.0993515712076, 40.43991841872058], [75.01886209818691, 40.466919095254305], [74.992494368051, 40.455154886433775], [74.8418078084027, 40.5212906709181], [74.8165046776422, 40.50576944304046], [74.81218538180886, 40.46113807167744], [74.79244078400505, 40.443337575545975], [74.90591748417813, 40.339052014442856], [74.86032293983956, 40.32670051968208], [74.82206345511544, 40.34443527105287], [74.69763198681186, 40.346219235733464], [74.69517490790929, 40.31016166854058], [74.67060245481778, 40.27869156798704], [74.61590613440536, 40.27969231419577], [74.57464276846389, 40.26050207696108], [74.5320469054182, 40.207853423408096], [74.35369982648638, 40.08905126121059], [74.31374471903527, 40.10653388173968], [74.27807856072111, 40.09788657442117], [74.26022673316308, 40.12492502695535], [74.12320010238685, 40.104154006070786], [74.11024282028305, 40.08627488914009], [74.02040106868421, 40.0850144210412], [74.00505180306983, 40.050684160209414], [73.94055616799888, 40.01600618125327], [73.97742422583343, 40.00444876044551], [73.9079373201705, 39.934348956277766], [73.90424282225206, 39.87370549541417], [73.84253137892613, 39.8308907329081], [73.83882635140343, 39.75588149482045], [73.90301386865957, 39.741671416447], [73.9214915989964, 39.72185678636592], [73.95101907272428, 39.59965088067104], [73.91349105935802, 39.58632589748566], [73.91164378230194, 39.563713842533076], [73.88082085036805, 39.54062922745845], [73.89069033503397, 39.52770634489104], [73.86539316134042, 39.48241722728537], [73.74253062491631, 39.46146365598731], [73.6471, 39.474479], [73.61076, 39.465702], [73.592898, 39.412087], [73.502355, 39.383877], [73.554094, 39.350102], [73.554709, 39.295935], [73.542391, 39.269531], [73.564564, 39.266288], [73.580579, 39.237555], [73.623079, 39.235237], [73.639709, 39.220402], [73.657571, 39.166136], [73.68530286358079, 39.15448423807167], [73.71667650656607, 39.107551820483756], [73.71729315949243, 39.07132269058057], [73.74007920380268, 39.02901750055244], [73.77707957061209, 39.02624254736778], [73.81722199955, 39.04117839974466], [73.83699400403567, 39.007743208745474], [73.84379161605254, 38.96170615143489], [73.8234046402159, 38.91652198057958], [73.7647412947946, 38.94064520092744], [73.73946596724485, 38.93319383095121], [73.70622218930343, 38.89271487400195], [73.69638119246446, 38.8573245776451], [73.72653434673833, 38.83678092319498], [73.76598016902534, 38.7752247405469], [73.75426389247909, 38.71921203952638], [73.80611333942578, 38.63376950838823], [73.79623136441118, 38.610374273486144], [73.8493608398803, 38.583805648173815], [73.89626489733787, 38.57870461595695], [73.92336964968214, 38.53563179075854], [74.00878025238279, 38.524184767372276], [74.03150435539958, 38.540976769172886], [74.0874834072446, 38.54135812942714], [74.06531721350814, 38.58490015207563], [74.08501696279384, 38.610140855743545], [74.109672499292, 38.61060969046084], [74.1448545120069, 38.67609267738134], [74.22698497619044, 38.65565945542329], [74.4190087692445, 38.64707339531478], [74.45296065354145, 38.63216734884446], [74.50365108831696, 38.63698189924135], [74.54444254962232, 38.607164342066866], [74.61102375633808, 38.59271438540865], [74.63746770269253, 38.599232691238676], [74.7148907049063, 38.5415432601208], [74.78200805893404, 38.53779868733307], [74.81902764983475, 38.490556068236366], [74.8603701606141, 38.48359950918636], [74.86592207171584, 38.4034384909381], [74.78694773563221, 38.32398309882068], [74.80422186906117, 38.28501796632809], [74.79064922967578, 38.27042879072722], [74.81409695592046, 38.214984495725275], [74.80175653411685, 38.16649631456472], [74.81903732391989, 38.102483027191106], [74.87702838611654, 38.02055201510121], [74.92319862879407, 38.01677511073625], [74.90843871316532, 37.96629995411808], [74.91643732363643, 37.907745598293104], [74.93426526231032, 37.875596905027514], [74.91459337895667, 37.844424792315834], [74.98705083081306, 37.79698479742683], [75.00361002178208, 37.76996685383374], [74.92074701689606, 37.716674869080514], [74.91828776340503, 37.68399895045461], [74.88936022540558, 37.66742476758114], [74.93795943711282, 37.55834757035723], [74.99809732114159, 37.52972029647398], [74.9993245299938, 37.510731255165794], [75.03245042069115, 37.49971759365652], [75.07544839160269, 37.510084170531606], [75.08775283504225, 37.485864156756925], [75.12656296166074, 37.4583371600269], [75.15000391423386, 37.41323478756858], [75.12286650462372, 37.3870527323061], [75.13705007717775, 37.354261489141166], [75.12286847578795, 37.321421066888895], [74.92444551884593, 37.27703126622471], [74.90845547486016, 37.23275956354712], [74.81350396307975, 37.215978011776855], [74.79746087415094, 37.24738682694358], [74.75122663784275, 37.28019714566472], [74.72476174687148, 37.28211142665308], [74.66330556454591, 37.23506972326324], [74.6399552907867, 37.26082719865464], [74.59627902474165, 37.2575338326192], [74.5759450264102, 37.230856590451836], [74.54261996017182, 37.2484265123036], [74.50863048294647, 37.23928860007252], [74.47462787874522, 37.198696656342335], [74.4851384254564, 37.1610733003408], [74.46226777318105, 37.14623106607487], [74.49379524994202, 37.115320093952704], [74.49626867887339, 37.07143078866945], [74.52779572377018, 37.08154325315286], [74.56546447066393, 37.03197281926748], [74.61474922287935, 37.04296554201281], [74.63012391974866, 37.06586391913258], [74.70631983801438, 37.08386665430738], [74.73645807773501, 37.02750762205132], [74.79006297767336, 37.026582039499424], [74.80425187097546, 37.05381915343223], [74.84436323238508, 37.05627881013194], [74.84127871250429, 37.012821248027045], [74.86718798844429, 36.98992991098091], [74.89122451235231, 36.93928726253071], [74.93613038077196, 36.94260398919369], [74.92506709970034, 36.97751184599873], [75.00301733258203, 36.99404464181259], [75.02939536235573, 37.015942937966074], [75.06009620539545, 37.00536825429073], [75.1691450943252, 37.0130719629779], [75.16544263864395, 36.991090667175826], [75.2419133672737, 36.96251756971817], [75.28559651978216, 36.97395948702875], [75.41040728768796, 36.953727651898966], [75.39316307463979, 36.90351765399988], [75.42705669123986, 36.87243612321949], [75.42274197354634, 36.77809941542405], [75.45545530712056, 36.72015465647664], [75.50180822601601, 36.74281835490743], [75.53394937196904, 36.72948324563287], [75.53456613651244, 36.77262478289743], [75.58578866135728, 36.76215760198827], [75.63134476959068, 36.771237724051986], [75.72111175305302, 36.75000094310559], [75.86856906328508, 36.66621683969561], [75.94433625699688, 36.590323826362116], [75.92157752551648, 36.565852627498295], [75.9891800352447, 36.50512078199767], [76.0321668926432, 36.40873008920441], [75.98856997117716, 36.35151735016528], [75.99593928467597, 36.311473794656244], [76.05245230836451, 36.25197374190293], [76.05798802833421, 36.224444682769104], [76.0088340935268, 36.228428369313455], [76.0137484468101, 36.164646819383954], [75.96523985217176, 36.15850706464212], [75.93389355467788, 36.13440371037267], [75.94680799526685, 36.06956471837782], [75.97998208052127, 36.03075700843952], [76.02542089383093, 36.01609666913841], [76.04139387893281, 36.026224223078515], [76.09431472039694, 36.021802424805465], [76.16220022294254, 35.908007875150616], [76.1436745214048, 35.83908901187539], [76.15726177669072, 35.82358095854531], [76.21900917805215, 35.82270951823805], [76.22579439708359, 35.836306295139394], [76.29599988678466, 35.84063904876184], [76.36301790543743, 35.823533040880434], [76.36670716596362, 35.862352096221905], [76.42893266594007, 35.85070359176921], [76.46907870201436, 35.885230378494626], [76.51297599027926, 35.88050792083361], [76.55560681765931, 35.92279979348468], [76.59507352118933, 35.8951948080265], [76.57720092108717, 35.86608399625683], [76.58521625428725, 35.83988543941267], [76.56363225417192, 35.81850909355206], [76.59137941833673, 35.77142877414193], [76.69038683822642, 35.747007284186054], [76.76669961320981, 35.65313366715353], [76.84629706903829, 35.667361348766185], [76.90424997061291, 35.614386878841024], [76.96449102816581, 35.59093485758386], [76.99517386069502, 35.610313786644326], [77.06947360791072, 35.590179966651576], [77.19279509073462, 35.518226046402965], [77.30488876193662, 35.53965055074941], [77.39405672034678, 35.46692156077659], [77.44895458558162, 35.45966141811403], [77.5163416136522, 35.48129310892347], [77.63723926332815, 35.45408800529103], [77.65507439443547, 35.47696819493155], [77.68828050774727, 35.4476575443773], [77.7332058183028, 35.460763747165345], [77.75539002756439, 35.49633938796109], [77.79488531651057, 35.49052905512953], [77.81403401186166, 35.51784617847488], [77.85419050432492, 35.48673474154699], [77.8683918991362, 35.49455105742011], [77.91279605240213, 35.464348840790336], [77.9152596620804, 35.490179274865675], [77.94910477890114, 35.47794629077097], [78.0074705977944, 35.490941765658455], [78.02712861841849, 35.468466281719095], [78.04618166472655, 35.4903517301415], [78.13800685780798, 35.49374223459369], [78.11146461056735, 35.46593292568006], [78.10468057292856, 35.436189887297076], [78.0111579129765, 35.365113517090734], [78.01484667421224, 35.22737232374454], [78.05787419761195, 35.17935253813211], [78.06033582664398, 35.11378706940533], [78.0763404177044, 35.09908180232969], [78.12257994896066, 35.10740904202497], [78.14851567241308, 35.06876622871352], [78.12072974399217, 35.03590976634794], [78.15840119668155, 34.9898995432645], [78.19979034936901, 34.97379493597527], [78.18002550013196, 34.93599944005487], [78.20411386797315, 34.89089795162993], [78.23558651373887, 34.88160156159429], [78.228804055718, 34.775497360862715], [78.21214207116148, 34.7597500357133], [78.21090912290437, 34.716964024835825], [78.26517070641474, 34.70468262758278], [78.26332385467803, 34.65054394386585], [78.27871731219832, 34.62246176016216], [78.42520123387034, 34.59323898710231], [78.43384339851315, 34.54297592601122], [78.49069433890133, 34.57761747436823], [78.5407678540418, 34.573813784899684], [78.5580593037499, 34.55659561408755], [78.5611465011384, 34.51222045815828], [78.57965339840068, 34.50484233614305], [78.63322029135286, 34.537370732798955], [78.70636556510873, 34.52146169159408], [78.71312980123406, 34.50122943953995], [78.75683352622924, 34.480977870562924], [78.74081997109904, 34.45383237368553], [78.8074041666952, 34.4321666558597], [78.8765133379896, 34.39078920618507], [78.89808066927364, 34.3542328077353], [78.95710937135112, 34.38529434079577], [78.9712290369812, 34.362032047259895], [79.03750124808602, 34.33366484180017], [79.04671205440134, 34.347486224740095], [79.00865556935622, 34.398979836688895], [79.03688557170173, 34.42063370836082], [79.07006321659443, 34.41168208294701], [79.15941419825941, 34.44037797177354], [79.1773119100221, 34.421647587146225], [79.23959939948972, 34.414316854898225], [79.27222408590943, 34.43504686753158], [79.32447030355519, 34.44237167010344], [79.36072739544942, 34.4269999442253], [79.50258359333463, 34.453826657529895], [79.54336845458504, 34.47565375178781], [79.57916082119002, 34.45547080408709], [79.67391390861084, 34.45043971218945], [79.69788764361839, 34.47704969574337], [79.79954172337844, 34.47803589837293], [79.85943027432998, 34.5274727639365], [79.84152733690904, 34.55653385290747], [79.88410564218844, 34.64231683956385], [79.86498268754293, 34.6708521367761], [79.90505864669804, 34.68318008682033], [79.89643176793302, 34.73139541849307], [79.94566459574688, 34.82031743891988], [79.92475555221412, 34.84883845072016], [79.95918144290454, 34.86203406231338], [79.99479484758808, 34.855549966388054], [80.00154605431548, 34.89431149276873], [80.03224456685977, 34.90109328191836], [80.0396146517307, 34.94228789033602], [80.02180349412467, 34.97028675373028], [80.04145628813424, 35.021214155064754], [80.0291707385094, 35.0334935061198], [80.07588853493398, 35.07552989742418], [80.11593292877188, 35.06524552171201], [80.22825396553444, 35.14666976873332], [80.22146982899237, 35.17650349033658], [80.25597906534198, 35.202432654550655], [80.36049938693732, 35.20765500473433], [80.26582685002839, 35.29478718943458], [80.28489720839612, 35.35189349106429], [80.31931957900368, 35.385995059373904], [80.37279411519621, 35.38688123654624], [80.4306884749108, 35.448339262260696], [80.44241262458105, 35.41617372751786], [80.51284067881076, 35.390994919893174], [80.53075653526454, 35.403728123335476], [80.56655362595599, 35.3906267589203], [80.59797553360606, 35.408695446390276], [80.65453718614302, 35.393021901338486], [80.68893106464529, 35.36368035260309], [80.68708971207599, 35.33830264439265], [80.84227261175221, 35.34470672728131], [80.89219676073468, 35.32328484334104], [80.92234094537098, 35.33010880514571], [80.9616429979725, 35.31001801271769], [81.02358151736914, 35.31032535737693], [81.0002788126439, 35.33383075965431], [81.0284885547667, 35.336189400400905], [81.02910092095831, 35.379625353742306], [81.05180795308287, 35.401526804288125], [81.09668243789541, 35.406361711760994], [81.10099234884702, 35.384897253627415], [81.13981168482655, 35.363951250674965], [81.18915745577432, 35.36452718380225], [81.2169044252805, 35.31819297924003], [81.26369827495274, 35.32162175017358], [81.2827571977377, 35.344548240562645], [81.31163238724334, 35.3362033403031], [81.36077133080543, 35.35368791251398], [81.38290517156832, 35.334137548838974], [81.43834746249294, 35.332211677948024], [81.50196789564409, 35.27816810072373], [81.51062071424062, 35.234216459016935], [81.68370123063393, 35.234728403744604], [81.73412862078507, 35.261541136502764], [81.80194463568405, 35.2698925024214], [81.85133516521833, 35.25776617189188], [81.92529635562326, 35.270497311263014], [81.95295990996058, 35.30659373037864], [81.98857454100562, 35.30454381768981], [82.02724870849094, 35.3205432929868], [82.05059322335241, 35.349291985009835], [82.02663231358363, 35.42497084495626], [82.0315439710434, 35.450800871766894], [82.06842212421772, 35.44926691109003], [82.18683982124352, 35.512241684874276], [82.23188083621923, 35.519605190087745], [82.26083527933898, 35.54688106642086], [82.29651791073326, 35.543919777571936], [82.3254064276057, 35.55847631095083], [82.3475311414498, 35.61003424518308], [82.33339283540403, 35.65044196874587], [82.38997324752354, 35.655230861283236], [82.42201319337305, 35.711641599365585], [82.4658447935833, 35.71658360461672], [82.49922229953597, 35.70015231624239], [82.54371354986723, 35.70756291430596], [82.62628318105267, 35.691557827266976], [82.72892444607086, 35.63692636646868], [82.777580675231, 35.6651472496749], [82.79238034475144, 35.687534728650384], [82.87135417098958, 35.68815156199592], [82.89230718609522, 35.67309227284708], [82.96484951599376, 35.66667840953154], [82.95380084441683, 35.63557538344453], [82.97896547740457, 35.599014217776336], [82.9691495578519, 35.54743541305971], [82.99614590694321, 35.48353679367267], [83.06490106394068, 35.46143332940026], [83.08581485642264, 35.4243588786346], [83.12401052399365, 35.397546009086525], [83.17522381520713, 35.388361126150535], [83.24860467821682, 35.416733682022524], [83.27752913144569, 35.400131811419506], [83.44615118550897, 35.38098153967948], [83.49992323920408, 35.35965304612749], [83.53763299926408, 35.363173596311], [83.53886958443489, 35.34072436581007], [83.59687034475813, 35.35055460751308], [83.61965470751986, 35.33443260103235], [83.67500311813703, 35.36021249670393], [83.79512547492418, 35.35382158641484], [83.88281621848658, 35.366646808828634], [83.9037786043581, 35.40226944096124], [84.00338405373611, 35.42157349456801], [84.07469277763862, 35.398977802819786], [84.09317372922793, 35.361397603066386], [84.13821205331399, 35.37802377390914], [84.15797713089829, 35.35853649744619], [84.19812747921243, 35.38007971043366], [84.33055430419293, 35.412701455298986], [84.45067927688864, 35.472158574905315], [84.47354341400688, 35.51509680920496], [84.4463526092917, 35.54912687558324], [84.5680915943674, 35.587404361134894], [84.72681034032054, 35.6125494832332], [84.97136482502303, 35.708423268318604], [84.99222503658999, 35.73606396462213], [85.05052845035895, 35.75096810335735], [85.1435048220966, 35.741247268760794], [85.26866832433318, 35.78800930561795], [85.33873699469002, 35.75243958995686], [85.37131786688914, 35.69893136461334], [85.51633288789553, 35.679703927820945], [85.5638950619048, 35.63944181614916], [85.61073312906285, 35.65064695634211], [85.65071192136251, 35.73032891876773], [85.68882052432805, 35.7501782185361], [85.80896596096278, 35.777868164532045], [85.94707267356485, 35.777937598311574], [86.03304177756745, 35.845665360660654], [86.05086083957637, 35.841742617287764], [86.08777511184604, 35.875663032458206], [86.09085404491454, 35.90573204476121], [86.126612161317, 35.94065621748379], [86.14821249205824, 36.00318963776354], [86.17105987874524, 36.00710545207109], [86.19760918225062, 36.04685434572113], [86.17970314991845, 36.06376246179908], [86.18525887895554, 36.13004309915616], [86.2463284629023, 36.140742495260184], [86.27710940420928, 36.16972618306415], [86.35579242457183, 36.16765972178588], [86.39024019054928, 36.20579158118582], [86.452517650217, 36.22033779688595], [86.51307837381064, 36.204567844172075], [86.52976080119193, 36.22634688882702], [86.59699211618415, 36.22160897792596], [86.69717312296838, 36.243675838895726], [86.7439045393459, 36.290926308358316], [86.8610531495623, 36.29927957256943], [86.88509150923866, 36.26214951136658], [86.92877655088346, 36.26454763290047], [86.9416761801719, 36.28334650262643], [86.9938276983573, 36.30781406102565], [87.04904116844, 36.295603814057095], [87.08345506615667, 36.30954799184531], [87.14629786895175, 36.29656848114871], [87.15863531087918, 36.32456410447963], [87.1907174641477, 36.34824825152695], [87.28924273094587, 36.357908485211944], [87.34514493322865, 36.392020832745246], [87.36050552954319, 36.419451635147], [87.38387306695378, 36.41172032754175], [87.42390719764951, 36.424731294875684], [87.45723310714038, 36.40889764469042], [87.46773690750678, 36.35351171724424], [87.56782146906295, 36.3417111686254], [87.72901066333722, 36.383957473710474], [87.76474292418091, 36.373837449435605], [87.8233779687721, 36.39078428809901], [87.91714440256763, 36.39279677655412], [87.95588718097467, 36.4076669553141], [87.98045401340546, 36.43697507906533], [88.13178670358904, 36.42617052747425], [88.1799545584274, 36.45176914431403], [88.22008230235942, 36.44653332369205], [88.2391989042839, 36.46772351122951], [88.36346824834446, 36.456973681802275], [88.3542423783943, 36.476238432024275], [88.46829614583727, 36.481108402861324], [88.49611886431462, 36.44557269511395], [88.57087363902173, 36.46066859781497], [88.61584683979116, 36.427455350239036], [88.62138596380194, 36.38891719099511], [88.68777028414237, 36.36712102419716], [88.7640773039237, 36.29135995341001], [88.78134115331875, 36.2908931457058], [88.80046551589298, 36.337219442402144], [88.92378965414653, 36.36385237493252], [88.96188690579429, 36.31798114159199], [89.01097980819635, 36.31446113205456], [89.09949032782087, 36.28006448316286], [89.12414751923242, 36.253537599477006], [89.19636231921945, 36.25945036376207], [89.22967198563077, 36.294714100795545], [89.29000973400991, 36.230494780183705], [89.37300798434181, 36.226974520013705], [89.48779066036766, 36.15029604459052], [89.76457786250707, 36.07294296684299], [89.91214072736838, 36.078438346835995], [89.93923060693245, 36.06679394480618], [89.94291991587475, 36.1398225715604], [89.99577149950632, 36.16723527053886], [90.0178848131418, 36.2125815845163], [90.02587080470312, 36.257460901632264], [90.00129683348871, 36.27780270912151], [90.04123691692061, 36.27576141504186], [90.05599844022768, 36.2544962247438], [90.14355695707432, 36.238088779391866], [90.12811686519758, 36.206678697651085], [90.19607894689545, 36.18650477233944], [90.23497188613399, 36.15948597361874], [90.32363323107543, 36.15843142887237], [90.42214725642735, 36.132723380594975], [90.47651699074669, 36.13089831417881], [90.53341321044374, 36.14701448029139], [90.61176649020271, 36.125819482519255], [90.65789743171021, 36.13397639742486], [90.77481793228522, 36.0855042524845], [90.8143135607008, 36.03474607499129], [90.84888564051181, 36.01592631650615], [90.92161503841315, 36.0280690942615], [90.9775216986652, 36.10586470215815], [91.0794634104976, 36.087240206288065], [91.12320110329985, 36.11433458468424], [91.09054048128651, 36.16266542014511], [91.09423275909221, 36.218706109408274], [91.04994703531848, 36.237102536965054], [91.07084487923919, 36.29787729367847], [91.02476731022024, 36.32257028486472], [91.049941328309, 36.432854562729915], [91.02660558435171, 36.44205746331141], [91.03826984468222, 36.47379398877926], [91.03396967916943, 36.52864120846429], [90.90375280815343, 36.55969729230696], [90.82973480584018, 36.55721089851191], [90.80936024189975, 36.584564391324335], [90.73967759452813, 36.58498649991857], [90.72059584998553, 36.619103185712106], [90.7292100298572, 36.654622061230015], [90.70460277416183, 36.658010051398925], [90.71936283904276, 36.707888162665704], [90.75322540308001, 36.72034074824375], [90.72551533362402, 36.754868986222846], [90.7304365612974, 36.82480806750152], [90.75692015445289, 36.82480266155062], [90.85256723908591, 36.91442708512595], [90.98240969279641, 36.912417426774816], [91.03518613556265, 36.92852354801324], [91.04992551885077, 36.966254421294465], [91.12502551527895, 36.977213801555166], [91.13181054671115, 37.00636548636924], [91.17933703761719, 37.02411807245031], [91.2145136939585, 37.00888966239407], [91.3019416806556, 37.01124747965355], [91.28964514724532, 37.04135188355679], [91.30193962512223, 37.081904753788734], [91.28472443548844, 37.10387925457525], [91.2785716783487, 37.16254369985611], [91.1892086108859, 37.20444401996712], [91.19291043609928, 37.27255520781596], [91.13303379297231, 37.322898113534215], [91.13426686931756, 37.35429396266984], [91.11144878174265, 37.38565310076198], [91.09789077687044, 37.44647815635461], [91.07142411327312, 37.4745157934437], [91.01798290753936, 37.49172455098154], [90.9566133854989, 37.47670572148621], [90.91050163778729, 37.51855276360037], [90.86427678280741, 37.52944528666564], [90.88092838048595, 37.57453660857542], [90.77600934292734, 37.64738975076512], [90.64248907598845, 37.69584656022385], [90.58523523890734, 37.70204301901049], [90.5778348215414, 37.719558564315854], [90.51791305125751, 37.72938299561302], [90.51480685385118, 38.20605115852899], [90.52964569287505, 38.31890428910259], [90.35985374602774, 38.298936847790976], [90.35062852890309, 38.23220746827095], [90.2786605275411, 38.23703367688601], [90.13545507907223, 38.33933433003558], [90.17747157751558, 38.39572677226412], [90.12742352341043, 38.39892707023928], [90.10952251717805, 38.41767344570796], [90.10952033554013, 38.476740458711454], [90.12865523784927, 38.493156212868385], [90.31310555636887, 38.50073947395381], [90.35123438279652, 38.4809924202448], [90.42515806179127, 38.492671912449374], [90.46345945511086, 38.52084438322383], [90.46160439111452, 38.55548333954147], [90.52407333185339, 38.56034080488778], [90.5592974774778, 38.59270297684008], [90.60739415885075, 38.593664833441785], [90.60493119495565, 38.610036650731615], [90.64430890985494, 38.634307119272854], [90.61785775710216, 38.66378708423046], [90.65844595764416, 38.673539986362094], [90.72300022144982, 38.657078680209295], [90.99094992154109, 38.693989882899096], [91.18669293892374, 38.72985406398606], [91.24097281115786, 38.75138649224803], [91.29697142224909, 38.74527676200092], [91.44468296959165, 38.81234833531258], [91.67970789084511, 38.85171522239588], [91.69323257509498, 38.86520300184142], [91.87826700419104, 38.883488547666296], [91.87950072606263, 38.898393781005296], [91.9650638972225, 38.929972264223686], [92.10706605330039, 38.962265266438884], [92.17188676550153, 38.959562806874025], [92.19659180975503, 38.982402720549246], [92.26257690215718, 39.00104686047299], [92.3787997444999, 38.99854740580389], [92.4145210223446, 39.0092355247675], [92.40897305991982, 39.03712573273293], [92.365263986174, 39.058063192523875], [92.36464785550936, 39.09476261144105], [92.34251345063329, 39.14493928322175], [92.33759431780946, 39.23539399311916], [92.5244777904973, 39.36757380218695], [92.63850069594426, 39.51326975698977], [92.74420154227397, 39.86744789004706], [92.79534287471003, 40.153256735388624], [92.90572393581128, 40.31020900464116], [92.92724280341521, 40.5721891290083], [93.50454864215654, 40.64790532909262], [93.75894687838877, 40.66422768027467], [93.81943012640373, 40.793104525232394], [93.80830905734446, 40.87910600393764], [94.0090711431019, 41.114294462854396], [94.18280089459064, 41.26779429899024], [94.5329873021453, 41.505463834683965], [94.7490499165536, 41.53762259049631], [94.86071786169813, 41.66801426114775], [94.96778400514994, 41.71845447650566], [95.13434480152453, 41.772244714979095], [95.16335744745042, 41.73478163969191], [95.19793210416816, 41.71876058996079], [95.19299438210076, 41.694173291714044], [95.2460366390723, 41.61282870869854], [95.29833760861283, 41.565331814698624], [95.33397696310669, 41.643587850706986], [95.39239869560484, 41.69269601192524], [95.5703209167182, 41.79576735404783], [95.65530748390681, 41.82561239642099], [95.85443452890983, 41.84926502453141], [96.05379146404016, 41.93542137389566], [96.11601025416707, 41.98524256265843], [96.13638345540612, 42.01907333876687], [96.13761683697628, 42.05330917581222], [96.07593648345046, 42.14877717444888], [96.17715962771953, 42.217171436150096], [96.03963959544724, 42.32609061368537], [96.06484849038216, 42.41402401083134], [95.9776085104894, 42.436337636593024], [96.01629131862978, 42.48169117190945], [96.0224313779094, 42.542095466968235], [96.07099725141207, 42.568876351340144], [96.10241792145457, 42.60365873924979], [96.385341855886, 42.72681847022828]]]}}, {"type": "Feature", "properties": {"adcode": 710000, "name": "台湾省", "count": 0}, "geometry": {"type": "Polygon", "coordinates": [[[120.43938987738787, 22.443308385295172], [120.51354824684897, 22.410870970575086], [120.56604480961205, 22.36395200021898], [120.63688053069717, 22.243775459523057], [120.65533392116316, 22.156182264984057], [120.65779779166763, 22.0691114312749], [120.64734771739091, 22.035287018450024], [120.69776893029199, 21.929173471909447], [120.73899708072702, 21.917471181328775], [120.77782093054768, 21.925818105437557], [120.85063241748261, 21.885397651441497], [120.869136682155, 21.89930816296039], [120.86234689741686, 21.986473439898443], [120.90363440176526, 22.035334917034117], [120.9110044876838, 22.30472733738635], [120.97736686796058, 22.530300703552022], [121.01051194989128, 22.586005821682495], [121.02892714033077, 22.652774503697295], [121.16625143448614, 22.725070438103685], [121.20635260477732, 22.77257765811515], [121.23347387383383, 22.83821518444579], [121.32021374625934, 22.947222023676215], [121.350329383137, 23.011585727935195], [121.36631397475135, 23.085853683567855], [121.40509591540885, 23.10398726893189], [121.42605400228467, 23.138654106854794], [121.41063530271816, 23.197471015177022], [121.43591582978445, 23.273338524515296], [121.47543456180726, 23.323968297049337], [121.61733361783442, 23.922181764048716], [121.65546276520728, 24.008512227199542], [121.63578084039084, 24.06592112380573], [121.63946916820832, 24.099235574199703], [121.6738986221904, 24.13521410542598], [121.68496337212237, 24.175588875158862], [121.80509242160288, 24.340296364290687], [121.82237417971072, 24.424770158847988], [121.86372934708024, 24.480371882931838], [121.88161373515318, 24.53099721274463], [121.88838916652303, 24.619098652732283], [121.83717014100957, 24.735303255076605], [121.84086765853938, 24.83735118426174], [121.9290121374561, 24.939338337761665], [122.00827044909674, 25.001996653844472], [121.97694756612132, 25.03134412450729], [121.94315169025083, 25.032511459632254], [121.91299673190261, 25.13866924696632], [121.837759641431, 25.135904578027738], [121.77788098563241, 25.160697572544358], [121.74089316203664, 25.16230302732767], [121.703342232581, 25.19209277980453], [121.69595904349939, 25.227262469368956], [121.65107389316663, 25.242487869448446], [121.61908559316629, 25.294979277516756], [121.58089892083348, 25.3095846164201], [121.53091143831682, 25.307881975083028], [121.44009397084199, 25.270878947733618], [121.40864152115464, 25.238940145316416], [121.36739721004298, 25.15997961045359], [121.31514476252131, 25.1411287681303], [121.204957360867, 25.12764913713072], [121.12845332519045, 25.07879960039475], [121.02016739977603, 25.04098372942576], [121.00543723545212, 24.994440289769344], [120.91083707955195, 24.86563388427077], [120.88805916235629, 24.76850568050077], [120.81959411907076, 24.689123869513818], [120.75791368386525, 24.65915953548057], [120.68468250187836, 24.60160535709832], [120.63857989699633, 24.491266153967555], [120.54245905238722, 24.37144857032141], [120.46644846871389, 24.243670694213062], [120.4473002860357, 24.183606604695985], [120.38747339111555, 24.11913742216273], [120.27365349911356, 23.92912913701153], [120.24162422316161, 23.841609690127385], [120.17064647274769, 23.808682059388826], [120.09781195618623, 23.702350540908114], [120.09042166008099, 23.588907583242943], [120.11694696213182, 23.506109886624746], [120.10338628508964, 23.342543148468213], [120.0768875872754, 23.293115101781034], [120.01415894426789, 23.074983691174328], [120.0252234259052, 23.050192286475255], [120.12870726106235, 23.002231487096513], [120.1447681926754, 22.89816966220209], [120.19604140106073, 22.7229347008898], [120.27005102115736, 22.56229717530843], [120.29282631940075, 22.533534410390594], [120.43938987738787, 22.443308385295172]]]}}, {"type": "Feature", "properties": {"adcode": 710000, "name": "台湾省", "count": 0}, "geometry": {"type": "Polygon", "coordinates": [[[124.5382973618812, 25.903838684150926], [124.580244957074, 25.908743991852653], [124.56236322234398, 25.94154978316279], [124.5382973618812, 25.903838684150926]]]}}, {"type": "Feature", "properties": {"adcode": 710000, "name": "台湾省", "count": 0}, "geometry": {"type": "Polygon", "coordinates": [[[123.44033511996041, 25.725876283915138], [123.46502895662807, 25.712459187569287], [123.5039472260358, 25.72281139481609], [123.50765201104058, 25.75515383251616], [123.47428902942366, 25.76852513801225], [123.44095033163532, 25.74958751134619], [123.44033511996041, 25.725876283915138]]]}}, {"type": "Feature", "properties": {"adcode": 710000, "name": "台湾省", "count": 0}, "geometry": {"type": "Polygon", "coordinates": [[[119.6414166225518, 23.552505220974503], [119.68631923773405, 23.548582670265247], [119.6733980656943, 23.60179222225787], [119.60571305945884, 23.605729510540794], [119.59709062769139, 23.577224729655896], [119.56193963741012, 23.58652402428639], [119.55762337185172, 23.53223029655897], [119.57428544461916, 23.50427693114216], [119.60448797350341, 23.505378279305656], [119.6414166225518, 23.552505220974503]]]}}, {"type": "Feature", "properties": {"adcode": 710000, "name": "台湾省", "count": 0}, "geometry": {"type": "Polygon", "coordinates": [[[123.66229425694021, 25.914066885957634], [123.70225225223383, 25.915071128146778], [123.68503502515276, 25.93985194372644], [123.66229425694021, 25.914066885957634]]]}}, {"type": "Feature", "properties": {"adcode": 710000, "name": "台湾省", "count": 0}, "geometry": {"type": "Polygon", "coordinates": [[[119.5013912414302, 23.62694639578043], [119.5013946488928, 23.57870567050378], [119.46739931719566, 23.55831801450406], [119.51437761864533, 23.561196761795117], [119.5205534929097, 23.626453799711854], [119.5013912414302, 23.62694639578043]]]}}, {"type": "Feature", "properties": {"adcode": 710000, "name": "台湾省", "count": 0}, "geometry": {"type": "Polygon", "coordinates": [[[119.49275341384418, 23.388302736219682], [119.4902829880918, 23.351508688161367], [119.51191953321052, 23.351572857182767], [119.49275341384418, 23.388302736219682]]]}}, {"type": "Feature", "properties": {"adcode": 710000, "name": "台湾省", "count": 0}, "geometry": {"type": "Polygon", "coordinates": [[[119.55267463242492, 23.668177204146534], [119.60386393632868, 23.621627562823775], [119.61063648576676, 23.662727203503575], [119.58167372688722, 23.677525267162427], [119.55267463242492, 23.668177204146534]]]}}, {"type": "Feature", "properties": {"adcode": 710000, "name": "台湾省", "count": 0}, "geometry": {"type": "Polygon", "coordinates": [[[122.06230765165952, 25.62453266164559], [122.08261981140774, 25.61049091900791], [122.0881601515043, 25.63907106352682], [122.06230765165952, 25.62453266164559]]]}}, {"type": "Feature", "properties": {"adcode": 710000, "name": "台湾省", "count": 0}, "geometry": {"type": "Polygon", "coordinates": [[[121.46373947012493, 22.678714709478974], [121.47053672740724, 22.645610867260476], [121.50946850017007, 22.63357784552282], [121.51070160632435, 22.678298838809607], [121.46373947012493, 22.678714709478974]]]}}, {"type": "Feature", "properties": {"adcode": 710000, "name": "台湾省", "count": 0}, "geometry": {"type": "Polygon", "coordinates": [[[121.50641466187437, 22.088984199266445], [121.50332693178602, 22.050698785265777], [121.52989682105124, 22.024139234357595], [121.5903646393162, 21.997586898938174], [121.60083507329642, 22.024780212786652], [121.57125168676711, 22.039197372277464], [121.57186547547201, 22.086353243203877], [121.50641466187437, 22.088984199266445]]]}}, {"type": "Feature", "properties": {"adcode": 710000, "name": "台湾省", "count": 0}, "geometry": {"type": "Polygon", "coordinates": [[[122.0930991578794, 25.499875968520065], [122.10604409166851, 25.465869106758742], [122.11775794701093, 25.49556973389387], [122.0930991578794, 25.499875968520065]]]}}, {"type": "Feature", "properties": {"adcode": 710000, "name": "台湾省", "count": 0}, "geometry": {"type": "Polygon", "coordinates": [[[119.41617995273278, 23.218399599028306], [119.43098743591668, 23.18763495082568], [119.44827117014943, 23.21789881428592], [119.41617995273278, 23.218399599028306]]]}}, {"type": "Feature", "properties": {"adcode": 710000, "name": "台湾省", "count": 0}, "geometry": {"type": "Polygon", "coordinates": [[[120.35066172324582, 22.32932713399491], [120.3912899375905, 22.34423099065369], [120.37897068067167, 22.357521563358674], [120.35066172324582, 22.32932713399491]]]}}, {"type": "Feature", "properties": {"adcode": 810000, "name": "香港特别行政区", "count": 0}, "geometry": {"type": "Polygon", "coordinates": [[[114.02642200677077, 22.5059566322132], [113.99569944879991, 22.4933315117727], [113.97235357960739, 22.459120939462856], [113.91330616420984, 22.42051863044334], [113.91515716537799, 22.37016619653468], [113.9465425673038, 22.357390035819837], [113.97481774659008, 22.36838656513071], [114.02090041808994, 22.349984832253725], [113.95023518573957, 22.300913771337083], [113.96437333519977, 22.32357963998306], [113.89297935935068, 22.31094326527029], [113.88434961362445, 22.27383708706507], [113.83806200493407, 22.23167838958448], [113.84424021431883, 22.193453898289], [113.89421839603568, 22.217888074527202], [113.93055722305395, 22.207333854459925], [113.97605570922188, 22.232163036377006], [113.99141713499046, 22.208290941805334], [114.02090824827087, 22.2314755199691], [113.99940165601332, 22.24151082745135], [114.02459391643353, 22.265258040705355], [114.02950816924846, 22.30290478434313], [114.06456710437297, 22.328857947999232], [114.11571937306522, 22.322760554493435], [114.1404093566351, 22.30286077563315], [114.11510557616718, 22.274030339988084], [114.15955859791796, 22.228671916173848], [114.19537525373082, 22.234276857298045], [114.19784662421743, 22.208792350984563], [114.26074829584661, 22.202729672998966], [114.24349133315499, 22.27697206230994], [114.25704613962326, 22.296906412521512], [114.27983033981695, 22.265872267041537], [114.30813133930438, 22.266381558878567], [114.310589508875, 22.301820482420045], [114.27305446135338, 22.33066851273045], [114.27797570889628, 22.388777086545456], [114.31796396257191, 22.387604633964827], [114.35179517125515, 22.342160807971492], [114.3893422462862, 22.36370795488971], [114.38010093589767, 22.41351322415162], [114.40104467582421, 22.43563312529567], [114.37086470068148, 22.43841289460877], [114.32041810863294, 22.481076444125748], [114.27366316809476, 22.43801777616778], [114.21511352465751, 22.42972069749033], [114.20030035276986, 22.45182534236107], [114.2280658345844, 22.468998317649582], [114.24779473506628, 22.447435229136662], [114.33579120016748, 22.505371515000974], [114.30442529994171, 22.499349946587955], [114.25518147202318, 22.549703950127796], [114.22744499149455, 22.530911532831404], [114.2175735840995, 22.55521830831118], [114.16077095894029, 22.561204980462502], [114.1515083541141, 22.54571722939897], [114.08980528650928, 22.536261102549364], [114.07686941866955, 22.51415884062578], [114.02642200677077, 22.5059566322132]]]}}, {"type": "Feature", "properties": {"adcode": 810000, "name": "香港特别行政区", "count": 0}, "geometry": {"type": "Polygon", "coordinates": [[[114.13732871679476, 22.21588969717601], [114.11819309853115, 22.24079804182585], [114.11511181845314, 22.179838624710996], [114.14967972039024, 22.179886884821155], [114.16141198438264, 22.207065487365337], [114.13732871679476, 22.21588969717601]]]}}, {"type": "Feature", "properties": {"adcode": 810000, "name": "香港特别行政区", "count": 0}, "geometry": {"type": "Polygon", "coordinates": [[[114.30074337769283, 22.37435589766455], [114.3087414984565, 22.34279304337321], [114.32780605330159, 22.355487739744206], [114.30074337769283, 22.37435589766455]]]}}, {"type": "Feature", "properties": {"adcode": 820000, "name": "澳门特别行政区", "count": 0}, "geometry": {"type": "Polygon", "coordinates": [[[113.54907219609566, 22.109754375731303], [113.59840726148023, 22.13474884673423], [113.55338606981141, 22.21453544346384], [113.53300823842933, 22.211721817842157], [113.5293046310174, 22.176243242590374], [113.54906991016294, 22.14468828787708], [113.54907219609566, 22.109754375731303]]]}}, {"type": "Feature", "properties": {"adcode": "100000_JD", "name": "", "count": 0}, "geometry": {"type": "Polygon", "coordinates": [[[122.51468213396986, 23.462265159815207], [122.79443627704559, 24.574696982330412], [122.78716951273483, 24.58681387415339], [122.77502306261644, 24.579546882140384], [122.49522749179945, 23.467084499858142], [122.50250886092961, 23.454974966690727], [122.51468213396986, 23.462265159815207]]]}}, {"type": "Feature", "properties": {"adcode": "100000_JD", "name": "", "count": 0}, "geometry": {"type": "Polygon", "coordinates": [[[121.1678893303365, 20.80760785545564], [121.90557964333532, 21.689517347975166], [121.90432079515348, 21.703604844848616], [121.89022930912556, 21.7023464877351], [121.15251633874317, 20.820400356799986], [121.15377739083557, 20.8063243986662], [121.1678893303365, 20.80760785545564]]]}}, {"type": "Feature", "properties": {"adcode": "100000_JD", "name": "", "count": 0}, "geometry": {"type": "Polygon", "coordinates": [[[119.46905435769831, 18.01023452054994], [120.02138926600774, 19.026823051553215], [120.01737911736042, 19.040382657848475], [120.0038508401195, 19.036407906665644], [119.45142430611038, 18.019733285589048], [119.45545413196989, 18.00618120545532], [119.46905435769831, 18.01023452054994]]]}}, {"type": "Feature", "properties": {"adcode": "100000_JD", "name": "", "count": 0}, "geometry": {"type": "Polygon", "coordinates": [[[119.06809337547668, 15.043592712595187], [119.06803921983838, 16.04682110335101], [119.0580533630341, 16.056841462552292], [119.04807292157015, 16.04685245350246], [119.04763788258747, 15.010454537980863], [119.06560813891743, 15.004281302543795], [119.06809337547668, 15.043592712595187]]]}}, {"type": "Feature", "properties": {"adcode": "100000_JD", "name": "", "count": 0}, "geometry": {"type": "Polygon", "coordinates": [[[118.68234484654465, 11.19212572709326], [118.51992345098238, 10.9151156275544], [118.52755047350884, 10.903212735838489], [118.53835703075103, 10.907932291358945], [118.70060871269952, 11.183977848653955], [118.87055258293138, 11.610160594970099], [118.9847355596073, 11.988440428181336], [118.9780771263949, 12.000931790217463], [118.96564805108585, 11.994285126730183], [118.85150762977294, 11.616335424271465], [118.68234484654465, 11.19212572709326]]]}}, {"type": "Feature", "properties": {"adcode": "100000_JD", "name": "", "count": 0}, "geometry": {"type": "Polygon", "coordinates": [[[115.54053238768114, 7.148407741536436], [116.24642387514785, 7.980809290553321], [116.24526188940759, 7.994909026280087], [116.2311600090172, 7.9937433618617115], [115.52523623664565, 7.161297006314698], [115.52640119311049, 7.1472125828409006], [115.54053238768114, 7.148407741536436]]]}}, {"type": "Feature", "properties": {"adcode": "100000_JD", "name": "", "count": 0}, "geometry": {"type": "Polygon", "coordinates": [[[112.30705249, 3.53487257], [111.78690114, 3.41687263], [111.77936129, 3.40490807], [111.79132585, 3.39736822], [112.31181658, 3.51544515], [112.52147408, 3.5785908], [112.85206367, 3.73256867], [112.85690272, 3.74585715], [112.84361424, 3.7506962], [112.51501594, 3.59753306], [112.30705249, 3.53487257]]]}}, {"type": "Feature", "properties": {"adcode": "100000_JD", "name": "", "count": 0}, "geometry": {"type": "Polygon", "coordinates": [[[108.25706994027509, 6.090946084796298], [108.288192352341, 6.011726310139978], [108.30590644373467, 6.01856135224613], [108.276062057924, 6.097243698225639], [108.21327109658397, 6.540000812632208], [108.21522583335714, 6.9513144442199595], [108.24081660367274, 7.078656581367053], [108.22975204286475, 7.087463868074537], [108.19519871949554, 6.952370258388865], [108.19323516587761, 6.539413328285758], [108.25706994027509, 6.090946084796298]]]}}, {"type": "Feature", "properties": {"adcode": "100000_JD", "name": "", "count": 0}, "geometry": {"type": "Polygon", "coordinates": [[[110.12396036923947, 11.371314359758653], [110.05129549112814, 11.25573898394113], [110.05443203035051, 11.241944411257537], [110.06820061805233, 11.245066200999435], [110.2031428468333, 11.484413457900958], [110.25489788735591, 11.607578515308889], [110.30017950312784, 11.7852132421099], [110.32408870443328, 11.949487220360213], [110.3209301599125, 12.252518619353667], [110.30806078444992, 12.242768548650446], [110.30415688512117, 11.950705442278968], [110.28070346806291, 11.789682245382588], [110.23570550288021, 11.613249124078955], [110.12396036923947, 11.371314359758653]]]}}, {"type": "Feature", "properties": {"adcode": "100000_JD", "name": "", "count": 0}, "geometry": {"type": "Polygon", "coordinates": [[[109.82535917896371, 15.231931030033682], [109.84221043103868, 15.153236301340538], [109.85294411055052, 15.148418453747478], [109.86071812552197, 15.160250376230204], [109.78550915469052, 15.453604810371102], [109.68584594087874, 15.6785263249095], [109.52785652721586, 15.925820467490674], [109.29335161195381, 16.213769838790657], [109.28892683258458, 16.19820641793879], [109.51154404069572, 15.914132770458911], [109.66847421908618, 15.66868391462279], [109.7663936537446, 15.447587548891748], [109.82535917896371, 15.231931030033682]]]}}]}